approval_rate,default_rate,expected_profit,npv,cumulative_reward,capital_usage_mean,reward_volatility,stability_index,threshold_volatility,controller,controller_type,scenario_name,seed,run_id,experiment_group,ablation_name
0.8359301227573183,0.06325896639367411,498097.06209317275,488541.8434212876,597376.4580031559,0.7298652536780784,48712.32402358529,2.0528264495271043e-05,0.0,dqn,agent,base_market,11000,0,main,
0.8392775491540924,0.053391446472350855,569842.1062234185,559145.6047898376,687731.6488694674,0.7479161430608966,50733.697789404185,1.9710376597706815e-05,0.0,dqn,agent,base_market,11001,1,main,
0.8359657039711191,0.06396761133603239,540821.9483616209,530168.3929637489,651257.3318686474,0.7556104633765445,43165.44036362941,2.3166144615495477e-05,0.0,dqn,agent,base_market,11002,2,main,
0.8429136606935071,0.06460519050248481,476305.6364145166,467387.85109635803,571146.4183567333,0.7286617382759667,47168.54624129034,2.1200119137983987e-05,0.0,dqn,agent,base_market,11003,3,main,
0.8266638133961053,0.06575200621278798,524074.2788563691,513932.63150956586,631335.6841475081,0.7928978075106419,41487.05022940921,2.4103326005210538e-05,0.0,dqn,agent,drift,11100,0,main,
0.8180004433606739,0.07073170731707316,489367.20378178894,479186.9715121219,588400.6486242748,0.7477949835512476,37411.261882205705,2.6729204535896488e-05,0.0,dqn,agent,drift,11101,1,main,
0.8204401830464153,0.07091633466135458,491241.68925415387,481529.974747955,590660.1984649282,0.7788846693155184,43517.552631225786,2.2978705392018755e-05,0.0,dqn,agent,drift,11102,2,main,
0.8201782996303544,0.07237539766702014,475527.9111147273,465813.28642462345,570116.2497397002,0.7647946308167806,33608.862728063235,2.9753171207242978e-05,0.0,dqn,agent,drift,11103,3,main,
0.8010996892182644,0.07520143240823635,470950.41950040404,461278.29040205246,564391.5960228236,0.7986616109539492,35374.488223562155,2.8268161097319957e-05,0.0,dqn,agent,adverse_stress,11200,0,main,
0.8019239177962396,0.08042529989094875,416686.0845238166,408392.39873803477,498455.74385468644,0.8493747704544697,32218.769757858874,3.1036845002782344e-05,0.0,dqn,agent,adverse_stress,11201,1,main,
0.8078219824679703,0.0781858653311074,465306.94944070367,455768.2364597618,558480.9528602442,0.8459686484517293,37219.50229952058,2.6866913077980697e-05,0.0,dqn,agent,adverse_stress,11202,2,main,
0.8044613194114856,0.08141592920353982,410025.0215923141,401475.83112722216,486878.1557469326,0.8150828385323137,29534.697142744346,3.38573352498523e-05,0.0,dqn,agent,adverse_stress,11203,3,main,
0.8177686889343331,0.0666851903306474,491157.16998136096,481290.1096197365,589904.3384631767,0.682915834497343,45794.492416518544,2.18362102301426e-05,0.0,dqn,agent,class_imbalance_shift,11300,0,main,
0.816569240072566,0.07529005183905209,519806.7916286521,509049.7313429941,626058.6735792088,0.778890763070211,44519.498163686316,2.246156357737394e-05,0.0,dqn,agent,class_imbalance_shift,11301,1,main,
0.8135331716993608,0.07098347331346519,450802.7637807828,442014.91741434025,540345.1167468497,0.7072870446668722,37490.706363642756,2.6672565668276463e-05,0.0,dqn,agent,class_imbalance_shift,11302,2,main,
0.8174193548387096,0.06998158379373849,491138.40130005195,481675.7604328306,589094.084318826,0.7100344125068551,44015.27047786997,2.2718871661395513e-05,0.0,dqn,agent,class_imbalance_shift,11303,3,main,
0.7957864496049797,0.06678700361010831,461139.1584954456,452325.0674071902,554259.6198103309,0.6684359464919891,48297.952890419,2.0704382603672733e-05,0.0,dqn,agent,noise,11400,0,main,
0.783359497645212,0.0572573718866304,530101.2060888459,519853.7460653369,641045.059013884,0.7242358894064436,43733.997311038824,2.286498368544766e-05,0.0,dqn,agent,noise,11401,1,main,
0.7914027149321267,0.05431675242995998,534866.3163361002,524881.1513160802,646481.604220878,0.7159100007560208,49176.27141178076,2.0334597087069026e-05,0.0,dqn,agent,noise,11402,2,main,
0.7932339720842205,0.06382344169400536,489961.7025707413,480496.9606627769,590425.8777440004,0.6917623630821749,48858.05821026744,2.046703388543531e-05,0.0,dqn,agent,noise,11403,3,main,
0.8334104581212401,0.06524153248195447,511221.39004856406,501224.81196120096,614969.4176202588,0.745840614685207,38875.01813623216,2.572279898871658e-05,0.0,dqn,agent,split_policy_dynamics,11500,0,main,
0.8381206858160766,0.06748140276301806,533751.5107650083,523461.95781432325,642239.0881789409,0.7650064185045179,48775.49584992673,2.0501677756367612e-05,0.0,dqn,agent,split_policy_dynamics,11501,1,main,
0.8239120681920143,0.05717397222978492,579613.2378352392,568760.0598791586,700709.9862521695,0.753092740955425,46416.86797227105,2.154342807380504e-05,0.0,dqn,agent,split_policy_dynamics,11502,2,main,
0.8336195792185487,0.06052021632758177,571392.5174432432,560623.0745360089,689933.3000813184,0.7907119998542947,50435.874402195805,1.9826763887582698e-05,0.0,dqn,agent,split_policy_dynamics,11503,3,main,
0.7528328611898017,0.05895264973345876,453226.6467213001,444577.84367597464,547051.2970117709,0.6670442536185033,44175.06992965394,2.2636689990585445e-05,0.0,double_dqn,agent,base_market,11000,0,main,
0.7533150434385002,0.050986342943854325,520386.60775637114,510594.14793644496,630571.2933866088,0.6828799219997133,44715.255360538235,2.2363232161038524e-05,0.0,double_dqn,agent,base_market,11001,1,main,
0.7540613718411552,0.06223818073010173,494415.7739597447,484775.59703588975,597801.8171258165,0.6925088693637437,40374.71636243369,2.4767362417138894e-05,0.0,double_dqn,agent,base_market,11002,2,main,
0.7561089131952525,0.06463527239150507,422072.21812127565,414241.91090696154,508165.92116577853,0.6656819411412063,41590.01795496132,2.4043652912821092e-05,0.0,double_dqn,agent,base_market,11003,3,main,
0.7395677295099508,0.0630787037037037,472398.4781785784,463399.185027618,571582.0231769267,0.7199531355103683,36743.477444040574,2.721497404672401e-05,0.0,double_dqn,agent,drift,11100,0,main,
0.7262247838616714,0.07112332112332112,422839.9185669704,413966.2997418961,510315.39029449667,0.6754508244041454,30182.514585383167,3.3130667973446185e-05,0.0,double_dqn,agent,drift,11101,1,main,
0.7273915885813903,0.06740563211503894,438398.78520039865,429802.3872442857,529430.0475808871,0.7052804780979393,39055.20591135713,2.560412555867877e-05,0.0,double_dqn,agent,drift,11102,2,main,
0.7347249402043923,0.0665877478543948,454750.6601565108,445626.92932037637,548831.5589969477,0.7016645474943081,33370.79760254545,2.9965422058167e-05,0.0,double_dqn,agent,drift,11103,3,main,
0.7186229978484341,0.06753160345974717,460018.85941493104,450683.688649202,555470.6856173048,0.7296619404653287,34117.765185868535,2.9309384280243077e-05,0.0,double_dqn,agent,adverse_stress,11200,0,main,
0.7144731088762571,0.0777233782129743,384391.9548779665,376751.5435243868,463161.91481482063,0.7704987997585913,29372.095680491027,3.40447602417398e-05,0.0,double_dqn,agent,adverse_stress,11201,1,main,
0.7230838390649584,0.07522536524712466,432847.94047321274,423976.2300416931,522850.871489937,0.7708034289822068,35637.58062207526,2.8059478872191104e-05,0.0,double_dqn,agent,adverse_stress,11202,2,main,
0.7242524916943521,0.07830930537352555,371087.26355137466,363379.59664672066,445166.0581099822,0.7504744569033246,24651.602146716476,4.056366926495797e-05,0.0,double_dqn,agent,adverse_stress,11203,3,main,
0.7302885707793684,0.06596141879278158,444236.4359886438,435268.89543881064,535884.449275781,0.6202221775407859,41252.96094867578,2.424009663566861e-05,0.0,double_dqn,agent,class_imbalance_shift,11300,0,main,
0.7153799637169925,0.07269653423499578,469213.7732752391,459661.46540805174,568659.8022498422,0.6963699751638318,40440.98684726538,2.4726777242093342e-05,0.0,double_dqn,agent,class_imbalance_shift,11301,1,main,
0.7205201675115716,0.06821657999388192,408210.2407583002,400418.7992847265,492536.75048982,0.6356430431209249,35203.462023995104,2.840549017105864e-05,0.0,double_dqn,agent,class_imbalance_shift,11302,2,main,
0.7139784946236559,0.0677710843373494,440060.39733510185,431480.0833263999,531172.326427679,0.6343578730093408,37353.16024942179,2.6770779836108862e-05,0.0,double_dqn,agent,class_imbalance_shift,11303,3,main,
0.7359348814938952,0.06083279115159401,443288.1480364061,434864.65253713867,535314.0240234421,0.6279909473670701,45084.45870432485,2.2180100385760842e-05,0.0,double_dqn,agent,noise,11400,0,main,
0.7239291320923974,0.05514250309789343,499943.33163116354,490192.16681230115,606551.9077807826,0.6778227213230981,40321.388205881776,2.4800118358419338e-05,0.0,double_dqn,agent,noise,11401,1,main,
0.7321266968325791,0.0519159456118665,509164.23599724076,499638.4679373754,617512.7806897577,0.6717847970441425,45635.0862080592,2.1912483805927313e-05,0.0,double_dqn,agent,noise,11402,2,main,
0.7336172226165129,0.0599806514027733,466823.15619536274,457816.26018923527,564631.8045103912,0.6497794864973288,45907.85159126629,2.1782291765935616e-05,0.0,double_dqn,agent,noise,11403,3,main,
0.7538176770013882,0.06108041743400859,484077.42884686735,474709.7786309439,585369.6923078849,0.6863337545466138,37591.09349782682,2.6601338392016117e-05,0.0,double_dqn,agent,split_policy_dynamics,11500,0,main,
0.7535070140280561,0.06471631205673758,489068.6739619931,479724.71120600495,590523.2409130528,0.6998946253429348,41928.81280119295,2.384937907405942e-05,0.0,double_dqn,agent,split_policy_dynamics,11501,1,main,
0.7377747868999551,0.054727880814837336,533931.9613782199,523895.74338874506,648277.3794229483,0.6880242641784657,41785.81989366431,2.3930990741691242e-05,0.0,double_dqn,agent,split_policy_dynamics,11502,2,main,
0.7479604980678403,0.05797933409873708,525235.0680623623,515302.9238232722,636981.5028620474,0.721779209604037,45841.804516579374,2.181367415334162e-05,0.0,double_dqn,agent,split_policy_dynamics,11503,3,main,
0.48347497639282344,0.05078125,321092.82229322445,314700.0035531572,390859.26839476475,0.44764414620875276,25494.427075785992,3.922272009907766e-05,14.0,a3c,agent,base_market,11000,0,main,
0.44558756287151347,0.04874294510005131,337922.0165904424,331348.58310483425,411944.3435123415,0.42185888989935305,27809.762168901845,3.5957302929230963e-05,13.45362404707371,a3c,agent,base_market,11001,1,main,
0.447427797833935,0.059001512859304085,318869.623338592,312577.79253395984,387103.95450531517,0.43794731557214023,22562.49855955489,4.431936817601955e-05,15.937377450509228,a3c,agent,base_market,11002,2,main,
0.440539911566209,0.05705229793977813,278801.0958459233,273636.0252501035,338020.8066865122,0.4270750160777252,23555.644484628407,4.245086776482692e-05,12.665306944563168,a3c,agent,base_market,11003,3,main,
0.4436122405307083,0.054027978774722624,304441.5700108489,298410.4320863177,370819.9246138092,0.4503182615124217,20929.664318177565,4.777679221254025e-05,14.106735979665885,a3c,agent,drift,11100,0,main,
0.39037907337619154,0.06643952299829642,257198.74283036275,251870.7200653634,311896.2601064148,0.3956970034667761,18547.048938956163,5.391402639119182e-05,12.1,a3c,agent,drift,11101,1,main,
0.44911745478317716,0.06792819019893255,277312.2591055176,271600.71704890765,336205.9526482471,0.46082750818273094,23109.574773654655,4.3270234937642885e-05,13.892443989449804,a3c,agent,drift,11102,2,main,
0.3898673624701022,0.06860011154489683,230083.78315365076,225063.14322723728,277983.97745952127,0.41227324356890327,11985.51325968882,8.342709663226626e-05,11.722201158485552,a3c,agent,drift,11103,3,main,
0.3958881185751853,0.06219806763285024,270824.43943343905,265482.25466156675,328922.19466375484,0.4425849251753359,20073.159492046074,4.981528618402315e-05,15.113239229232097,a3c,agent,adverse_stress,11200,0,main,
0.39921294271972013,0.07502738225629792,235024.17765521063,230188.5717806609,285021.00816780934,0.4622737381834007,14890.789270907064,6.715109795124637e-05,11.832159566199232,a3c,agent,adverse_stress,11201,1,main,
0.4117779276241852,0.06222707423580786,303783.72949561547,297268.9943653984,369606.8740438623,0.46868123940307077,23138.6229907157,4.321591585140474e-05,15.277761616153068,a3c,agent,adverse_stress,11202,2,main,
0.42524916943521596,0.07477678571428571,241034.75879934293,235833.32937270918,292379.9540188062,0.4714572862728967,15238.710544824504,6.56180441917649e-05,12.54631419979589,a3c,agent,adverse_stress,11203,3,main,
0.4021813224267212,0.060451977401129946,265696.3614376843,260045.25386323934,319479.505040428,0.3778886080268655,18217.970628760435,5.488784302782737e-05,16.137224048763777,a3c,agent,class_imbalance_shift,11300,0,main,
0.439629107034872,0.06923429619440624,297556.77122462314,291440.3593844435,360704.5412877383,0.4399844725482912,25093.052905225853,3.985007937046906e-05,15.7797338380595,a3c,agent,class_imbalance_shift,11301,1,main,
0.43729336566012783,0.07106854838709678,244359.44584372707,239335.96030047635,296522.25828699925,0.40951388164684616,19631.663716909155,5.093552329013425e-05,10.954451150103322,a3c,agent,class_imbalance_shift,11302,2,main,
0.4582795698924731,0.06241201313937119,287356.16571000166,281424.6181718552,350069.8232332397,0.4218751407941871,18399.981448894145,5.434492734951905e-05,11.045361017187261,a3c,agent,class_imbalance_shift,11303,3,main,
0.44529566674646875,0.05913978494623656,281720.1914558584,276088.00949856715,342327.17848868505,0.4004788109393544,25182.121454584238,3.970913620868726e-05,16.06237840420901,a3c,agent,noise,11400,0,main,
0.4606413994169096,0.05209347614410906,331813.90006751695,325269.2327300285,405809.9579580021,0.4522503295610563,27425.66762388155,3.6460864065354335e-05,13.892443989449804,a3c,agent,noise,11401,1,main,
0.4459276018099548,0.05276509386098427,317278.73839594296,311182.829805755,387576.3478421263,0.4339467631887049,25067.126149502194,3.9891294388585884e-05,13.601470508735444,a3c,agent,noise,11402,2,main,
0.4681807428436243,0.060131379484588174,308798.66799010173,302850.30118069134,377148.4609353645,0.43708190682705383,31496.31046128339,3.174874252292759e-05,14.422205101855956,a3c,agent,noise,11403,3,main,
0.44447015270708007,0.05674128058302967,302133.48402900575,295993.3479468373,367400.11264859646,0.4332810047663533,19778.08641975101,5.0558452436985134e-05,15.7797338380595,a3c,agent,split_policy_dynamics,11500,0,main,
0.434647071921621,0.061987704918032786,292104.9238414116,286291.1059179225,354928.2649639372,0.43350228382558054,23105.32094963055,4.327820089489362e-05,14.730919862656235,a3c,agent,split_policy_dynamics,11501,1,main,
0.4609690444145357,0.0535279805352798,333561.042173355,327242.63720779365,408054.89757905493,0.4444983780433975,26724.771996644457,3.7417066946674344e-05,11.958260743101398,a3c,agent,split_policy_dynamics,11502,2,main,
0.43838557320738514,0.058765915768854066,301341.46029011346,295636.692176631,367060.108691926,0.4540040741943043,26678.74902126596,3.7481611959802076e-05,12.84523257866513,a3c,agent,split_policy_dynamics,11503,3,main,
0.5,0.05193578847969783,320226.8778309048,314277.520963817,393335.97580865247,0.4844975468051936,29861.58788001826,3.348671602132389e-05,1.4142135623730951,a2c,agent,base_market,11000,0,main,
0.4883401920438957,0.04260299625468165,356805.2413128732,350315.54629120906,439689.08336476516,0.4835952134873261,27359.57740491185,3.654893627429358e-05,1.8681541692269406,a2c,agent,base_market,11001,1,main,
0.5015794223826715,0.05668016194331984,319205.1320279556,313050.02149697195,392341.8371486623,0.49772335381302474,20126.723723936513,4.968271691899114e-05,1.98997487421324,a2c,agent,base_market,11002,2,main,
0.5157086339306493,0.05776173285198556,301232.9166553656,295611.2880516543,369704.734775333,0.48726854807123365,28019.07173256868,3.5688702353951014e-05,1.7320508075688772,a2c,agent,base_market,11003,3,main,
0.4825593836935587,0.05631929046563193,308204.39492101164,302349.17187091114,379368.06475072587,0.5062660017593896,22398.295451800994,4.4644261340800164e-05,1.4142135623730951,a2c,agent,drift,11100,0,main,
0.47084903569053427,0.059322033898305086,297924.4057555825,291570.74141472497,366655.19523665076,0.47388558692613186,17662.46088420879,5.661404673497504e-05,1.9899748742132397,a2c,agent,drift,11101,1,main,
0.4780998038788407,0.05606198723792161,318813.1323883872,312624.2723335784,392290.6574618032,0.5080792591829171,23692.557508631748,4.220556578030514e-05,1.8681541692269406,a2c,agent,drift,11102,2,main,
0.49402043922591865,0.06029929577464789,315758.5755475343,309535.1828356153,387929.37541839154,0.5114818532927736,21131.333556892667,4.732085064376779e-05,1.8681541692269406,a2c,agent,drift,11103,3,main,
0.46354291178579965,0.05724600309437854,312675.90811044327,306290.7774070119,385130.10423038865,0.5166855011721673,18365.83825007451,5.444595233999751e-05,1.2206555615733705,a2c,agent,adverse_stress,11200,0,main,
0.4665500655881067,0.06747891283973759,284735.56500279607,279343.518926128,351340.3222159285,0.5432374739295885,19975.34142992566,5.0059216474040885e-05,2.0,a2c,agent,adverse_stress,11201,1,main,
0.47583726680152844,0.06046291922531885,317455.0756498142,310769.98064969224,390791.3992788998,0.551710453257318,19224.724983968375,5.201364322197801e-05,1.8681541692269406,a2c,agent,adverse_stress,11202,2,main,
0.4803037494067394,0.06175889328063241,284988.23784400796,279093.0677942074,350380.67843449535,0.5385490096440858,18094.49340357554,5.52623781898319e-05,2.0,a2c,agent,adverse_stress,11203,3,main,
0.4544421722335833,0.0535,310793.9410912839,304477.28313177824,382804.08826624136,0.4216114377702155,24230.297029894686,4.126894234205779e-05,2.118962010041709,a2c,agent,class_imbalance_shift,11300,0,main,
0.4364039508163677,0.05958429561200924,316349.45533228596,310015.818135498,390230.1823719605,0.4583930537612314,26227.98799446764,3.812575613710012e-05,1.8681541692269406,a2c,agent,class_imbalance_shift,11301,1,main,
0.4599955918007494,0.05701964542405367,290148.01383619144,284552.9653466117,357108.92756361625,0.44229664604033453,24539.446985515882,4.074905402457478e-05,2.227105745132009,a2c,agent,class_imbalance_shift,11302,2,main,
0.45548387096774196,0.05854579792256846,297640.11187955906,291767.91563668073,366132.3505303259,0.4440416466883369,22358.46061131659,4.472379801030974e-05,1.98997487421324,a2c,agent,class_imbalance_shift,11303,3,main,
0.5345942063682069,0.05463502015226153,347327.5417289309,340751.8060006993,426645.4032158649,0.4845799112140209,33420.91294586013,2.9920489638635926e-05,1.8681541692269406,a2c,agent,noise,11400,0,main,
0.49607535321821034,0.0461121157323689,375098.11116075446,368130.6599660476,462566.3584960057,0.4922585337380006,29813.054421328783,3.354122810229414e-05,1.7320508075688772,a2c,agent,noise,11401,1,main,
0.5122171945701357,0.045053003533568906,371090.92884930683,364157.09355740197,456703.2249686646,0.5030231436519467,29397.933813531195,3.4014838985070216e-05,1.5779733838059502,a2c,agent,noise,11402,2,main,
0.5192808138159452,0.055125284738041,340687.7072998984,334108.9629105185,418908.5763022497,0.48627810416414763,32416.24504939742,3.084777865843317e-05,1.57797338380595,a2c,agent,noise,11403,3,main,
0.502313743637205,0.04375863657300783,371995.4270850616,365174.75260038534,457834.48827907315,0.502391839602641,27886.56678020205,3.5858273612810144e-05,1.2206555615733705,a2c,agent,split_policy_dynamics,11500,0,main,
0.5085727009574705,0.05779334500875657,339560.8157389166,333196.8640299823,416153.5282764395,0.5114922616993592,26413.58333966176,3.785787521768288e-05,2.0,a2c,agent,split_policy_dynamics,11501,1,main,
0.4838492597577389,0.0449698655540102,357480.62053003814,351030.32390944107,441025.9085654715,0.48359330893058244,26425.960257623377,3.784014469509524e-05,1.4142135623730951,a2c,agent,split_policy_dynamics,11502,2,main,
0.5027908973808501,0.055081127241673786,345031.10869819217,338382.5431823265,424556.5492442437,0.5224423396170175,22020.295594896725,4.541058884072846e-05,1.0,a2c,agent,split_policy_dynamics,11503,3,main,
0.5930122757318225,0.0553343949044586,369649.8227194173,362741.28729594656,451309.6107772343,0.5452908686295106,35594.84739590964,2.8093164600849234e-05,0.0,ppo,agent,base_market,11000,0,main,
0.5914494741655235,0.04870506378044066,420160.94572471257,412350.2650087357,514249.0958320317,0.5519824249274607,37781.25727065474,2.6467449862417143e-05,0.0,ppo,agent,base_market,11001,1,main,
0.5992779783393501,0.05760542168674699,406875.9899868638,398971.7083137287,497103.4541531539,0.5642248215603459,30715.808948214457,3.2555465044754566e-05,0.0,ppo,agent,base_market,11002,2,main,
0.6008843379101699,0.05886909372579396,368757.93588271446,361827.60085228353,449838.58689116646,0.5428978942035455,35616.27421910561,2.8076264170254384e-05,0.0,ppo,agent,base_market,11003,3,main,
0.5638775946929168,0.056925996204933584,354643.33550151007,347977.6788835212,434081.3625707737,0.5670676873921715,25361.82440420049,3.942778548884264e-05,0.0,ppo,agent,drift,11100,0,main,
0.5608512524939038,0.06403162055335969,358605.24183365563,351135.399143209,439064.55663871596,0.5392749308417722,23500.338126651488,4.255076858223484e-05,0.0,ppo,agent,drift,11101,1,main,
0.5752887339289605,0.06439393939393939,361869.39493912866,354778.72578631045,442390.2081847581,0.5737993905936585,31385.834104259953,3.186049273648392e-05,0.0,ppo,agent,drift,11102,2,main,
0.5722983257229832,0.06610942249240122,342432.1805961698,335567.1421321976,418252.653801645,0.5647446040444977,24369.155355131013,4.103379668400247e-05,0.0,ppo,agent,drift,11103,3,main,
0.5548649294764523,0.05902628177509694,377104.28055190574,369540.79764344374,462217.0398543799,0.5816623330259851,28969.277854029366,3.4518136313315125e-05,0.0,ppo,agent,adverse_stress,11200,0,main,
0.5485351989505903,0.07333599043443603,319923.2670920687,313781.5361448406,391504.6577435356,0.6087002073493368,24803.730658642853,4.031489048447153e-05,0.0,ppo,agent,adverse_stress,11201,1,main,
0.5601258709822432,0.06621187800963081,378157.2193038061,370292.69519307284,462770.33566860284,0.6217845402120179,28423.126152462,3.5181380586202596e-05,0.0,ppo,agent,adverse_stress,11202,2,main,
0.5590887517797817,0.07045840407470289,318834.21693442867,312579.2654397821,389658.1754475483,0.599321881255211,24172.480543159418,4.136764659166877e-05,0.0,ppo,agent,adverse_stress,11203,3,main,
0.5712338104976141,0.060461416070007955,370536.88842353446,362967.5501959559,452688.89481538616,0.5016795258173579,32024.8704161765,3.122475632996044e-05,0.0,ppo,agent,class_imbalance_shift,11300,0,main,
0.5579520258012497,0.0675578034682081,384406.5351880366,376753.684347105,471394.58254563785,0.557636081073457,33948.31543591166,2.9455674942481985e-05,0.0,ppo,agent,class_imbalance_shift,11301,1,main,
0.5624862243773419,0.06230407523510972,344222.47351941105,337850.8213648103,421195.34640501055,0.5143687395773768,31213.16146342425,3.2036740797018295e-05,0.0,ppo,agent,class_imbalance_shift,11302,2,main,
0.5460215053763441,0.061047656557699885,346674.0274824304,340011.8758081128,425073.2146406118,0.49920268339097656,28657.872840336517,3.489320761396204e-05,0.0,ppo,agent,class_imbalance_shift,11303,3,main,
0.5889394302130716,0.05772357723577236,381565.3570756414,374313.7872615018,466330.92506438924,0.5150944211538926,37720.76264376289,2.650989587744901e-05,0.0,ppo,agent,noise,11400,0,main,
0.5604395604395604,0.04881952781112445,417650.8101469027,409665.4466604101,512686.7186481055,0.539396595351067,33217.32784235153,3.010386328733427e-05,0.0,ppo,agent,noise,11401,1,main,
0.573076923076923,0.04697986577181208,421885.59861654334,414144.67378970596,517326.4565447526,0.5386797714730954,38320.43296115535,2.6095057588625495e-05,0.0,ppo,agent,noise,11402,2,main,
0.5753489472439082,0.05879934210526316,371275.9403303209,364202.9615628821,454271.8343116415,0.5208609850216673,38817.0663975267,2.576120071925363e-05,0.0,ppo,agent,noise,11403,3,main,
0.5890791300323924,0.05420267085624509,403952.4293927016,396205.1680932952,494164.28197550704,0.5591062343908486,29929.985351486357,3.3410193091098504e-05,0.0,ppo,agent,split_policy_dynamics,11500,0,main,
0.5918503674014696,0.06019563581640331,402968.24851714016,395529.89650657255,492102.6923039059,0.5699216501025826,35796.9463976598,2.7934563309625285e-05,0.0,ppo,agent,split_policy_dynamics,11501,1,main,
0.5740242261103634,0.0492379835873388,418123.1574398251,410525.7381196954,512645.7928654065,0.5499203666594513,33470.31732290781,2.987632635885528e-05,0.0,ppo,agent,split_policy_dynamics,11502,2,main,
0.590167453842851,0.05638413968715897,409578.3085282827,401889.52128094836,501158.91627128806,0.5844733566017246,33631.951210152154,2.9732746131958487e-05,0.0,ppo,agent,split_policy_dynamics,11503,3,main,
0.3843248347497639,0.04914004914004914,243731.99412661308,239489.47667447355,300300.6771177252,0.4018769532322144,24084.605891290837,4.151857356271e-05,1.2206555615733703,sac,agent,base_market,11000,0,main,
0.3808870598994056,0.040216086434573826,267929.2948025138,263212.34329018457,330238.8357500854,0.4027333668797735,19037.34317769952,5.252557907304379e-05,0.0,sac,agent,base_market,11001,1,main,
0.388086642599278,0.05,246746.32367350714,242114.88296938917,303613.6360837129,0.41248120380597075,15548.59316175137,6.431036423896821e-05,1.5779733838059502,sac,agent,base_market,11002,2,main,
0.3751454503141727,0.05893300248138958,192670.77340494003,189324.42635610412,236670.54325929523,0.3865054596050914,17494.516604373293,5.715750055360088e-05,1.0,sac,agent,base_market,11003,3,main,
0.3723518082602183,0.05862068965517241,230839.1146884183,226558.85902716228,283934.5064408487,0.4223337488158091,14926.454657856959,6.699065734382634e-05,0.7000000000000002,sac,agent,drift,11100,0,main,
0.36643759698514744,0.056866303690260134,221030.55286080728,216457.11895755795,271763.81035906385,0.38948980921576215,12849.972742387949,7.781512108430334e-05,1.0,sac,agent,drift,11101,1,main,
0.3676182174765744,0.05512744516893894,229098.88463390118,224855.38784432094,281417.4748970059,0.41840521939103503,18008.686412412593,5.552567530053063e-05,0.0,sac,agent,drift,11102,2,main,
0.3872580995868667,0.04828747894441325,264212.65835763526,259229.3236355433,325130.74415784515,0.4315634204396122,17357.573018312192,5.760842201401368e-05,0.0,sac,agent,drift,11103,3,main,
0.3626583791537174,0.06064601186552406,231286.62517801172,226778.37622744046,284515.9111939619,0.4292756608058145,13586.332419398299,7.35979638337489e-05,1.5779733838059502,sac,agent,adverse_stress,11200,0,main,
0.3624836029733275,0.05910735826296743,229102.6857617918,224848.99380838368,281357.060720582,0.45603863526740296,15521.245596698855,6.442366819738195e-05,1.2206555615733707,sac,agent,adverse_stress,11201,1,main,
0.37109462800629356,0.06117504542701393,226085.57524473473,221579.25712518382,277973.0373434198,0.458669777075711,14368.783577472905,6.959047049029125e-05,0.7000000000000002,sac,agent,adverse_stress,11202,2,main,
0.3730422401518747,0.06679389312977099,204719.66914498137,200361.2021588399,251073.34882504123,0.4555541903356234,11615.064377024764,8.608767716352232e-05,1.2206555615733707,sac,agent,adverse_stress,11203,3,main,
0.3153828675301068,0.045389048991354465,221678.03270471696,217450.0553224165,270486.2080044893,0.32457278506811416,16711.308887690666,5.983613674927604e-05,0.7000000000000002,sac,agent,class_imbalance_shift,11300,0,main,
0.3082039911308204,0.05755395683453238,215575.56816333445,211413.28459414752,262385.26856532815,0.3589157897507348,17099.710344928702,5.8477102987511554e-05,0.0,sac,agent,class_imbalance_shift,11301,1,main,
0.3121005069429138,0.04307909604519774,202914.6039119938,199172.32183975156,247076.81996676192,0.3309341987068765,14361.420931194565,6.96261448394151e-05,0.0,sac,agent,class_imbalance_shift,11302,2,main,
0.3225806451612903,0.052,227677.10547490366,223433.44244624607,278358.79399442754,0.349174236531655,17050.160477657384,5.864703468777554e-05,0.0,sac,agent,class_imbalance_shift,11303,3,main,
0.42566435240603306,0.049493813273340834,267337.3741685901,262549.58551415836,330465.2013183184,0.40656404323854134,25515.137894573905,3.919088398611662e-05,1.2206555615733705,sac,agent,noise,11400,0,main,
0.4117515137923301,0.046296296296296294,297952.5310829974,292452.67237322044,368755.654452414,0.4361467745551163,22158.943010434843,4.5126469843767755e-05,1.4142135623730951,sac,agent,noise,11401,1,main,
0.4291855203619909,0.044807590933052185,284552.23764880304,279469.54051368707,352238.2313573934,0.44235928033583255,24698.235207032376,4.0487083572339906e-05,1.2206555615733703,sac,agent,noise,11402,2,main,
0.4239413295481429,0.05412946428571429,264036.7506774742,258961.6405064871,326592.03223744454,0.4239949703884947,22837.23901554549,4.37862130840877e-05,1.4142135623730951,sac,agent,noise,11403,3,main,
0.40814437760296157,0.040249433106575964,298396.28808237775,293176.87942478096,369190.5651009979,0.4289478763837725,21811.705636601844,4.584484000563389e-05,1.0,sac,agent,split_policy_dynamics,11500,0,main,
0.4077042974838566,0.05133806663025669,285677.4556561393,280495.56713920564,352063.6444973677,0.4349792337652608,22939.19280835176,4.359161269280759e-05,0.7000000000000002,sac,agent,split_policy_dynamics,11501,1,main,
0.3965903992821893,0.038461538461538464,298085.6086230468,292909.41317209456,368070.59237511334,0.41957292649753275,21090.156527077615,4.741323685669691e-05,0.7000000000000002,sac,agent,split_policy_dynamics,11502,2,main,
0.4117647058823529,0.05005213764337852,284154.82931055594,279035.1341505041,350401.74464963586,0.4500276968864837,16900.527420809052,5.916625019161324e-05,1.4142135623730951,sac,agent,split_policy_dynamics,11503,3,main,
0.7223592733796815,0.06302390561937286,481660.84483517753,472200.7647993728,583906.844922064,0.6783553556377,46714.10196137841,2.1406353791687052e-05,0.0,static_threshold,baseline,base_market,61000,0,main,
0.7203633946377133,0.06336511842509997,440859.1712263235,432543.39065880014,533278.4592102704,0.6706254836910835,40349.611578761724,2.478277183105555e-05,0.0,static_threshold,baseline,base_market,61001,1,main,
0.7192746809939556,0.05913476501711796,492398.5518094492,482999.3001422178,597384.7024611189,0.6727657499186541,44607.26033953495,2.241737275537128e-05,0.0,static_threshold,baseline,base_market,61002,2,main,
0.7261904761904762,0.05832282471626734,475290.5146984108,466568.04228786804,575899.06813755,0.6629574939646041,47922.137033283354,2.086674750247432e-05,0.0,static_threshold,baseline,base_market,61003,3,main,
0.7112980222777904,0.07350591243208693,409332.3513645141,401012.6412127215,494445.97442378884,0.6568684347895885,33442.43486892967,2.990123484382405e-05,0.0,static_threshold,baseline,drift,61100,0,main,
0.6957660410301179,0.06304893350062735,428948.8364861334,420677.43658673624,519622.4852705549,0.6561265265027115,35829.99692814205,2.7908796453681403e-05,0.0,static_threshold,baseline,drift,61101,1,main,
0.6970698391716237,0.06447534766118837,439583.24562556576,431161.7345321844,532863.2826570089,0.6526073603091667,36089.53141579319,2.770809851700883e-05,0.0,static_threshold,baseline,drift,61102,2,main,
0.7089467723669309,0.06677316293929712,450829.64322490233,442032.7804706919,546148.5310453733,0.6557788182898812,43123.186890437784,2.3188843016115783e-05,0.0,static_threshold,baseline,drift,61103,3,main,
0.6989143546441495,0.08180876769071453,329242.4019901002,321969.2429628394,395051.6518346848,0.7094129322403071,24250.559089561826,4.123446234145055e-05,0.0,static_threshold,baseline,adverse_stress,61200,0,main,
0.6883423977299598,0.07901064926142219,365542.10884819896,357633.36645182525,440955.80813772546,0.6978935746563165,24956.437251516385,4.0068216536905895e-05,0.0,static_threshold,baseline,adverse_stress,61201,1,main,
0.6709036283799399,0.07165001722356183,416486.63367191865,408136.960197399,500437.7511228693,0.700864377496186,33954.25239755046,2.9450524716822317e-05,0.0,static_threshold,baseline,adverse_stress,61202,2,main,
0.6839464882943144,0.08173244848061474,319552.769259033,312526.30979670165,382426.94143686804,0.6866537435461807,25641.34155803617,3.8997998592940725e-05,0.0,static_threshold,baseline,adverse_stress,61203,3,main,
0.6979753704863285,0.06818181818181818,438113.6131454721,429301.22867941303,529269.467337748,0.6514457135802953,36644.73801639756,2.7288302927683934e-05,0.0,static_threshold,baseline,class_imbalance_shift,61300,0,main,
0.6953458582408198,0.059256984955480506,475048.62654427986,465903.5811435967,577214.7994758283,0.6261889270045538,42359.869695609304,2.3606691911324233e-05,0.0,static_threshold,baseline,class_imbalance_shift,61301,1,main,
0.6924210526315789,0.07509881422924901,400601.2878297966,392397.3451464567,484541.69080115855,0.6479256267103939,33764.34069519103,2.9616167922819844e-05,0.0,static_threshold,baseline,class_imbalance_shift,61302,2,main,
0.7086614173228346,0.06296296296296296,443628.45171467745,435097.83977923606,537330.1504098317,0.6252572995196585,39378.88617167325,2.5393674213292172e-05,0.0,static_threshold,baseline,class_imbalance_shift,61303,3,main,
0.6677800044533512,0.06135378459486496,421651.55996679515,413773.2224851805,512072.05465520546,0.6038079679250619,40438.98250085184,2.4728002787314156e-05,0.0,static_threshold,baseline,noise,61400,0,main,
0.6831892005905927,0.059895029330040137,472408.8158834287,463117.93088762293,574521.2689804806,0.6647445107006954,43014.32477675055,2.3247528763062885e-05,0.0,static_threshold,baseline,noise,61401,1,main,
0.6689911668991166,0.055941626129256426,436360.1497351995,428412.778144441,530411.6188419465,0.6060216087057964,40774.868305815726,2.452430914530331e-05,0.0,static_threshold,baseline,noise,61402,2,main,
0.6792087723070307,0.05159860715416271,493887.03602757805,484906.5193242016,601678.9344700879,0.6494495461963616,42856.39707177146,2.3333194928412067e-05,0.0,static_threshold,baseline,noise,61403,3,main,
0.7165198237885463,0.06332616046726099,492015.70458555885,482603.1869230719,597166.1241364948,0.6754553770620166,40696.48612362092,2.457154225601167e-05,0.0,static_threshold,baseline,split_policy_dynamics,61500,0,main,
0.7292182924082,0.06703738029039234,468357.7539721645,458947.85452838975,564374.974739794,0.679003270911489,39569.88523641222,2.527110510734349e-05,0.0,static_threshold,baseline,split_policy_dynamics,61501,1,main,
0.7307349665924276,0.05973788479122219,486733.58969986293,476827.6452724407,589722.780524291,0.6705869199183734,36901.490392640124,2.709844212030311e-05,0.0,static_threshold,baseline,split_policy_dynamics,61502,2,main,
0.7192028985507246,0.06580604534005038,426542.8769406477,418095.7558327377,515217.79831063433,0.6722276218485889,35520.55690301064,2.8151919205862416e-05,0.0,static_threshold,baseline,split_policy_dynamics,61503,3,main,
0.9697039247188433,0.05917159763313609,627055.9792866874,614734.8653433695,751835.0689707594,0.8433400218532825,51296.17848129839,1.9494249578747765e-05,6.28410693734599,profit_oriented,baseline,base_market,61000,0,main,
0.9646374216651745,0.06890951276102088,585392.2844300905,573553.088977175,699980.5021713572,0.8574054493739441,49688.65670275774,2.01249126348764e-05,6.916646586316233,profit_oriented,baseline,base_market,61001,1,main,
0.9599547511312218,0.07400424228140466,539907.7685594909,529298.2846331283,643649.2984918446,0.8405668456146204,48040.566077524156,2.0815308110195882e-05,7.280109889280518,profit_oriented,baseline,base_market,61002,2,main,
0.9627087622969572,0.06416349809885931,586428.4615882251,574994.3959651901,699040.1990107293,0.8404228142008182,53560.63566133388,1.8670079575667245e-05,6.782329983125268,profit_oriented,baseline,base_market,61003,3,main,
0.9462673419951553,0.07889225040726087,524489.7652484837,512927.01991234976,624782.9464214625,0.864089919450171,40920.10350632006,2.4437268653949056e-05,8.450443775329198,profit_oriented,baseline,drift,61100,0,main,
0.9494669509594883,0.07859869750729845,525281.8342872369,514774.729930055,619456.2559874575,0.8840351470472281,43235.1299294334,2.3128804581541433e-05,7.90506166958867,profit_oriented,baseline,drift,61101,1,main,
0.9456806282722513,0.07635524798154555,530924.9601540676,520065.753805693,632795.3397074603,0.8605810013627949,43894.85463051084,2.278119445258338e-05,8.271033792700885,profit_oriented,baseline,drift,61102,2,main,
0.9466207490314249,0.07253296953160528,541695.6117633918,531247.0860541519,641706.676471954,0.8881718763054068,52751.273987320244,1.8956528779031672e-05,7.158910531638177,profit_oriented,baseline,drift,61103,3,main,
0.9046927914852443,0.08208556149732621,450969.5989397143,441816.8904044769,534178.5991451091,0.8814989081423085,36965.528793367084,2.7051498548585128e-05,9.027181176868003,profit_oriented,baseline,adverse_stress,61200,0,main,
0.8919512195121951,0.07929997265518185,460502.96618298534,451792.15787164896,548426.8082205126,0.838584701077377,43832.10530219857,2.2813806895626036e-05,7.934733769950949,profit_oriented,baseline,adverse_stress,61201,1,main,
0.8926255104491952,0.08396124865446716,464753.2952385012,455015.3417489774,550769.0006554904,0.8826214894524056,34943.27492601086,2.8616990969689498e-05,6.963476143421474,profit_oriented,baseline,adverse_stress,61202,2,main,
0.8864503816793893,0.08396124865446716,418122.8489854131,408723.0552319085,493687.9072953514,0.8847130700664734,22245.56428167804,4.495076126535126e-05,8.391066678319271,profit_oriented,baseline,adverse_stress,61203,3,main,
0.9601924759405074,0.08291571753986332,485390.2887821364,475248.8069191837,573882.1753937758,0.8106454448690759,42120.81349705374,2.374066824235728e-05,7.244998274671982,profit_oriented,baseline,class_imbalance_shift,61300,0,main,
0.9562937062937062,0.08409506398537477,486071.43441612425,476490.1075706337,576760.6118376027,0.8002461737221613,49332.43546119209,2.0270228307668643e-05,6.28410693734599,profit_oriented,baseline,class_imbalance_shift,61301,1,main,
0.9514503188644312,0.07610810810810811,575081.9203013876,563568.244764029,687403.9193818953,0.8539922332257535,44287.60921177206,2.2579169176850028e-05,7.743384273042376,profit_oriented,baseline,class_imbalance_shift,61302,2,main,
0.9511325503355704,0.0785005512679162,563512.7055019976,552136.0819082003,673488.8935555436,0.8327846468685682,52065.39065307902,1.9206247782049082e-05,6.818357573492315,profit_oriented,baseline,class_imbalance_shift,61303,3,main,
0.9119582482414341,0.06593680019905448,574175.9358623329,563003.5184578116,689198.4734451,0.7852430839147373,58101.88521188721,1.7210849278021928e-05,7.345747068882783,profit_oriented,baseline,noise,61400,0,main,
0.8817625458996328,0.07440310938367574,455670.1826262007,446284.32410293556,543029.3808966568,0.7222420645042731,45206.07847383904,2.2120429670736e-05,8.541662601625049,profit_oriented,baseline,noise,61401,1,main,
0.9089709762532981,0.0686985970004838,569370.5185813891,557748.3265253218,681888.8555784074,0.8314704763112585,50755.14506264043,1.9702047875500695e-05,7.416198487095663,profit_oriented,baseline,noise,61402,2,main,
0.8982134461683122,0.06542789845590159,534779.88834194,524887.3821297787,639852.7441151834,0.7403036585037441,60861.713337685374,1.643042094511441e-05,7.0,profit_oriented,baseline,noise,61403,3,main,
0.9525309336332959,0.07959376476145488,499913.16437693994,489686.63718908606,594182.3234131351,0.8432731092571836,42535.49997786862,2.350922150436194e-05,7.4806416837060175,profit_oriented,baseline,split_policy_dynamics,61500,0,main,
0.9524456521739131,0.07893485496909178,540740.4433712853,529283.8682888191,643629.7571936076,0.8325059658695289,42887.33480603756,2.3316363400969024e-05,7.244998274671983,profit_oriented,baseline,split_policy_dynamics,61501,1,main,
0.9535536833009289,0.07589487992750339,565294.5197992879,554318.1183399243,673757.9801835674,0.8671273719852792,49788.49391362481,2.0084558435858126e-05,9.16515138991168,profit_oriented,baseline,split_policy_dynamics,61502,2,main,
0.9444564981557821,0.0709855272226051,606858.2120308852,594817.6897902881,726763.6213179862,0.886746259668793,53553.61134934111,1.867252837438999e-05,9.24608025057105,profit_oriented,baseline,split_policy_dynamics,61503,3,main,
0.6409508858488451,0.05738278516445067,446435.54638639593,437691.6595298083,544266.9204170408,0.6171263447573364,41178.28459971463,2.4284054706645633e-05,0.0,risk_aware_weekly,baseline,base_market,61000,0,main,
0.6494571238643918,0.06107130672125555,412668.88706204895,404871.51375628205,501815.3840561862,0.6199787228605789,36880.995848948056,2.711350015046764e-05,0.0,risk_aware_weekly,baseline,base_market,61001,1,main,
0.6389075442131185,0.05255781359495445,461319.04584920604,452622.1997242927,563085.8322982937,0.6114264492477649,39488.95987542196,2.5322892278307606e-05,0.0,risk_aware_weekly,baseline,base_market,61002,2,main,
0.6451465201465202,0.05571327182398864,425383.8456505311,417536.0460252451,517931.861657976,0.6034530153803327,41735.53559317227,2.3959822869524204e-05,0.0,risk_aware_weekly,baseline,base_market,61003,3,main,
0.625142077744942,0.06945454545454545,369374.10571525805,362008.62691537745,449197.8453194172,0.5915573796012611,29287.038086957997,3.414363218973351e-05,0.0,risk_aware_weekly,baseline,drift,61100,0,main,
0.6115233522479266,0.05603140613847252,411078.26449179964,403227.3227194491,501807.75102740584,0.5921243074661035,32694.15368255037,3.058557270320178e-05,0.0,risk_aware_weekly,baseline,drift,61101,1,main,
0.6082837629433796,0.060123143788482436,393797.4970487769,386338.21708432195,480430.5320059373,0.5883513176194008,32738.556488241742,3.0544091223689766e-05,0.0,risk_aware_weekly,baseline,drift,61102,2,main,
0.6224235560588901,0.06222707423580786,401062.353053307,393314.4790116216,488693.05929195794,0.5929528966974394,38421.725582956315,2.602626400984899e-05,0.0,risk_aware_weekly,baseline,drift,61103,3,main,
0.6340168878166466,0.07990867579908675,294373.26558798464,287945.1927043542,355245.32345741556,0.6584424767450163,22203.366441031245,4.503618703356062e-05,0.0,risk_aware_weekly,baseline,adverse_stress,61200,0,main,
0.6341924804918421,0.07307979120059657,346771.0043769045,339297.45990799076,420412.55693369213,0.6512259322609558,21283.695912271305,4.698211353930916e-05,0.0,risk_aware_weekly,baseline,adverse_stress,61201,1,main,
0.6029581696325399,0.06784208509007282,393690.01024995506,385779.3680093335,476323.2512604364,0.6441414617013206,29689.02401841538,3.3681346952759123e-05,0.0,risk_aware_weekly,baseline,adverse_stress,61202,2,main,
0.6239847109412326,0.07848392036753446,297188.49396263075,290747.8472707494,357920.1210820923,0.6396484791259373,24617.903330124464,4.061919357619674e-05,0.0,risk_aware_weekly,baseline,adverse_stress,61203,3,main,
0.6061365059486538,0.0640495867768595,381254.73739345546,373736.0884394827,464886.4975499131,0.5782813212285766,30919.937559244907,3.2340545886876404e-05,0.0,risk_aware_weekly,baseline,class_imbalance_shift,61300,0,main,
0.6018360375747225,0.056757715501951043,407700.14628563204,399906.09560984944,498235.1632231163,0.5579602038722118,34300.35591299338,2.9153366488967256e-05,0.0,risk_aware_weekly,baseline,class_imbalance_shift,61301,1,main,
0.5202105263157895,0.06110886280857952,330622.16507569095,323846.89198395505,406052.14158707426,0.5209852047536423,26778.49355261859,3.734200566695245e-05,0.7000000000000002,risk_aware_weekly,baseline,class_imbalance_shift,61302,2,main,
0.6115485564304461,0.05472103004291846,410319.05941084435,402607.9222688033,500931.0136081553,0.5575149978795314,34659.381740606186,2.8851384485141298e-05,0.0,risk_aware_weekly,baseline,class_imbalance_shift,61303,3,main,
0.6299265197060788,0.05726405090137858,402923.9393627747,395504.03369268373,490890.52331265755,0.5797174679327876,37674.79608743076,2.6542239417566435e-05,0.0,risk_aware_weekly,baseline,noise,61400,0,main,
0.6395275258384308,0.05672823218997362,451801.1447163542,442896.8903506793,551125.0291928138,0.6327114241320413,38308.15149891145,2.610342335638561e-05,0.0,risk_aware_weekly,baseline,noise,61401,1,main,
0.6287773128777313,0.05619223659889094,401954.2512944025,394619.7262415001,489714.6015619594,0.5782817553125305,35939.39934971345,2.7823842196900155e-05,0.0,risk_aware_weekly,baseline,noise,61402,2,main,
0.6304020640722425,0.05115961800818554,442996.2612303202,435038.7783764739,540859.5819814857,0.613527563156709,38245.50037347939,2.6146183055572128e-05,0.0,risk_aware_weekly,baseline,noise,61403,3,main,
0.642511013215859,0.06205005142269455,432502.50589324755,424403.1725008473,526924.3399092103,0.6191345523200463,35486.54148797135,2.817890330157005e-05,0.0,risk_aware_weekly,baseline,split_policy_dynamics,61500,0,main,
0.6587069159720658,0.05984952120383037,448422.6938214354,439632.1263973363,544015.6242820907,0.6267312396577486,37184.21263256914,2.689241042887401e-05,0.0,risk_aware_weekly,baseline,split_policy_dynamics,61501,1,main,
0.6567928730512249,0.05561207188877586,454209.2065832707,445154.9233960286,553142.6278323536,0.6160404582009668,32787.02833178875,3.049893668142518e-05,0.0,risk_aware_weekly,baseline,split_policy_dynamics,61502,2,main,
0.6440217391304348,0.05942334739803094,397319.8927990395,389414.43394719,482886.1116372964,0.6232494084236339,30203.7328039409,3.310739434415811e-05,0.0,risk_aware_weekly,baseline,split_policy_dynamics,61503,3,main,
0.9678677989442277,0.059046715674650224,626832.1572687842,614525.7793975411,751673.7657963481,0.841998307517886,51245.18320239163,1.9513648383345953e-05,7.105631569396206,constraint_aware_weekly,baseline,base_market,61000,0,main,
0.9626230975828111,0.06858870030225529,586704.0591577269,574831.8994718682,701747.32828618,0.8555744802456832,49688.99759025764,2.0124774572258437e-05,7.2,constraint_aware_weekly,baseline,base_market,61001,1,main,
0.9588235294117647,0.07385559226050023,540974.8401875856,530346.4409054611,645058.2453144812,0.8394092786826166,47967.60940215807,2.0846966640542445e-05,7.3484692283495345,constraint_aware_weekly,baseline,base_market,61002,2,main,
0.9615648592999314,0.06423982869379015,584970.5925995478,573575.6296596709,697276.3642473312,0.8392062957234027,53566.66237896019,1.8667979067773746e-05,7.0710678118654755,constraint_aware_weekly,baseline,base_market,61003,3,main,
0.9462673419951553,0.07889225040726087,524489.7652484837,512927.01991234976,624782.9464214625,0.864089919450171,40920.10350632006,2.4437268653949056e-05,7.836453279386026,constraint_aware_weekly,baseline,drift,61100,0,main,
0.9494669509594883,0.07859869750729845,525281.8342872369,514774.729930055,619456.2559874575,0.8840351470472281,43235.1299294334,2.3128804581541433e-05,7.90506166958867,constraint_aware_weekly,baseline,drift,61101,1,main,
0.93782722513089,0.07629681321237497,524228.09836839733,513532.51252286864,625014.1518690432,0.8543739918056599,43153.549349340225,2.317252792758659e-05,9.455686120002081,constraint_aware_weekly,baseline,drift,61102,2,main,
0.946405510116229,0.07254946554468956,541470.71068438,531026.9708339815,641442.212491282,0.8879494466668238,52750.24117434117,1.8956899927625054e-05,7.5,constraint_aware_weekly,baseline,drift,61103,3,main,
0.889937106918239,0.08181571079097581,444584.9155033224,435546.300492216,527643.1357167605,0.8676425968073741,35378.52786889548,2.8264933430023728e-05,8.859458222713169,constraint_aware_weekly,baseline,adverse_stress,61200,0,main,
0.8882926829268293,0.07907742998352553,461576.77104391775,452881.9069044775,550000.8016990268,0.836945149372217,44083.16359683904,2.2683882791681295e-05,7.807688518377254,constraint_aware_weekly,baseline,adverse_stress,61201,1,main,
0.8871006485707422,0.0834010289737341,466036.77252886194,456241.5645543502,552287.3826675279,0.8771079158549845,34558.9306235184,2.8935243270410083e-05,7.381734213584231,constraint_aware_weekly,baseline,adverse_stress,61202,2,main,
0.8831106870229007,0.08373851971907077,420353.36596528813,410902.126030034,496689.23121787,0.8840067864063419,22717.72322768503,4.401655805997937e-05,8.593020423576334,constraint_aware_weekly,baseline,adverse_stress,61203,3,main,
0.9595363079615048,0.08274447230453613,486340.7278054423,476168.5873543535,575099.5141585062,0.8100911685550815,42020.13586812098,2.3797548051494784e-05,6.89129886160802,constraint_aware_weekly,baseline,class_imbalance_shift,61300,0,main,
0.9512674825174825,0.08316103836434643,487946.1881466904,478362.0089102207,579374.8194053229,0.7974076153695131,49771.5899186392,2.009137964559712e-05,6.891298861608021,constraint_aware_weekly,baseline,class_imbalance_shift,61301,1,main,
0.9514503188644312,0.07610810810810811,575081.9203013876,563568.244764029,687403.9193818953,0.8539922332257535,44287.60921177206,2.2579169176850028e-05,7.743384273042376,constraint_aware_weekly,baseline,class_imbalance_shift,61302,2,main,
0.9511325503355704,0.0785005512679162,563512.7055019976,552136.0819082003,673488.8935555436,0.8327846468685682,52065.39065307902,1.9206247782049082e-05,6.818357573492315,constraint_aware_weekly,baseline,class_imbalance_shift,61303,3,main,
0.9119582482414341,0.06593680019905448,574175.9358623329,563003.5184578116,689198.4734451,0.7852430839147373,58101.88521188721,1.7210849278021928e-05,7.345747068882783,constraint_aware_weekly,baseline,noise,61400,0,main,
0.8817625458996328,0.07440310938367574,455670.1826262007,446284.32410293556,543029.3808966568,0.7222420645042731,45206.07847383904,2.2120429670736e-05,8.541662601625049,constraint_aware_weekly,baseline,noise,61401,1,main,
0.9069920844327177,0.06884848484848485,566924.8343617175,555374.1345160849,679052.5781962663,0.829580287838444,50752.819976863015,1.9702950446998213e-05,6.708203932499369,constraint_aware_weekly,baseline,noise,61402,2,main,
0.8982134461683122,0.06542789845590159,534779.88834194,524887.3821297787,639852.7441151834,0.7403036585037441,60861.713337685374,1.643042094511441e-05,7.0,constraint_aware_weekly,baseline,noise,61403,3,main,
0.9525309336332959,0.07959376476145488,499913.16437693994,489686.63718908606,594182.3234131351,0.8432731092571836,42535.49997786862,2.350922150436194e-05,7.4806416837060175,constraint_aware_weekly,baseline,split_policy_dynamics,61500,0,main,
0.9481431159420289,0.0790542154287079,536543.6688047643,525195.746047166,638485.2854320653,0.8283366881934994,42909.68987928277,2.3304216334279882e-05,7.8,constraint_aware_weekly,baseline,split_policy_dynamics,61501,1,main,
0.9535536833009289,0.07589487992750339,565294.5197992879,554318.1183399243,673757.9801835674,0.8671273719852792,49788.49391362481,2.0084558435858126e-05,9.16515138991168,constraint_aware_weekly,baseline,split_policy_dynamics,61502,2,main,
0.9444564981557821,0.0709855272226051,606858.2120308852,594817.6897902881,726763.6213179862,0.886746259668793,53553.61134934111,1.867252837438999e-05,9.24608025057105,constraint_aware_weekly,baseline,split_policy_dynamics,61503,3,main,
0.6409508858488451,0.05738278516445067,446435.54638639593,437691.6595298083,544266.9204170408,0.6171263447573364,41178.28459971463,2.4284054706645633e-05,0.0,split_policy_static,baseline,base_market,61000,0,main,
0.6494571238643918,0.06107130672125555,412668.88706204895,404871.51375628205,501815.3840561862,0.6199787228605789,36880.995848948056,2.711350015046764e-05,0.0,split_policy_static,baseline,base_market,61001,1,main,
0.6389075442131185,0.05255781359495445,461319.04584920604,452622.1997242927,563085.8322982937,0.6114264492477649,39488.95987542196,2.5322892278307606e-05,0.0,split_policy_static,baseline,base_market,61002,2,main,
0.6451465201465202,0.05571327182398864,425383.8456505311,417536.0460252451,517931.861657976,0.6034530153803327,41735.53559317227,2.3959822869524204e-05,0.0,split_policy_static,baseline,base_market,61003,3,main,
0.625142077744942,0.06945454545454545,369374.10571525805,362008.62691537745,449197.8453194172,0.5915573796012611,29287.038086957997,3.414363218973351e-05,0.0,split_policy_static,baseline,drift,61100,0,main,
0.6115233522479266,0.05603140613847252,411078.26449179964,403227.3227194491,501807.75102740584,0.5921243074661035,32694.15368255037,3.058557270320178e-05,0.0,split_policy_static,baseline,drift,61101,1,main,
0.6082837629433796,0.060123143788482436,393797.4970487769,386338.21708432195,480430.5320059373,0.5883513176194008,32738.556488241742,3.0544091223689766e-05,0.0,split_policy_static,baseline,drift,61102,2,main,
0.6224235560588901,0.06222707423580786,401062.353053307,393314.4790116216,488693.05929195794,0.5929528966974394,38421.725582956315,2.602626400984899e-05,0.0,split_policy_static,baseline,drift,61103,3,main,
0.6340168878166466,0.07990867579908675,294373.26558798464,287945.1927043542,355245.32345741556,0.6584424767450163,22203.366441031245,4.503618703356062e-05,0.0,split_policy_static,baseline,adverse_stress,61200,0,main,
0.6341924804918421,0.07307979120059657,346771.0043769045,339297.45990799076,420412.55693369213,0.6512259322609558,21283.695912271305,4.698211353930916e-05,0.0,split_policy_static,baseline,adverse_stress,61201,1,main,
0.6029581696325399,0.06784208509007282,393690.01024995506,385779.3680093335,476323.2512604364,0.6441414617013206,29689.02401841538,3.3681346952759123e-05,0.0,split_policy_static,baseline,adverse_stress,61202,2,main,
0.6239847109412326,0.07848392036753446,297188.49396263075,290747.8472707494,357920.1210820923,0.6396484791259373,24617.903330124464,4.061919357619674e-05,0.0,split_policy_static,baseline,adverse_stress,61203,3,main,
0.6061365059486538,0.0640495867768595,381254.73739345546,373736.0884394827,464886.4975499131,0.5782813212285766,30919.937559244907,3.2340545886876404e-05,0.0,split_policy_static,baseline,class_imbalance_shift,61300,0,main,
0.6018360375747225,0.056757715501951043,407700.14628563204,399906.09560984944,498235.1632231163,0.5579602038722118,34300.35591299338,2.9153366488967256e-05,0.0,split_policy_static,baseline,class_imbalance_shift,61301,1,main,
0.596421052631579,0.06706671373102718,366496.9804320849,359075.3646708585,447098.46471655543,0.5754569025064542,30767.858537182157,3.2500393174857794e-05,0.0,split_policy_static,baseline,class_imbalance_shift,61302,2,main,
0.6115485564304461,0.05472103004291846,410319.05941084435,402607.9222688033,500931.0136081553,0.5575149978795314,34659.381740606186,2.8851384485141298e-05,0.0,split_policy_static,baseline,class_imbalance_shift,61303,3,main,
0.6299265197060788,0.05726405090137858,402923.9393627747,395504.03369268373,490890.52331265755,0.5797174679327876,37674.79608743076,2.6542239417566435e-05,0.0,split_policy_static,baseline,noise,61400,0,main,
0.6395275258384308,0.05672823218997362,451801.1447163542,442896.8903506793,551125.0291928138,0.6327114241320413,38308.15149891145,2.610342335638561e-05,0.0,split_policy_static,baseline,noise,61401,1,main,
0.6287773128777313,0.05619223659889094,401954.2512944025,394619.7262415001,489714.6015619594,0.5782817553125305,35939.39934971345,2.7823842196900155e-05,0.0,split_policy_static,baseline,noise,61402,2,main,
0.6304020640722425,0.05115961800818554,442996.2612303202,435038.7783764739,540859.5819814857,0.613527563156709,38245.50037347939,2.6146183055572128e-05,0.0,split_policy_static,baseline,noise,61403,3,main,
0.642511013215859,0.06205005142269455,432502.50589324755,424403.1725008473,526924.3399092103,0.6191345523200463,35486.54148797135,2.817890330157005e-05,0.0,split_policy_static,baseline,split_policy_dynamics,61500,0,main,
0.6587069159720658,0.05984952120383037,448422.6938214354,439632.1263973363,544015.6242820907,0.6267312396577486,37184.21263256914,2.689241042887401e-05,0.0,split_policy_static,baseline,split_policy_dynamics,61501,1,main,
0.6567928730512249,0.05561207188877586,454209.2065832707,445154.9233960286,553142.6278323536,0.6160404582009668,32787.02833178875,3.049893668142518e-05,0.0,split_policy_static,baseline,split_policy_dynamics,61502,2,main,
0.6440217391304348,0.05942334739803094,397319.8927990395,389414.43394719,482886.1116372964,0.6232494084236339,30203.7328039409,3.310739434415811e-05,0.0,split_policy_static,baseline,split_policy_dynamics,61503,3,main,
0.21366376423308775,0.06478578892371996,148400.58388904697,145482.0108040891,174053.77034382976,0.2551792421204746,11576.916973461688,8.637132243150034e-05,0.0,dqn,agent,base_market,23000,0,main,
0.23050219856514695,0.05220883534136546,167532.79095963252,164286.27337483232,198695.88069363474,0.257114023826457,15642.848882838856,6.392288799829752e-05,0.0,dqn,agent,base_market,23001,1,main,
0.21179328621908128,0.049009384775808136,168400.20362446053,165481.39465964318,198882.86891536656,0.2511222920569703,17117.47727221546,5.8416410764704705e-05,0.0,dqn,agent,base_market,23002,2,main,
0.21713641488162344,0.05192107995846314,158015.03597320663,154728.8222472609,186052.09806082764,0.256527757051182,12846.680139976464,7.783506353714624e-05,0.0,dqn,agent,base_market,23003,3,main,
0.2086994727592267,0.06210526315789474,135152.0919739924,132304.89229771134,157355.00497480866,0.26598058118925294,8481.174157836465,0.00011789430179008119,0.0,dqn,agent,drift,23100,0,main,
0.2071475843812045,0.06602768903088392,104832.76751544425,102721.25841096444,119368.48231956206,0.2442948424307173,6886.5386123766275,0.00014518974865753066,0.0,dqn,agent,drift,23101,1,main,
0.2054735941843062,0.05723204994797086,150215.5270552567,147240.02923613208,175678.81930017268,0.26511951041883897,13677.4044857941,7.310794186840754e-05,0.0,dqn,agent,drift,23102,2,main,
0.20372778500216732,0.06489361702127659,120192.79739074633,117582.97400545138,138291.51063747675,0.24302822431275828,8371.704811748281,0.00011943571671090514,0.0,dqn,agent,drift,23103,3,main,
0.24409056979348095,0.07033639143730887,141787.2482411496,139068.94148675224,167205.40519181403,0.28711674885113203,13832.184856122884,7.228993253548384e-05,0.0,dqn,agent,adverse_stress,23200,0,main,
0.2402552997492592,0.07685009487666034,114559.9878039507,112009.87725822323,133151.30398722444,0.31384990519468187,7697.634286934165,0.00012989316841522953,0.0,dqn,agent,adverse_stress,23201,1,main,
0.239174732552216,0.0724174653887114,141100.65946835966,137870.06517909022,165976.97649965432,0.29084117654991126,7539.288991350598,0.00013262091163178117,0.0,dqn,agent,adverse_stress,23202,2,main,
0.23251505326540065,0.0647410358565737,155945.55900918163,152957.13215983237,184269.03797200572,0.2854485710354377,13145.391553016741,7.606650052732736e-05,0.0,dqn,agent,adverse_stress,23203,3,main,
0.20155205863332615,0.058823529411764705,131629.43674044075,129279.15418617918,152549.18836916354,0.2303426370699084,13911.623329042566,7.187717056297374e-05,0.0,dqn,agent,class_imbalance_shift,23300,0,main,
0.21227794018439397,0.0614406779661017,132247.17965459445,129685.30513533355,153907.47767524575,0.23059745609976023,18075.3907556201,5.532077799817929e-05,0.0,dqn,agent,class_imbalance_shift,23301,1,main,
0.22093541202672606,0.047379032258064516,163130.12342549214,159899.28401842198,192627.3049058927,0.23743475169638092,14877.621840910922,6.721052599444092e-05,0.0,dqn,agent,class_imbalance_shift,23302,2,main,
0.21941021126760563,0.05917753259779338,134607.11396063602,132061.82997568973,157144.5924501283,0.23292422666989734,12751.914025139347,7.841345107704302e-05,0.0,dqn,agent,class_imbalance_shift,23303,3,main,
0.29202115428834213,0.04173228346456693,211381.17343428932,207581.1295025969,256561.20764926658,0.2957490198303891,19523.35932996328,5.121806985314691e-05,0.0,dqn,agent,noise,23400,0,main,
0.31157635467980294,0.04901185770750988,223119.4097140021,218753.17338936246,272070.2881958792,0.30014740584592725,17073.569303589004,5.85666310066049e-05,0.0,dqn,agent,noise,23401,1,main,
0.3077770434016303,0.04509663564781675,249325.11216261648,244848.20199456267,304664.5078030237,0.3172857960620984,23108.06387602961,4.3273063996212854e-05,0.0,dqn,agent,noise,23402,2,main,
0.29262777023971054,0.04404945904173107,214518.028492235,210542.33507174163,260435.85952213785,0.32171094808464906,17168.926180701597,5.824136862766279e-05,0.0,dqn,agent,noise,23403,3,main,
0.22040729741196435,0.0519730510105871,159122.68332316124,156053.48234262178,187706.5751637069,0.2662809616742973,14390.802927540388,6.948399759465742e-05,0.0,dqn,agent,split_policy_dynamics,23500,0,main,
0.22050593239310498,0.05177664974619289,169336.47688615485,166135.89347959132,200404.32342392183,0.2590394569341296,15981.412904589557,6.256877518868488e-05,0.0,dqn,agent,split_policy_dynamics,23501,1,main,
0.2224513172966781,0.05973223480947477,151817.21185689926,149072.42008338185,178874.06937782638,0.2620620232910781,13310.774331218634,7.512146578798368e-05,0.0,dqn,agent,split_policy_dynamics,23502,2,main,
0.21630024428159006,0.049281314168377825,170792.83996433322,167661.20290226224,202030.81625399494,0.2604601166471921,16573.54263309776,6.0333489866748816e-05,0.0,dqn,agent,split_policy_dynamics,23503,3,main,
0.304085733422639,0.06901615271659324,197839.85345173086,193860.6526327021,240280.6650653971,0.32413750494799753,15499.868469496598,6.451251437736222e-05,0.0,double_dqn,agent,base_market,23000,0,main,
0.3047905577412636,0.05694760820045558,210799.80592141172,206692.21794731353,256419.5432457998,0.3117930162324992,21138.39990084085,4.730503253123205e-05,0.0,double_dqn,agent,base_market,23001,1,main,
0.3001325088339223,0.05224429727740986,231352.95464001584,227261.5048214714,281865.1039195524,0.31878085298159414,23858.997782333507,4.191115226089514e-05,0.0,double_dqn,agent,base_market,23002,2,main,
0.30146561443066516,0.053103964098728494,220959.23389443092,216487.39741584184,268816.77681635605,0.3207387582871564,18688.451163823178,5.350611910614483e-05,0.0,double_dqn,agent,base_market,23003,3,main,
0.29393673110720564,0.06576980568011959,184776.4241632382,180989.37170897739,223587.04270750203,0.3333961227092917,13839.967495866558,7.224928461819149e-05,0.0,double_dqn,agent,drift,23100,0,main,
0.2841385395984999,0.06599378881987578,149664.72962093793,146600.10797900215,179194.13292591035,0.3049025486508367,9982.023899361278,0.00010017004968444288,0.0,double_dqn,agent,drift,23101,1,main,
0.2835150737652341,0.058823529411764705,210535.07904203166,206355.1275697719,254925.33934563262,0.3301005303082137,20258.318218682412,4.936000260254741e-05,0.0,double_dqn,agent,drift,23102,2,main,
0.27980060684872127,0.06893880712625872,169506.52078089633,165929.4464402187,203693.124502545,0.303015103789234,14486.646948064965,6.902432145018308e-05,0.0,double_dqn,agent,drift,23103,3,main,
0.32371236626026373,0.07378939277478862,181959.78760767318,178451.97480395244,221334.5987985608,0.3489677322176829,19011.13252911054,5.259799228039485e-05,0.0,double_dqn,agent,adverse_stress,23200,0,main,
0.3111465694096193,0.08278388278388278,141809.53544933972,138669.28239279732,170733.47397344894,0.3743300350971709,11430.813771066296,8.747518285602072e-05,0.0,double_dqn,agent,adverse_stress,23201,1,main,
0.315333672949567,0.07592891760904685,185300.59083705832,181341.65526573878,225095.36297846376,0.35012657194518876,11326.80265447195,8.827837405917586e-05,0.0,double_dqn,agent,adverse_stress,23202,2,main,
0.31773969430291804,0.0728862973760933,195586.2551216705,191672.17621064966,238048.90471837734,0.3575124601463993,16618.78517508305,6.0169249449700126e-05,0.0,double_dqn,agent,adverse_stress,23203,3,main,
0.2895020478551412,0.06478034251675353,188902.07448395118,185345.31135866512,228421.13041530715,0.29643549216388443,20514.058112503477,4.874468278452119e-05,0.0,double_dqn,agent,class_imbalance_shift,23300,0,main,
0.3044749269170227,0.0568685376661743,206472.95798898462,202509.20277396942,251131.78013836208,0.2966184186278201,25076.819488894398,3.987587519093698e-05,0.0,double_dqn,agent,class_imbalance_shift,23301,1,main,
0.3040089086859688,0.05860805860805861,206168.32411811218,202100.0650217001,250540.1185192648,0.2980988475240286,19074.808560042948,5.242241747459373e-05,0.0,double_dqn,agent,class_imbalance_shift,23302,2,main,
0.301056338028169,0.06944444444444445,179161.68255524526,175646.17506395373,216834.63705366035,0.29550561445549384,17074.712697893883,5.8562709369275105e-05,0.0,double_dqn,agent,class_imbalance_shift,23303,3,main,
0.35985283973327203,0.04984025559105431,252739.0744733826,248082.86213984308,311428.8348565103,0.3464134849573115,24946.132820842944,4.008476674179229e-05,0.0,double_dqn,agent,noise,23400,0,main,
0.36354679802955664,0.052845528455284556,254468.00802872548,249491.6291232867,313489.95508733834,0.3381049982113132,19458.707370163705,5.138823421020372e-05,0.0,double_dqn,agent,noise,23401,1,main,
0.36792244987882794,0.04970059880239521,285683.36073869525,280451.08268833935,353013.0886900873,0.3652370047145715,26728.389795729847,3.741200258001232e-05,0.0,double_dqn,agent,noise,23402,2,main,
0.3616010854816825,0.050031269543464665,264322.21215518983,259275.98060854495,325938.51181444246,0.3764481080567149,22865.766203805993,4.373158806484661e-05,0.0,double_dqn,agent,noise,23403,3,main,
0.29338141705557913,0.05639913232104121,205520.31785268083,201592.0106803074,249322.76151485104,0.3255648610078825,19041.53036378133,5.2514029432873496e-05,0.0,double_dqn,agent,split_policy_dynamics,23500,0,main,
0.30020147750167897,0.061148396718866516,214653.3412336551,210423.42644278976,260931.4709278709,0.3196733571858828,19311.55187267468,5.177979619642598e-05,0.0,double_dqn,agent,split_policy_dynamics,23501,1,main,
0.29713631156930126,0.06784888203546646,189416.16321843863,185997.98334175476,229552.8632538994,0.31789560798286576,17135.081508553023,5.8356398427544614e-05,0.0,double_dqn,agent,split_policy_dynamics,23502,2,main,
0.2940262047523873,0.05740181268882175,212845.6488927288,208760.99639517698,258438.69905805285,0.3209613459233298,20847.63107326249,4.796477986904659e-05,0.0,double_dqn,agent,split_policy_dynamics,23503,3,main,
0.9028801071667782,0.07640949554896143,500851.3577603798,490892.13727102446,594000.1907729759,0.8012991258509776,47911.339102692225,2.087145020944739e-05,11.970380110923797,a3c,agent,base_market,23000,0,main,
0.9000231427910206,0.06762663923887889,545097.1378979101,534985.4975968922,653767.5076237607,0.7730530080840919,55624.1407198783,1.7977482610531864e-05,13.830762813380902,a3c,agent,base_market,23001,1,main,
0.9065812720848057,0.06406820950060901,608413.5029990883,597543.5574106876,731681.0304135475,0.8183985925442989,63459.35355791623,1.575786997605306e-05,11.631422956801115,a3c,agent,base_market,23002,2,main,
0.9089064261555806,0.06747705284048623,576722.1220689183,565428.1884608024,692116.7189419048,0.8036441262159469,53559.227103099714,1.867057057235903e-05,11.631422956801115,a3c,agent,base_market,23003,3,main,
0.8952108963093146,0.07558282208588957,506531.6955238173,496941.48310904397,604981.5489059618,0.8142693315022901,54648.54937937048,1.829841254606003e-05,11.970380110923797,a3c,agent,drift,23100,0,main,
0.9064637105669534,0.0737405694816257,490944.9144932007,480956.8956535595,583535.2336755283,0.8138411491391809,42378.01028999155,2.359658692256353e-05,11.631422956801115,a3c,agent,drift,23101,1,main,
0.8588838999358563,0.07368683096838437,478452.71280658524,469253.0662796856,570445.104553927,0.8124652741822552,50060.579680303184,1.997539842701871e-05,12.299999999999999,a3c,agent,drift,23102,2,main,
0.8729952319029042,0.07919563058589871,515836.23583124334,505622.6002894942,616671.353418285,0.7882321822434099,59162.80216101488,1.6902226758153407e-05,16.25699849295681,a3c,agent,drift,23103,3,main,
0.8658870365762628,0.09454022988505748,340983.0207570318,333899.90252432425,399354.87357585673,0.787857568132414,31620.31664472953,3.162423662604431e-05,14.152384958020326,a3c,agent,adverse_stress,23200,0,main,
0.8067016184180533,0.0963549025148347,305625.13269346824,298862.29822398286,355202.80380287714,0.8123216936433101,24786.633860696496,4.034269691168907e-05,19.242920776223137,a3c,agent,adverse_stress,23201,1,main,
0.8744268976057056,0.09146519079522283,367262.284870867,358484.51137521904,432149.2261177141,0.7981245952632933,20687.62318063096,4.83357443010619e-05,11.631422956801115,a3c,agent,adverse_stress,23202,2,main,
0.8795738767948124,0.08794102159031068,412695.9681609203,403981.1499915983,488267.3613434729,0.8565671849231351,42115.63280545404,2.374358853945469e-05,10.876120631916512,a3c,agent,adverse_stress,23203,3,main,
0.8691528346626428,0.07242063492063493,530411.8689417515,520285.53878419247,636393.9927783754,0.7403375534339687,60600.97582844197,1.6501112155664666e-05,11.874342087037917,a3c,agent,class_imbalance_shift,23300,0,main,
0.908252754666067,0.06907650408516959,519564.2022538779,509516.2981153961,621443.6221929966,0.7390093361198612,55640.87223781763,1.7972076779262984e-05,11.532562594670797,a3c,agent,class_imbalance_shift,23301,1,main,
0.8930957683741648,0.07107231920199501,506880.2366936137,496798.3678689499,605957.2481990864,0.7461519749111326,48776.81447195895,2.050112352973242e-05,11.874342087037917,a3c,agent,class_imbalance_shift,23302,2,main,
0.8901848591549296,0.08009888751545118,472846.2091452242,463782.7440079555,564181.1342277393,0.7500141112064018,49198.62625419687,2.032535765278699e-05,12.569805089976535,a3c,agent,class_imbalance_shift,23303,3,main,
0.8813520349505634,0.06965823115053484,510608.4322641255,500875.8897272203,611809.2442165932,0.7684925610790599,50082.67179020189,1.996658719809826e-05,11.180339887498949,a3c,agent,noise,23400,0,main,
0.854679802955665,0.06743515850144093,503430.1361057816,494108.3530404482,603718.1335500637,0.7025857703414957,46480.01839878963,2.1514158562972452e-05,11.874342087037917,a3c,agent,noise,23401,1,main,
0.8534919585811853,0.06633970056788849,558531.9290710886,548520.3196685759,672333.6024006419,0.7586396703260697,60888.27734909286,1.6423252886822087e-05,11.970380110923799,a3c,agent,noise,23402,2,main,
0.8699683401175938,0.0662854172082142,540119.3362279878,529810.405068932,649410.5497227993,0.7951842085166306,49718.28332984258,2.0112920642196355e-05,11.970380110923797,a3c,agent,noise,23403,3,main,
0.8943572337717437,0.06783681214421253,566583.486417712,555694.8034219802,679481.0709290282,0.8334073009186583,55557.12459633291,1.7999167669277383e-05,11.970380110923797,a3c,agent,split_policy_dynamics,23500,0,main,
0.904857846429371,0.06853043047996042,578129.5783440653,566874.5341209201,693016.7479833637,0.8057839816580276,49236.660098458946,2.0309657242044658e-05,11.970380110923797,a3c,agent,split_policy_dynamics,23501,1,main,
0.8900343642611683,0.07773487773487774,488362.5848116854,479016.8830331079,583200.98367338,0.7853114420999717,44989.143424600574,2.2227090733238267e-05,14.706801147768333,a3c,agent,split_policy_dynamics,23502,2,main,
0.9105041083721963,0.07658536585365854,509813.01957473333,500220.0293934356,608621.0368102915,0.8179726324363344,55134.72452043218,1.8137061019836972e-05,11.631422956801115,a3c,agent,split_policy_dynamics,23503,3,main,
0.6280419736548337,0.07109847138286526,381573.7218965015,374093.0135945723,462224.6032240552,0.5861835969473833,35059.808648905106,2.8521874951997962e-05,1.2206555615733707,a2c,agent,base_market,23000,0,main,
0.634575329784772,0.06272793581327499,403690.3891022651,395794.7574611023,491450.72030530404,0.5745735016747676,37032.67390646086,2.7002451944837718e-05,0.7000000000000002,a2c,agent,base_market,23001,1,main,
0.625,0.0558303886925795,470591.4815203291,462159.7980586098,575407.1186843833,0.5924052553466221,44876.6196637953,2.2282821760413973e-05,1.2206555615733707,a2c,agent,base_market,23002,2,main,
0.617587373167982,0.056589996349032494,437828.9910428082,429274.4458589854,534805.0972403148,0.5727843240910613,39125.58299661221,2.555807135232293e-05,0.7000000000000002,a2c,agent,base_market,23003,3,main,
0.6102811950790861,0.06767458603311735,387630.47057130514,380118.4471221699,472729.2819978749,0.5972280201772389,36067.21075731403,2.772524555566474e-05,1.2206555615733703,a2c,agent,drift,23100,0,main,
0.6026913743657621,0.06954612005856516,333261.1286700036,326583.3312235831,404518.82877208036,0.5706748602023541,24181.419588908826,4.135235501656113e-05,1.2206555615733707,a2c,agent,drift,23101,1,main,
0.6211246525550567,0.06746987951807229,390187.8852695116,382562.6580308433,474298.2555990468,0.6265562425510075,37420.62793867796,2.6722514628136413e-05,0.7000000000000002,a2c,agent,drift,23102,2,main,
0.6042479410489814,0.0746054519368723,367521.4647414625,359991.0376755717,447485.2467239795,0.5723553832371469,41228.66421610309,2.4254381378382158e-05,1.2206555615733707,a2c,agent,drift,23103,3,main,
0.5889524757402339,0.08534009294465568,268143.82567666227,262819.8339551619,324943.26359952166,0.5703873718844024,28013.35296316521,3.569598774295641e-05,1.5779733838059502,a2c,agent,adverse_stress,23200,0,main,
0.5810348757693184,0.09101608473911338,253629.86452282962,248121.74921981533,305685.64116748853,0.6210456971446876,22334.41369078888,4.477194888100057e-05,1.2206555615733707,a2c,agent,adverse_stress,23201,1,main,
0.5922058074375955,0.07741935483870968,314747.735451483,307922.8761279787,382627.84974448546,0.5775142429996861,18063.35486195744,5.5357637050517995e-05,1.2206555615733703,a2c,agent,adverse_stress,23202,2,main,
0.5812876331635016,0.07410358565737052,337044.11703622085,330314.368130733,411026.21240114025,0.5928641459053285,29209.858965809082,3.4233844378574645e-05,1.2206555615733707,a2c,agent,adverse_stress,23203,3,main,
0.6048717395990515,0.06272273699215966,412057.6066128626,404043.0786109964,503368.1098400629,0.5527974358808361,42290.11158048308,2.3645630550450935e-05,0.7000000000000002,a2c,agent,class_imbalance_shift,23300,0,main,
0.6231167078929616,0.06243233489714904,406261.68330784497,398440.05402001773,495189.16504314786,0.5370128735993844,44260.46840181809,2.2593014558887155e-05,0.7000000000000002,a2c,agent,class_imbalance_shift,23301,1,main,
0.6066815144766147,0.06167400881057269,379911.4837372574,372303.84038121597,463238.9842886071,0.5331208013208663,32222.25587467638,3.103348723944064e-05,1.2206555615733707,a2c,agent,class_imbalance_shift,23302,2,main,
0.6144366197183099,0.07127507163323782,358908.7514445536,352103.72149973264,436455.3853011314,0.5398941681364627,40337.87847947771,2.478998022983577e-05,1.5779733838059502,a2c,agent,class_imbalance_shift,23303,3,main,
0.5891009427454588,0.0585480093676815,378788.9520931464,371849.41598848987,462845.2697355924,0.5355455160472873,37322.859431351426,2.679251329405706e-05,1.2206555615733703,a2c,agent,noise,23400,0,main,
0.5980295566502463,0.06260296540362438,377124.16936565086,369902.0767764594,460364.74608911545,0.5139679790622109,31556.790305794522,3.168789672248959e-05,1.2206555615733707,a2c,agent,noise,23401,1,main,
0.5866931042079754,0.05707848291400676,407716.7566992736,400273.8924317306,499062.31645345717,0.5439301228140668,40127.453340436645,2.491997365351532e-05,1.2206555615733707,a2c,agent,noise,23402,2,main,
0.5976933514246947,0.053348467650397274,414629.59451354184,406580.3425729753,507003.15557442,0.572908076283656,33204.61488625841,3.0115388720412865e-05,0.7000000000000002,a2c,agent,noise,23403,3,main,
0.6147645311837081,0.060041407867494824,425594.3998540796,417375.9145636709,519749.45580818737,0.6076912337010081,40592.61708966795,2.463441476011075e-05,0.7000000000000002,a2c,agent,split_policy_dynamics,23500,0,main,
0.623237071860309,0.05962643678160919,442371.7359425053,433783.7754159134,538798.800842517,0.5905853970495767,36651.44973866532,2.7283305948990426e-05,0.7000000000000002,a2c,agent,split_policy_dynamics,23501,1,main,
0.6187857961053838,0.07404664938911515,374559.4790388569,367428.2588811931,455967.395216124,0.5817304875402839,33068.91271213748,3.023896702433615e-05,0.7000000000000002,a2c,agent,split_policy_dynamics,23502,2,main,
0.6244725738396625,0.06792318634423898,397972.0788895112,390307.1298783258,484787.46597555303,0.5924601805692522,38654.52981786124,2.586951995514852e-05,1.2206555615733707,a2c,agent,split_policy_dynamics,23503,3,main,
0.5914266577361018,0.06568516421291053,368980.862137345,361817.83262976183,450015.4383312951,0.567696810596179,30567.960797616437,3.2712921012282934e-05,0.0,ppo,agent,base_market,23000,0,main,
0.5848183290904884,0.060546102097348634,380964.26241756394,373709.18385710416,465799.850352258,0.5449122570405074,34731.76128983239,2.879126112822876e-05,0.0,ppo,agent,base_market,23001,1,main,
0.5854681978798587,0.053187476423990944,436809.34081719915,428959.5166906346,535449.8933980137,0.5714535044874401,39057.880721759466,2.560237214997577e-05,0.0,ppo,agent,base_market,23002,2,main,
0.581510710259301,0.05854982551376502,390457.24989972287,382885.8993124177,477746.8371703819,0.5567489192766211,33487.90902690793,2.9860632342382733e-05,0.0,ppo,agent,base_market,23003,3,main,
0.5771089630931459,0.06433193757137419,375268.66436847276,367895.59908433724,458916.0939381131,0.5785104869211191,30417.6209462862,3.2874600126212814e-05,0.0,ppo,agent,drift,23100,0,main,
0.5676152658283697,0.06762534006995725,300829.5695856319,294696.72862468363,366507.33111884363,0.5515792190863251,20438.306384908938,4.8925339303017415e-05,0.0,ppo,agent,drift,23101,1,main,
0.5648920248022237,0.06207418622255867,366882.98450010887,359593.41680908663,448557.1608070025,0.5875698183091423,31929.42106551429,3.131809624270902e-05,0.0,ppo,agent,drift,23102,2,main,
0.55938448201127,0.07245253777605579,333211.7530249476,326367.5240508985,406755.1500395732,0.5468002449132012,32965.085897601435,3.0334204767474642e-05,0.0,ppo,agent,drift,23103,3,main,
0.5685493903956208,0.08052516411378556,287720.3183995817,281952.0438903508,350321.3379386705,0.5637444617193919,26909.656733240543,3.715999984365976e-05,0.0,ppo,agent,adverse_stress,23200,0,main,
0.546614998860269,0.07964970809007506,275931.2132277837,270180.4572450704,335548.48546532483,0.6009541745339457,22830.39807679932,4.379933268371219e-05,0.0,ppo,agent,adverse_stress,23201,1,main,
0.5715741212429954,0.07219251336898395,320427.7514449976,313546.0351390069,390977.3739286203,0.5683458147430795,18095.381483665198,5.5259666188108144e-05,0.0,ppo,agent,adverse_stress,23202,2,main,
0.5602130616025938,0.07234394377842084,320067.6757613252,313572.37588108797,391150.5377957021,0.5859010579488522,25662.55045075794,3.896576983448782e-05,0.0,ppo,agent,adverse_stress,23203,3,main,
0.5458072860530286,0.06240126382306477,358870.7518577918,351852.7171931156,440188.7682398425,0.509010588561235,34146.24803930472,2.928493677876951e-05,0.0,ppo,agent,class_imbalance_shift,23300,0,main,
0.5704969642455588,0.05675995270003942,391055.3770460497,383560.77215877845,478950.53951364825,0.5049005170677631,40963.38895720801,2.4411446757929537e-05,0.0,ppo,agent,class_imbalance_shift,23301,1,main,
0.5650334075723831,0.05754828537642885,372423.71420542925,365016.00964646274,456105.43660691916,0.5113369392015589,31905.660464237633,3.13414185455367e-05,0.0,ppo,agent,class_imbalance_shift,23302,2,main,
0.5600792253521126,0.06994106090373281,323592.0668226587,317407.6642162087,395591.69385957415,0.507856550101577,33808.91176358034,2.9577125400167082e-05,0.0,ppo,agent,class_imbalance_shift,23303,3,main,
0.5707059094044608,0.0547945205479452,377883.89086622495,370990.80602425983,462811.84294043464,0.5277878941962036,34088.286587105,2.9334729474164803e-05,0.0,ppo,agent,noise,23400,0,main,
0.5667487684729065,0.05780095610604085,368547.28736731206,361406.5394593211,451282.38264125097,0.49575977349031547,30190.08009219557,3.3122365842701374e-05,0.0,ppo,agent,noise,23401,1,main,
0.5666446353822427,0.05404354587869362,406873.95850089303,399363.3423548603,498954.5675092315,0.5339478611214346,37833.69024724899,2.643077010714291e-05,0.0,ppo,agent,noise,23402,2,main,
0.5710085933966531,0.04831683168316832,413918.59150033153,405859.07019548496,507561.41687006503,0.5595121292387006,30989.720536267676,3.2267723457082084e-05,0.0,ppo,agent,noise,23403,3,main,
0.587611370386084,0.05848375451263538,403608.5915283908,395729.86662540777,493697.4657585676,0.5928376051064073,34967.792391732415,2.8596926905500675e-05,0.0,ppo,agent,split_policy_dynamics,23500,0,main,
0.5934631743899709,0.05394190871369295,436003.3245417407,427656.4862752259,533585.6452914034,0.5715524785304607,35114.077304657214,2.847779577199942e-05,0.0,ppo,agent,split_policy_dynamics,23501,1,main,
0.5974799541809851,0.06978527607361963,360688.1537265746,353793.3074304951,439740.6051066924,0.5721460073619773,31508.95069149615,3.17360065012694e-05,0.0,ppo,agent,split_policy_dynamics,23502,2,main,
0.5887186320230957,0.05960015088645794,399821.8320714571,392308.27044560615,489130.53798935533,0.57506500972189,37867.01725286537,2.64075088305378e-05,0.0,ppo,agent,split_policy_dynamics,23503,3,main,
0.9778968519758875,0.0776255707762557,531660.6116562486,520875.76931781357,627547.3427493051,0.8700497523500055,47844.394339023595,2.090065331919276e-05,1.5779733838059502,sac,agent,base_market,23000,0,main,
0.9777829206202268,0.06840236686390533,595688.6098018218,584263.1162517089,711967.8890961206,0.8405264174492019,55539.487242108546,1.8004883458095423e-05,1.0,sac,agent,base_market,23001,1,main,
0.980565371024735,0.06666666666666667,648442.3276695544,636460.659143172,777382.8210036184,0.8859632296426087,63392.618144522996,1.5774458522311e-05,0.7000000000000001,sac,agent,base_market,23002,2,main,
0.97880496054115,0.06841741534208708,612457.4352009734,600301.8330416658,732963.8637934219,0.8645894148105981,53305.3429900995,1.875949359695765e-05,0.0,sac,agent,base_market,23003,3,main,
0.9718804920913884,0.07504520795660036,560716.48260394,549654.2108242334,667643.4383944332,0.8856685043326171,54828.502540487025,1.8238356243731797e-05,0.0,sac,agent,drift,23100,0,main,
0.9777189499227884,0.07445848375451264,523422.296360733,512558.8115819246,620286.6214341131,0.8791829568160459,42387.07788133239,2.3591539177585536e-05,1.0,sac,agent,drift,23101,1,main,
0.9739149027154159,0.07596048298572997,527135.7096817803,516680.1254201519,623780.9562532126,0.9242576740771977,50135.04628735041,1.9945729152007452e-05,1.0,sac,agent,drift,23102,2,main,
0.9748591244039878,0.082258781680747,561229.9941329425,549691.9487172227,666917.9039176791,0.8831541583047924,59657.94164563004,1.6761946699288272e-05,1.4142135623730951,sac,agent,drift,23103,3,main,
0.9619308285643194,0.09648215209518883,371966.53589284717,363948.15280665597,432627.20996639226,0.8760855768692216,31895.805262262587,3.1351102148876006e-05,0.0,sac,agent,adverse_stress,23200,0,main,
0.9628447686346022,0.09375,397121.2556308203,388557.4314848152,456694.85104799236,0.9656077613273765,32702.285077749388,3.057796785927107e-05,2.0,sac,agent,adverse_stress,23201,1,main,
0.9579724910850739,0.09119914916245679,398752.09348117455,389256.6469097685,467412.120182144,0.8728055604263418,20857.289098342724,4.794257071062718e-05,1.0,sac,agent,adverse_stress,23202,2,main,
0.951829550717925,0.08637469586374696,464504.6352788213,454545.02336208476,548850.0930579989,0.931653102229662,41881.690255856374,2.3876212198670117e-05,0.0,sac,agent,adverse_stress,23203,3,main,
0.9726234102177194,0.07313829787234043,587618.7492992514,575965.694308216,702367.4386372922,0.8354960029858454,60619.05332782943,1.64961913608367e-05,0.0,sac,agent,class_imbalance_shift,23300,0,main,
0.9727906453789071,0.0691169671752196,560489.6509955865,549318.2045766709,668852.90374084,0.7938594065770335,55252.566826032205,1.809837911728912e-05,1.7320508075688772,sac,agent,class_imbalance_shift,23301,1,main,
0.9728285077951002,0.07165750915750915,546259.391165718,535204.3855509628,651027.5826763585,0.8135809007909189,48793.600045942134,2.049407104594481e-05,1.0,sac,agent,class_imbalance_shift,23302,2,main,
0.9694102112676056,0.08036322360953461,523034.1589558834,512509.14128568856,622151.1627297984,0.8189794996448891,49166.10080078486,2.033880346233547e-05,1.4142135623730951,sac,agent,class_imbalance_shift,23303,3,main,
0.9176822257990342,0.06965672763718367,532670.2766196071,522362.3281102456,636997.7053320464,0.8031587367424066,49551.5508216613,2.0180595820364146e-05,2.0,sac,agent,noise,23400,0,main,
0.9118226600985222,0.06672069151809833,539525.8984536456,529202.1205403703,646138.75640389,0.7500188747190606,46202.47579335463,2.1643393334140208e-05,2.23606797749979,sac,agent,noise,23401,1,main,
0.914738929279577,0.06767822736030829,588892.0435678826,578038.7147240704,707356.4066549202,0.8156956800788429,60058.94135732362,1.665003290713439e-05,2.0,sac,agent,noise,23402,2,main,
0.9228855721393034,0.06763048272482235,565088.5024736812,554081.7126353917,676888.4073874231,0.840466961629305,49782.95777437611,2.0086791904574163e-05,1.4142135623730951,sac,agent,noise,23403,3,main,
0.9679677556215528,0.06815691431076046,613767.1294593286,601551.0852177934,733927.0262735033,0.9044667453591231,55459.56774717916,1.8030828760328768e-05,0.0,sac,agent,split_policy_dynamics,23500,0,main,
0.9794045220505933,0.06994285714285714,617449.6320773308,605140.6863683491,735947.3900858138,0.8738160855313265,49393.0887459896,2.0245337557344693e-05,1.0,sac,agent,split_policy_dynamics,23501,1,main,
0.9747995418098511,0.0808460634547591,528061.8937422803,517588.53833901655,626904.9573001054,0.8613160298732118,45014.24756515127,2.2214695110866254e-05,0.0,sac,agent,split_policy_dynamics,23502,2,main,
0.97423939595825,0.07750170959653521,538710.6336056774,528323.1392299555,640096.9621938055,0.8760966358610975,55150.301202627394,1.8131938470970477e-05,0.0,sac,agent,split_policy_dynamics,23503,3,main,
0.7266845158411424,0.05772182990482039,490631.8949975671,481501.5823359229,594257.6900459575,0.6631846203275651,43164.708581369414,2.3166537347926363e-05,0.0,static_threshold,baseline,base_market,73000,0,main,
0.7255948410051145,0.060067422617223414,494983.13733382215,485705.39645713294,600486.4740362366,0.6845782479226428,43364.29637837661,2.3059913883089095e-05,0.0,static_threshold,baseline,base_market,73001,1,main,
0.7370454545454546,0.061979648473635525,456622.7795472676,447581.88341384375,551983.5254999574,0.6822800641001869,34609.81314809768,2.8892704592667543e-05,0.0,static_threshold,baseline,base_market,73002,2,main,
0.7131336405529954,0.06235864297253635,445602.9233206272,436999.8038944876,537914.1273973647,0.6430223989506362,47334.39193790532,2.112584176575114e-05,0.0,static_threshold,baseline,base_market,73003,3,main,
0.7082896117523609,0.06488888888888888,472647.92334919673,463448.1052463198,573419.6182555291,0.7015252195380746,42350.441011827075,2.3611947459373098e-05,0.0,static_threshold,baseline,drift,73100,0,main,
0.7015404364569962,0.0652637999390058,455026.265872501,446009.1162676065,551747.6533090367,0.6886056442479482,41913.55622545237,2.3858060064411606e-05,0.0,static_threshold,baseline,drift,73101,1,main,
0.6988184747583244,0.06547802028896403,458573.34949534445,449792.7280576867,556526.3711202518,0.6656001023875494,40829.76093677044,2.4491338810672094e-05,0.0,static_threshold,baseline,drift,73102,2,main,
0.7040122780092085,0.07256306446589847,393025.86718823377,385235.1565780962,473796.1902399145,0.663833494973918,30984.461104792106,3.227320053808537e-05,0.0,static_threshold,baseline,drift,73103,3,main,
0.6805288461538461,0.08124337689862239,372568.326775535,364884.6905435753,450204.69255667634,0.6822448041674151,29294.45205094827,3.4134991269664695e-05,0.0,static_threshold,baseline,adverse_stress,73200,0,main,
0.6956838021338506,0.08434994771697456,364143.97828703787,356352.0561124543,438556.95438584127,0.7002852774726127,25915.785375459174,3.8585032268195905e-05,0.0,static_threshold,baseline,adverse_stress,73201,1,main,
0.6756697887170551,0.07543520309477757,394811.1735467546,386528.4735542576,478212.85390868434,0.746463217179842,27636.961539685417,3.6182118517101833e-05,0.0,static_threshold,baseline,adverse_stress,73202,2,main,
0.6793338024865119,0.07251381215469613,397098.6893932961,388506.18768423103,477965.9321752401,0.7033902489568492,29036.472263738833,3.443825932633852e-05,0.0,static_threshold,baseline,adverse_stress,73203,3,main,
0.6870451237263464,0.06900726392251816,436396.8260717127,427650.2222760471,529287.4233998611,0.6454649970160914,36992.88476034594,2.703149470454934e-05,0.0,static_threshold,baseline,class_imbalance_shift,73300,0,main,
0.7073995771670191,0.05977286312014345,506088.9059626782,496523.04947413877,614929.8882910041,0.6429144729197046,44711.795461070324,2.2364962639624282e-05,0.0,static_threshold,baseline,class_imbalance_shift,73301,1,main,
0.7083876575401999,0.06288343558282208,420283.81196955894,412129.6137729397,508330.1815185312,0.6317983730717394,36091.19157448443,2.7706824007521767e-05,0.0,static_threshold,baseline,class_imbalance_shift,73302,2,main,
0.6983922829581993,0.06292203806015961,442473.98057757353,433677.87045832584,536172.4843139669,0.6411883828893428,34767.283581575306,2.8761845480630173e-05,0.0,static_threshold,baseline,class_imbalance_shift,73303,3,main,
0.6666666666666666,0.06038487060384871,454619.44869162195,446158.4321884863,553018.7002445116,0.6334144515488929,42200.74703990054,2.369570148492973e-05,0.0,static_threshold,baseline,noise,73400,0,main,
0.669914173045697,0.05713296398891967,415294.2674555917,407308.3620417399,504074.8482516015,0.5935578479813063,35615.231763933225,2.8077085937335175e-05,0.0,static_threshold,baseline,noise,73401,1,main,
0.6747529200359389,0.05725699067909454,447009.3378163708,437965.9944007553,543192.2308817889,0.6309538191475053,37369.63116960612,2.6758980747783286e-05,0.0,static_threshold,baseline,noise,73402,2,main,
0.6817132059626286,0.055435786880197103,506781.0369631044,496841.55690721574,615141.6500650103,0.6772386191535646,41970.31877834798,2.3825794116240078e-05,0.0,static_threshold,baseline,noise,73403,3,main,
0.6991779604532327,0.06259930092151256,453706.7507091234,444736.6741171408,548144.5734972202,0.6530717755388259,36073.82293778029,2.7720163775293934e-05,0.0,static_threshold,baseline,split_policy_dynamics,73500,0,main,
0.7097278000892459,0.06538824269097768,428912.24440358067,419996.84817317827,516270.6837863085,0.6639016681510489,32350.271755374662,3.0910685909399076e-05,0.0,static_threshold,baseline,split_policy_dynamics,73501,1,main,
0.7148837209302326,0.05302537410540013,475540.8751135464,466564.1108751367,576532.2660923633,0.648005512235354,35949.062771128214,2.7816363113644075e-05,0.0,static_threshold,baseline,split_policy_dynamics,73502,2,main,
0.720702234382125,0.06580196140461879,453890.17376005603,445501.7031027913,548772.8242357569,0.6534645845443937,45830.56655331383,2.181902289629887e-05,0.0,static_threshold,baseline,split_policy_dynamics,73503,3,main,
0.9624914753353034,0.0668398677373642,600301.1655493127,588388.3899511576,718653.9317614108,0.8458113292177333,55040.35843218254,1.8168156246218345e-05,7.871467461661771,profit_oriented,baseline,base_market,73000,0,main,
0.9540412044374009,0.06668248694826769,552946.5834582499,542045.6263725715,660193.4495393794,0.853796280503069,49668.61341683282,2.0133033684153948e-05,8.243785538209979,profit_oriented,baseline,base_market,73001,1,main,
0.9651697699890471,0.06650022696323196,659405.489527391,646517.5192598733,790902.1080466341,0.8847467865903388,64557.45087277766,1.5489838843417315e-05,6.321392251711643,profit_oriented,baseline,base_market,73002,2,main,
0.9598765432098766,0.06406134058867177,568293.736060523,557540.7785498551,677337.209032926,0.8122219395201135,54015.616944103225,1.851282173103893e-05,6.925315877272314,profit_oriented,baseline,base_market,73003,3,main,
0.9634093844167025,0.07819481680071493,509723.33020812523,499848.325189664,604386.39007479,0.8929710888473094,46285.90439332898,2.160438277536061e-05,6.1975801729384665,profit_oriented,baseline,drift,73100,0,main,
0.9573961937716263,0.07250960018070929,568075.640401056,556841.63733316,677407.6097817906,0.8928709094343278,46772.85216789284,2.1379466382425392e-05,7.175653280364095,profit_oriented,baseline,drift,73101,1,main,
0.9564444444444444,0.08503717472118959,451726.74197846185,442564.33468285983,532620.2797122293,0.8449803005003276,45039.63744361975,2.2202172454858437e-05,5.872818744010409,profit_oriented,baseline,drift,73102,2,main,
0.9511443661971831,0.07843590930124943,486938.1010432872,477362.1128560521,577951.5199075172,0.8640044553917213,43875.54568631017,2.2791219872899153e-05,7.413501197140255,profit_oriented,baseline,drift,73103,3,main,
0.911619137402781,0.08634953464322648,436496.89801062614,426994.63788884605,516067.38243611436,0.8948876039350068,31370.677507111446,3.1875885494912294e-05,8.149233092751734,profit_oriented,baseline,adverse_stress,73200,0,main,
0.8945286750164799,0.09236059936133628,423058.90171885403,413686.49359199544,495961.7761519886,0.9562063363037543,33869.82287985314,2.952393579415558e-05,8.084553172563094,profit_oriented,baseline,adverse_stress,73201,1,main,
0.8997872843299456,0.08668242710795902,415302.8869286687,407178.74180370505,490098.78533862415,0.8834557247531052,30953.636876199933,3.230533777538412e-05,7.1000000000000005,profit_oriented,baseline,adverse_stress,73202,2,main,
0.9129616560809222,0.08631795928884309,434862.06581406586,425518.4263984361,513231.19911068946,0.8931536169267031,30852.979304244673,3.241073023804184e-05,9.53729521405309,profit_oriented,baseline,adverse_stress,73203,3,main,
0.9512841418671015,0.07906578101564174,539341.4117340711,528074.3800225963,637696.2047441736,0.8553570079330814,51163.86199205683,1.9544663291679483e-05,7.138627319029899,profit_oriented,baseline,class_imbalance_shift,73300,0,main,
0.9568171854449803,0.07628865979381444,528470.2656972231,517656.24597009673,629666.920880616,0.8236080182134793,48981.24513566167,2.0415560724715473e-05,7.841555968046138,profit_oriented,baseline,class_imbalance_shift,73301,1,main,
0.9505759162303665,0.07424542850848205,600607.2794247993,588636.9743908693,719534.4613998609,0.8354361649438273,58667.0358468469,1.7045056742831876e-05,8.121576201698781,profit_oriented,baseline,class_imbalance_shift,73302,2,main,
0.9503267973856209,0.07565337001375516,535629.9662023524,525311.2647812141,638296.740607089,0.81746861995996,47982.076019043256,2.0840681401982765e-05,7.841555968046138,profit_oriented,baseline,class_imbalance_shift,73303,3,main,
0.9059742878749685,0.07067334446299388,478583.06785285205,469286.4985276628,570574.3959591854,0.7402122535784108,45853.97363851495,2.1807885179113273e-05,7.582216034906946,profit_oriented,baseline,noise,73400,0,main,
0.9001588382119355,0.06806150743634988,543800.6010744146,533121.0447649627,651225.9190643515,0.8038297368313091,43656.74967522726,2.2905440785177037e-05,7.807688518377254,profit_oriented,baseline,noise,73401,1,main,
0.9073100812231247,0.058715113217482885,561190.3133379951,550252.2544472115,671597.3394294064,0.7814257752375533,46296.10960539996,2.159962054917059e-05,7.313685801290619,profit_oriented,baseline,noise,73402,2,main,
0.8985672049124404,0.06985573272589218,525463.7039518555,515393.8960045301,627677.9168863951,0.810123377884488,54627.267160454976,1.8305541288043876e-05,7.7723870207292185,profit_oriented,baseline,noise,73403,3,main,
0.9539069359086918,0.06833870225494708,607177.8882464807,594589.9683821893,727518.9754723172,0.8628731917069186,48295.390130657484,2.0705481243933012e-05,7.772387020729218,profit_oriented,baseline,split_policy_dynamics,73500,0,main,
0.9616493017069386,0.06639004149377593,626183.8247308241,613888.2426980315,746697.4985476495,0.8808788606267874,54395.34047096984,1.838358961911562e-05,5.872818744010409,profit_oriented,baseline,split_policy_dynamics,73501,1,main,
0.9546932581833948,0.07425068119891008,602734.3057306552,590558.962508053,718947.7804140048,0.8827770090810875,47978.30154057794,2.084232091528597e-05,8.482924024179399,profit_oriented,baseline,split_policy_dynamics,73502,2,main,
0.9495853339153209,0.07584463341760515,567380.6490538147,556062.850834895,673121.5554860882,0.8734556303025587,47074.07302836829,2.1242664868461953e-05,9.162968951164245,profit_oriented,baseline,split_policy_dynamics,73503,3,main,
0.6461401160196341,0.053522099447513814,447496.00480393047,439206.4367097208,545288.6937083285,0.6061907153193716,38995.091200686846,2.5643595786399916e-05,0.0,risk_aware_weekly,baseline,base_market,73000,0,main,
0.6428730264620859,0.05430646835005189,460442.0776600264,451782.9581491774,561803.0808678443,0.6249663242277916,40012.536266365976,2.4991542695529417e-05,0.0,risk_aware_weekly,baseline,base_market,73001,1,main,
0.6543181818181818,0.06009030913511636,401320.5599288495,393257.37388292095,487413.97799182765,0.6209616899692864,30185.899771465552,3.31269526705508e-05,0.0,risk_aware_weekly,baseline,base_market,73002,2,main,
0.6338709677419355,0.060705198109778265,392706.2388732047,385135.32252099155,476388.009178146,0.5849168815418555,39761.11771688654,2.5149565903913383e-05,0.0,risk_aware_weekly,baseline,base_market,73003,3,main,
0.6167890870933893,0.06668935011908812,408005.0809597771,400064.50800333405,497675.8212458295,0.6321305244608376,35572.631134748524,2.811070919952263e-05,0.0,risk_aware_weekly,baseline,drift,73100,0,main,
0.6178861788617886,0.06301939058171745,405180.56508489384,397203.1065005794,493834.9734658359,0.6283307788773361,34973.367885711086,2.859236808132718e-05,0.0,risk_aware_weekly,baseline,drift,73101,1,main,
0.6195488721804512,0.05929264909847434,421013.58739267534,412901.15062531363,513656.96647763904,0.60544210074043,37067.26454718053,2.6977254322958627e-05,0.0,risk_aware_weekly,baseline,drift,73102,2,main,
0.5485639114229336,0.06434852118305355,321662.6023141565,315394.1534334011,393095.1262106681,0.5462839153933415,23753.425161509364,4.209741945767463e-05,0.7000000000000002,risk_aware_weekly,baseline,drift,73103,3,main,
0.6245192307692308,0.073518090839107,371508.8113316459,363952.1504995773,451804.809468586,0.6410122710346662,27994.59876687961,3.571990041459863e-05,0.0,risk_aware_weekly,baseline,adverse_stress,73200,0,main,
0.6251212415130941,0.082622187742436,315645.54096284986,308739.3789884487,381763.424576111,0.6445528368670175,20239.33952912612,4.940628582643027e-05,0.0,risk_aware_weekly,baseline,adverse_stress,73201,1,main,
0.6085820082770638,0.06979241231209735,370719.3181346017,362991.4212001191,451691.62696610973,0.6880401421183949,24018.807877114883,4.163230634965903e-05,0.0,risk_aware_weekly,baseline,adverse_stress,73202,2,main,
0.6141215106732348,0.06684491978609626,377408.58275865763,369568.6677327596,458629.67026048043,0.6511900906754595,27091.177475661258,3.691102351955164e-05,0.0,risk_aware_weekly,baseline,adverse_stress,73203,3,main,
0.6028280307756291,0.06416005519144533,404337.63812877086,396575.6528590402,493820.81282927986,0.5810086921726636,36071.01258483853,2.7722323439760363e-05,0.0,risk_aware_weekly,baseline,class_imbalance_shift,73300,0,main,
0.6128964059196618,0.05760607105898586,439491.9323230458,431108.5377810136,536680.7642791154,0.5757627674634705,36348.437668957755,2.7510741957199387e-05,0.0,risk_aware_weekly,baseline,class_imbalance_shift,73301,1,main,
0.6079965232507606,0.054324517512508934,390254.9576769576,382736.7251659304,476120.5591898286,0.5594181766749569,32822.936039754095,3.0465572403896618e-05,0.0,risk_aware_weekly,baseline,class_imbalance_shift,73302,2,main,
0.6004287245444802,0.06104962513388076,383923.8533776675,376238.10237317794,468378.86396488454,0.5709529354776052,28268.96001351304,3.537323715781699e-05,0.0,risk_aware_weekly,baseline,class_imbalance_shift,73303,3,main,
0.6244193762441937,0.05880269217144881,417328.71145817323,409624.8867110253,508710.82832519466,0.6026574468432528,38308.95593757897,2.610287523246877e-05,0.0,risk_aware_weekly,baseline,noise,73400,0,main,
0.6297842727905358,0.05303867403314917,404330.3611969542,396696.6411897371,491953.6353294166,0.5654623347138401,34112.16658816285,2.931419448896886e-05,0.0,risk_aware_weekly,baseline,noise,73401,1,main,
0.6302785265049416,0.05452601568068425,425486.06594735116,416965.7617033953,518712.3706230492,0.599811853870129,32040.523478430136,3.120950227829163e-05,0.0,risk_aware_weekly,baseline,noise,73402,2,main,
0.6327944572748267,0.051094890510948905,480390.6034776486,470994.38252133003,586620.1596836298,0.6412185195731307,38094.50096901636,2.624981886478708e-05,0.0,risk_aware_weekly,baseline,noise,73403,3,main,
0.6349700066651855,0.05983205038488453,413180.12328056013,405068.75515889033,501099.54147324176,0.6067327167402486,31873.764296535293,3.1372781009354713e-05,0.0,risk_aware_weekly,baseline,split_policy_dynamics,73500,0,main,
0.6385542168674698,0.05870020964360587,408737.1278375167,400622.6953965716,496857.8549362614,0.6139388662338461,28755.951276165313,3.477420086700332e-05,0.0,risk_aware_weekly,baseline,split_policy_dynamics,73501,1,main,
0.6358139534883721,0.04645208485735187,438305.0795220657,430304.4269801986,534350.9395260646,0.591084868581802,32565.083180107984,3.070679376667625e-05,0.0,risk_aware_weekly,baseline,split_policy_dynamics,73502,2,main,
0.6481988144094847,0.063665142455153,395106.9894400068,387946.8267444936,479532.39545867924,0.6050677986063016,39103.12717341425,2.5572748256605268e-05,0.0,risk_aware_weekly,baseline,split_policy_dynamics,73503,3,main,
0.9624914753353034,0.0668398677373642,600301.1655493127,588388.3899511576,718653.9317614108,0.8458113292177333,55040.35843218254,1.8168156246218345e-05,7.871467461661771,constraint_aware_weekly,baseline,base_market,73000,0,main,
0.9540412044374009,0.06668248694826769,552946.5834582499,542045.6263725715,660193.4495393794,0.853796280503069,49668.61341683282,2.0133033684153948e-05,8.243785538209979,constraint_aware_weekly,baseline,base_market,73001,1,main,
0.9634173055859803,0.0666211914506594,657339.4113813753,644493.2090193136,788406.5828099772,0.8827328566616337,64587.3331931911,1.548267234283451e-05,6.87386354243376,constraint_aware_weekly,baseline,base_market,73002,2,main,
0.9575023741690408,0.06397222910984379,567434.7445784169,556703.6091472887,676427.6369012855,0.8105239284870598,54017.70185669534,1.8512107207849445e-05,6.63023378170031,constraint_aware_weekly,baseline,base_market,73003,3,main,
0.9582436504520018,0.07816711590296496,508813.4543354103,498981.78119119105,603517.1873406451,0.8878249515437849,46272.91028390244,2.1610449470657238e-05,6.512296062065975,constraint_aware_weekly,baseline,drift,73100,0,main,
0.9493944636678201,0.07266514806378133,561233.5191301579,550051.3677016179,669135.069754698,0.8867964557322039,45072.955426772714,2.2185760946243183e-05,7.381734213584231,constraint_aware_weekly,baseline,drift,73101,1,main,
0.9531111111111111,0.0853345768244346,448342.6881429569,439216.5872896108,528578.9539910305,0.8431279264962958,44255.70264437667,2.2595447474599908e-05,6.441273166075168,constraint_aware_weekly,baseline,drift,73102,2,main,
0.9511443661971831,0.07843590930124943,486938.1010432872,477362.1128560521,577951.5199075172,0.8640044553917213,43875.54568631017,2.2791219872899153e-05,7.413501197140255,constraint_aware_weekly,baseline,drift,73103,3,main,
0.9017204807918925,0.08599059069524308,432120.17131018266,422708.7538053779,511299.8349576796,0.8844265279642542,30804.57729650436,3.246165427691804e-05,7.582216034906946,constraint_aware_weekly,baseline,adverse_stress,73200,0,main,
0.8718962865304328,0.0907258064516129,417985.88278693205,408806.5488599481,491163.7590268946,0.942873162239843,32887.247106593444,3.0405998737449274e-05,8.567963585356791,constraint_aware_weekly,baseline,adverse_stress,73201,1,main,
0.8756795083904514,0.08394062078272604,425615.30434171634,417437.79788402,504547.74568137387,0.8664870021553815,32561.95952577602,3.07097393653186e-05,7.9,constraint_aware_weekly,baseline,adverse_stress,73202,2,main,
0.9129616560809222,0.08631795928884309,434862.06581406586,425518.4263984361,513231.19911068946,0.8931536169267031,30852.979304244673,3.241073023804184e-05,9.53729521405309,constraint_aware_weekly,baseline,adverse_stress,73203,3,main,
0.9476151651039544,0.07915680791568079,534806.0533696953,523665.6043309381,632671.7952542651,0.8514883225547979,51140.32205056337,1.9553659543867502e-05,6.779380502671317,constraint_aware_weekly,baseline,class_imbalance_shift,73300,0,main,
0.9568171854449803,0.07628865979381444,528470.2656972231,517656.24597009673,629666.920880616,0.8236080182134793,48981.24513566167,2.0415560724715473e-05,7.841555968046138,constraint_aware_weekly,baseline,class_imbalance_shift,73301,1,main,
0.9489005235602094,0.0743765173250938,598525.746206821,586607.0624159987,717068.8338859932,0.8337929223149751,58658.95391279579,1.7047405142639653e-05,7.871467461661771,constraint_aware_weekly,baseline,class_imbalance_shift,73302,2,main,
0.9427015250544662,0.07580309683383407,529806.1680709523,519567.77027786465,631382.5945409935,0.8127086230255769,47085.39876546605,2.1237555349707837e-05,9.353608929178085,constraint_aware_weekly,baseline,class_imbalance_shift,73303,3,main,
0.9016889337030501,0.07045009784735812,476767.91376495914,467520.50686757365,568572.1230857477,0.7378538576951581,45603.7428600622,2.1927543875611626e-05,7.515982969645421,constraint_aware_weekly,baseline,noise,73400,0,main,
0.9001588382119355,0.06806150743634988,543800.6010744146,533121.0447649627,651225.9190643515,0.8038297368313091,43656.74967522726,2.2905440785177037e-05,7.807688518377254,constraint_aware_weekly,baseline,noise,73401,1,main,
0.9073100812231247,0.058715113217482885,561190.3133379951,550252.2544472115,671597.3394294064,0.7814257752375533,46296.10960539996,2.159962054917059e-05,7.313685801290619,constraint_aware_weekly,baseline,noise,73402,2,main,
0.8924266545371844,0.06957186544342507,522283.864157537,512291.96941346367,624044.3673941775,0.8047469901868761,54466.615993714026,1.8359533123597838e-05,8.210359310042406,constraint_aware_weekly,baseline,noise,73403,3,main,
0.9508340649692713,0.06809787626962142,605499.814250862,592927.2620947121,725591.3802334904,0.8602327070312706,47934.7099166086,2.0861274439027834e-05,8.210359310042405,constraint_aware_weekly,baseline,split_policy_dynamics,73500,0,main,
0.9614276213699845,0.06640534931980632,625945.4886574084,613653.7206485125,746414.469067358,0.8806537118394852,54397.047084764476,1.8383012876211778e-05,5.872818744010409,constraint_aware_weekly,baseline,split_policy_dynamics,73501,1,main,
0.952525471493605,0.07441966317705963,600053.3581001351,587939.8512275799,715773.3478318637,0.8805162057990094,47970.371335440424,2.0845766384443908e-05,8.059776671843954,constraint_aware_weekly,baseline,split_policy_dynamics,73502,2,main,
0.9495853339153209,0.07584463341760515,567380.6490538147,556062.850834895,673121.5554860882,0.8734556303025587,47074.07302836829,2.1242664868461953e-05,9.162968951164245,constraint_aware_weekly,baseline,split_policy_dynamics,73503,3,main,
0.6461401160196341,0.053522099447513814,447496.00480393047,439206.4367097208,545288.6937083285,0.6061907153193716,38995.091200686846,2.5643595786399916e-05,0.0,split_policy_static,baseline,base_market,73000,0,main,
0.6428730264620859,0.05430646835005189,460442.0776600264,451782.9581491774,561803.0808678443,0.6249663242277916,40012.536266365976,2.4991542695529417e-05,0.0,split_policy_static,baseline,base_market,73001,1,main,
0.6543181818181818,0.06009030913511636,401320.5599288495,393257.37388292095,487413.97799182765,0.6209616899692864,30185.899771465552,3.31269526705508e-05,0.0,split_policy_static,baseline,base_market,73002,2,main,
0.6338709677419355,0.060705198109778265,392706.2388732047,385135.32252099155,476388.009178146,0.5849168815418555,39761.11771688654,2.5149565903913383e-05,0.0,split_policy_static,baseline,base_market,73003,3,main,
0.6167890870933893,0.06668935011908812,408005.0809597771,400064.50800333405,497675.8212458295,0.6321305244608376,35572.631134748524,2.811070919952263e-05,0.0,split_policy_static,baseline,drift,73100,0,main,
0.6178861788617886,0.06301939058171745,405180.56508489384,397203.1065005794,493834.9734658359,0.6283307788773361,34973.367885711086,2.859236808132718e-05,0.0,split_policy_static,baseline,drift,73101,1,main,
0.6195488721804512,0.05929264909847434,421013.58739267534,412901.15062531363,513656.96647763904,0.60544210074043,37067.26454718053,2.6977254322958627e-05,0.0,split_policy_static,baseline,drift,73102,2,main,
0.6255207191405393,0.06869961444093936,356792.7859240157,349786.1354500148,432649.11593127775,0.6038350392488565,27581.9524960572,3.6254276990215e-05,0.0,split_policy_static,baseline,drift,73103,3,main,
0.6245192307692308,0.073518090839107,371508.8113316459,363952.1504995773,451804.809468586,0.6410122710346662,27994.59876687961,3.571990041459863e-05,0.0,split_policy_static,baseline,adverse_stress,73200,0,main,
0.6251212415130941,0.082622187742436,315645.54096284986,308739.3789884487,381763.424576111,0.6445528368670175,20239.33952912612,4.940628582643027e-05,0.0,split_policy_static,baseline,adverse_stress,73201,1,main,
0.6085820082770638,0.06979241231209735,370719.3181346017,362991.4212001191,451691.62696610973,0.6880401421183949,24018.807877114883,4.163230634965903e-05,0.0,split_policy_static,baseline,adverse_stress,73202,2,main,
0.6141215106732348,0.06684491978609626,377408.58275865763,369568.6677327596,458629.67026048043,0.6511900906754595,27091.177475661258,3.691102351955164e-05,0.0,split_policy_static,baseline,adverse_stress,73203,3,main,
0.6028280307756291,0.06416005519144533,404337.63812877086,396575.6528590402,493820.81282927986,0.5810086921726636,36071.01258483853,2.7722323439760363e-05,0.0,split_policy_static,baseline,class_imbalance_shift,73300,0,main,
0.6128964059196618,0.05760607105898586,439491.9323230458,431108.5377810136,536680.7642791154,0.5757627674634705,36348.437668957755,2.7510741957199387e-05,0.0,split_policy_static,baseline,class_imbalance_shift,73301,1,main,
0.6079965232507606,0.054324517512508934,390254.9576769576,382736.7251659304,476120.5591898286,0.5594181766749569,32822.936039754095,3.0465572403896618e-05,0.0,split_policy_static,baseline,class_imbalance_shift,73302,2,main,
0.6004287245444802,0.06104962513388076,383923.8533776675,376238.10237317794,468378.86396488454,0.5709529354776052,28268.96001351304,3.537323715781699e-05,0.0,split_policy_static,baseline,class_imbalance_shift,73303,3,main,
0.6244193762441937,0.05880269217144881,417328.71145817323,409624.8867110253,508710.82832519466,0.6026574468432528,38308.95593757897,2.610287523246877e-05,0.0,split_policy_static,baseline,noise,73400,0,main,
0.6297842727905358,0.05303867403314917,404330.3611969542,396696.6411897371,491953.6353294166,0.5654623347138401,34112.16658816285,2.931419448896886e-05,0.0,split_policy_static,baseline,noise,73401,1,main,
0.6302785265049416,0.05452601568068425,425486.06594735116,416965.7617033953,518712.3706230492,0.599811853870129,32040.523478430136,3.120950227829163e-05,0.0,split_policy_static,baseline,noise,73402,2,main,
0.6327944572748267,0.051094890510948905,480390.6034776486,470994.38252133003,586620.1596836298,0.6412185195731307,38094.50096901636,2.624981886478708e-05,0.0,split_policy_static,baseline,noise,73403,3,main,
0.6349700066651855,0.05983205038488453,413180.12328056013,405068.75515889033,501099.54147324176,0.6067327167402486,31873.764296535293,3.1372781009354713e-05,0.0,split_policy_static,baseline,split_policy_dynamics,73500,0,main,
0.6385542168674698,0.05870020964360587,408737.1278375167,400622.6953965716,496857.8549362614,0.6139388662338461,28755.951276165313,3.477420086700332e-05,0.0,split_policy_static,baseline,split_policy_dynamics,73501,1,main,
0.6358139534883721,0.04645208485735187,438305.0795220657,430304.4269801986,534350.9395260646,0.591084868581802,32565.083180107984,3.070679376667625e-05,0.0,split_policy_static,baseline,split_policy_dynamics,73502,2,main,
0.6481988144094847,0.063665142455153,395106.9894400068,387946.8267444936,479532.39545867924,0.6050677986063016,39103.12717341425,2.5572748256605268e-05,0.0,split_policy_static,baseline,split_policy_dynamics,73503,3,main,
0.6544003546885391,0.07079945799457994,424316.86847746954,416015.44491358654,516048.30764812196,0.6066774540632248,43700.652721876824,2.2882429787361454e-05,0.0,dqn,agent,base_market,37000,0,main,
0.6524349566377585,0.0705521472392638,415652.07680642774,407386.7624478455,505332.4977017733,0.5933556075467922,37859.09869934794,2.6413032040437414e-05,0.0,dqn,agent,base_market,37001,1,main,
0.6468200270635994,0.06415620641562064,420043.9316154609,411775.34834246,510990.31602313614,0.5895335307498144,42373.30123422267,2.3599209211085988e-05,0.0,dqn,agent,base_market,37002,2,main,
0.6548452676756268,0.061400482925146604,434549.75734774105,425861.1241345926,528683.7604200825,0.5854999397182973,33073.96505414432,3.0234347893126473e-05,0.0,dqn,agent,base_market,37003,3,main,
0.6447173406733009,0.08604269293924466,344886.5539659676,337967.8052452132,417644.84161810065,0.6212929524842993,33452.53525371458,2.9892206979498913e-05,0.0,dqn,agent,drift,37100,0,main,
0.6457938013915243,0.07835455435847209,384637.4531355635,376897.3201793986,467129.15595020214,0.6154196237015471,34426.123919788515,2.904686439476885e-05,0.0,dqn,agent,drift,37101,1,main,
0.6373456790123457,0.07955724662746455,370641.97524492815,363052.16868568026,449232.8593911679,0.5977019429451186,37174.51878522237,2.6899422864207877e-05,0.0,dqn,agent,drift,37102,2,main,
0.6291905151267375,0.07569850552306692,402722.00847536366,394708.55546153407,489495.1805181253,0.6272969548192975,38715.88759294818,2.582852243996333e-05,0.0,dqn,agent,drift,37103,3,main,
0.6277881040892194,0.0773501110288675,351259.8946610462,344154.15059767506,425913.18797858525,0.6364917066291789,33473.0668084617,2.9873872383716945e-05,0.0,dqn,agent,adverse_stress,37200,0,main,
0.614165890027959,0.07852807283763277,364562.3491729781,357074.3882718221,443671.91079659155,0.622772582739583,24359.195318975657,4.1050573975531236e-05,0.0,dqn,agent,adverse_stress,37201,1,main,
0.6213982050070855,0.0862789813759027,317801.4113653982,310781.50410062674,384964.2905714895,0.6144495647982695,24461.71183312422,4.087854228188758e-05,0.0,dqn,agent,adverse_stress,37202,2,main,
0.6286637433648742,0.0855359765051395,290067.14788307744,283732.7155417928,350014.2700498976,0.6700201640472081,16655.139879680486,6.00379203839385e-05,0.0,dqn,agent,adverse_stress,37203,3,main,
0.6667374681393373,0.07167887862376553,415299.2467946622,407215.8882875383,504103.79648217105,0.5942004515945171,37234.446895297246,2.6856129934787967e-05,0.0,dqn,agent,class_imbalance_shift,37300,0,main,
0.6644324324324324,0.06703547022453628,433253.4966725722,424993.46778411436,526674.7423332052,0.5876545608616374,36964.90139821866,2.7051957673841242e-05,0.0,dqn,agent,class_imbalance_shift,37301,1,main,
0.6636694497966175,0.0764516129032258,372123.94963156385,364739.93804387964,450362.1328452412,0.5764059707990488,35472.54364024615,2.8190022686807646e-05,0.0,dqn,agent,class_imbalance_shift,37302,2,main,
0.658022348724436,0.08010253123998719,335620.18588810577,329033.6849163317,405210.0123071639,0.5994198115794669,32079.81211572724,3.117128071423609e-05,0.0,dqn,agent,class_imbalance_shift,37303,3,main,
0.591609977324263,0.061709467228823305,390147.4343776546,382822.08677678107,476859.65029246086,0.5469478437957467,38760.429385372816,2.5798842195880536e-05,0.0,dqn,agent,noise,37400,0,main,
0.6053160598615144,0.057564575645756455,444245.4769775125,435735.419640996,543432.3688232766,0.5644677306774281,37190.17053704231,2.6888102352250587e-05,0.0,dqn,agent,noise,37401,1,main,
0.6150379506641366,0.06286155032780563,390188.7181016718,382504.044676167,475668.06738254824,0.5539096231410041,33787.456940164295,2.9595906133591477e-05,0.0,dqn,agent,noise,37402,2,main,
0.5985267034990792,0.06153846153846154,382225.4404951531,375157.3199413755,466872.5519751028,0.5361699901311011,38497.889655376224,2.597477508965908e-05,0.0,dqn,agent,noise,37403,3,main,
0.6248650982085042,0.07979274611398963,374367.834069569,367673.1306614668,455556.8804629594,0.6021212101474824,32747.077731713813,3.053614347053972e-05,0.0,dqn,agent,split_policy_dynamics,37500,0,main,
0.6258307487815684,0.07008849557522123,387314.3399197904,379589.65666145226,471214.49937326007,0.567939629788421,35010.447460860065,2.856208676084924e-05,0.0,dqn,agent,split_policy_dynamics,37501,1,main,
0.6410198042340086,0.06747159090909091,403004.12374662916,395155.77884167654,490301.4999372354,0.5770342270811036,35952.678746047844,2.781356553423406e-05,0.0,dqn,agent,split_policy_dynamics,37502,2,main,
0.6341966536786615,0.07336465486086013,383127.9619351715,375414.8368152248,465666.7808919513,0.5748074804462651,33512.762453624106,2.9838488035587963e-05,0.0,dqn,agent,split_policy_dynamics,37503,3,main,
0.14808246508534692,0.06736526946107785,100529.16606959226,98624.03333923088,111084.75634173157,0.19293635549748714,12182.41534492216,8.207879085537234e-05,0.0,double_dqn,agent,base_market,37000,0,main,
0.149210584834334,0.07898658718330849,88995.4419334112,87189.90102633975,96631.31632468241,0.18383743600652858,8884.323286767802,0.00011254514526097432,0.0,double_dqn,agent,base_market,37001,1,main,
0.14591790708164185,0.05255023183925812,115686.08621946015,113115.4769778212,129677.63853626233,0.19145416021683334,10655.555197187707,9.383895466181254e-05,0.0,double_dqn,agent,base_market,37002,2,main,
0.14343799412694827,0.05354330708661417,100417.92487962298,98262.82356636228,110539.21162557232,0.18243594271133884,7970.193713631307,0.00012545172478871378,0.0,double_dqn,agent,base_market,37003,3,main,
0.13847131060766463,0.09327217125382263,83433.61854628801,81596.70908153114,89096.91496850533,0.19558931560944628,7014.913372789299,0.00014253311676829222,0.0,double_dqn,agent,drift,37100,0,main,
0.14484503478810878,0.06404657933042213,98999.47546822786,97015.02465008572,108891.0458785858,0.19945697609115196,9757.096309685785,0.00010247900494765668,0.0,double_dqn,agent,drift,37101,1,main,
0.13073192239858908,0.07588532883642496,87659.60614865445,85807.55076479164,94041.21486135977,0.17949865263516188,8655.437375960986,0.00011552096510014733,0.0,double_dqn,agent,drift,37102,2,main,
0.1381847914963205,0.06360946745562131,110402.04960866368,108170.52682649746,122787.07412001779,0.20094416221457434,11167.745470891117,8.953557072334403e-05,0.0,double_dqn,agent,drift,37103,3,main,
0.17402416356877323,0.06675567423230974,126037.6342432783,123596.12720798732,144096.88013233995,0.23271630328503762,11383.11163637047,8.784172467223136e-05,0.0,double_dqn,agent,adverse_stress,37200,0,main,
0.16402609506057783,0.06676136363636363,103437.96862847725,101177.87172831663,115312.29692365337,0.22690533562111603,7619.992023796092,0.0001312165131360274,0.0,double_dqn,agent,adverse_stress,37201,1,main,
0.15800661313179026,0.08370702541106129,73689.98909095542,72116.71379058389,78037.04692317035,0.21270892515922732,6851.748686795477,0.00014592684566514083,0.0,double_dqn,agent,adverse_stress,37202,2,main,
0.16962843295638125,0.05986394557823129,113056.75463550519,110915.39087912612,127633.75702156084,0.2504904107808894,8497.249345236965,0.00011767129433081091,0.0,double_dqn,agent,adverse_stress,37203,3,main,
0.14825828377230246,0.05873925501432665,103204.8034730411,101137.06232981391,114313.87995351345,0.17904067613804375,8074.335254806373,0.0001238338680000695,0.0,double_dqn,agent,class_imbalance_shift,37300,0,main,
0.1574054054054054,0.05631868131868132,108177.60247217072,106194.22078513348,121025.76039976391,0.19388742156900343,8850.13684716997,0.00011297983719681573,0.0,double_dqn,agent,class_imbalance_shift,37301,1,main,
0.16035110254763435,0.04806408544726302,123922.36265724277,121452.3711168169,140718.1839197799,0.18399635502340464,11541.108852283645,8.663927994424924e-05,0.0,double_dqn,agent,class_imbalance_shift,37302,2,main,
0.1503267973856209,0.05750350631136045,98637.19109039869,96698.17571550298,108702.80467482383,0.18929457038403538,7123.350470033817,0.00014036367304025307,0.0,double_dqn,agent,class_imbalance_shift,37303,3,main,
0.22290249433106576,0.05188199389623601,162519.42000626808,159473.99709056717,192255.70766880622,0.24847888009141103,17508.47894561958,5.71119222397063e-05,0.0,double_dqn,agent,noise,37400,0,main,
0.22291713200804109,0.05110220440881764,175982.46951704388,172584.14301082486,208832.46560066415,0.25160898567851536,15462.893345609351,6.466676778289661e-05,0.0,double_dqn,agent,noise,37401,1,main,
0.224146110056926,0.05396825396825397,156479.33313153015,153359.0865472185,184566.26928107697,0.24746181904907588,13384.176173774422,7.470951349592993e-05,0.0,double_dqn,agent,noise,37402,2,main,
0.2311233885819521,0.04780876494023904,168399.65952567128,165347.16294393013,199814.1764011888,0.24851377703773883,19648.699543029947,5.089136339261307e-05,0.0,double_dqn,agent,noise,37403,3,main,
0.13058493416792574,0.05454545454545454,98917.73869987892,97207.71157444699,108095.00403030423,0.18032133376185963,8699.162701369345,0.0001149403792003346,0.0,double_dqn,agent,split_policy_dynamics,37500,0,main,
0.12715994683207799,0.059233449477351915,92999.23003908388,91113.62067667012,100498.63856217611,0.17167594041801107,8736.340047052743,0.00011445130836327211,0.0,double_dqn,agent,split_policy_dynamics,37501,1,main,
0.1311176872296836,0.059027777777777776,89249.10436885312,87437.69828332866,96069.01268806678,0.17492834040369337,5685.291345868597,0.0001758615482702192,0.0,double_dqn,agent,split_policy_dynamics,37502,2,main,
0.12308044923217969,0.07262569832402235,72218.90575562794,70897.37108246215,74480.0755791408,0.17177947156009427,6180.974703134979,0.00016176061016440004,0.0,double_dqn,agent,split_policy_dynamics,37503,3,main,
0.4491243626690313,0.05725567620927937,309296.3244840752,303315.16286572773,376009.2893560779,0.46073484078602467,30885.85442118746,3.23762331496609e-05,17.573844200970942,a3c,agent,base_market,37000,0,main,
0.488547920836113,0.06873008648156577,291281.54064087,285613.9546551634,353333.81018260214,0.47321574017635865,28828.39701330818,3.468681636103529e-05,17.31588865753069,a3c,agent,base_market,37001,1,main,
0.4530897609382048,0.05973120955699353,284866.00364498957,279322.3139283913,343138.6522206381,0.45323905433669953,27784.07098307352,3.599055048695731e-05,21.19929244102265,a3c,agent,base_market,37002,2,main,
0.49288457194488366,0.056370302474793764,295298.1878645361,289553.07054461783,358092.3081853603,0.4882094908800966,21105.43756338492,4.737890972822352e-05,17.435882541471766,a3c,agent,base_market,37003,3,main,
0.45945373703154774,0.06589861751152074,277584.1218832951,272228.47183627996,338877.09858965303,0.4855644455974494,18594.269980818204,5.377711649422362e-05,12.682271089990152,a3c,agent,drift,37100,0,main,
0.4659498207885305,0.0665158371040724,262315.78089035524,257345.8259751502,318456.3458512582,0.49570064805564595,17855.721406565695,5.6001321700203736e-05,15.588778014969614,a3c,agent,drift,37101,1,main,
0.43783068783068785,0.06747230614300101,253715.679132535,248542.47551794714,309285.6055222973,0.45718097139559694,22591.0751969025,4.4263308761344135e-05,12.32233744059949,a3c,agent,drift,37102,2,main,
0.44337694194603433,0.06500691562932227,309913.97842863767,303983.72641564615,377314.4758418113,0.4989248209588327,25775.887272813823,3.8794443619834296e-05,16.673631877908303,a3c,agent,drift,37103,3,main,
0.4079925650557621,0.0746013667425968,230405.53511992615,225923.38538983505,279581.76872522326,0.47008357594264116,21075.433980518224,4.74463564815727e-05,16.012807374099022,a3c,agent,adverse_stress,37200,0,main,
0.4445479962721342,0.07180293501048218,265223.46569591557,259856.3880086759,323203.0716494447,0.5055766314736589,18072.78532231912,5.532875278567744e-05,15.329709716755891,a3c,agent,adverse_stress,37201,1,main,
0.4475673122342938,0.07440633245382586,242246.1869591651,237373.20512402826,292393.07400084316,0.48767827915206785,16815.62456190128,5.946496553568419e-05,18.0,a3c,agent,adverse_stress,37202,2,main,
0.4823447957535195,0.08133971291866028,230237.4281864638,225368.1935130731,277203.96106995584,0.5579747199130096,13270.955497076386,7.534684698274381e-05,17.97220075561143,a3c,agent,adverse_stress,37203,3,main,
0.4483857264231096,0.05400284225485552,305786.71469566843,300403.0737653167,371113.4091334219,0.44539560946845164,25671.885584252523,3.8951601163734766e-05,18.166177363441104,a3c,agent,class_imbalance_shift,37300,0,main,
0.4170810810810811,0.06168999481596682,268754.46445561317,263655.6964674654,325674.4261647297,0.41238804537972434,21629.030276110305,4.623202035479668e-05,16.673631877908303,a3c,agent,class_imbalance_shift,37301,1,main,
0.4318133162063798,0.06891422905304909,245998.83352885774,241463.57822623727,298174.6524441827,0.42420682146907845,22603.874415329625,4.423824621303113e-05,16.012807374099022,a3c,agent,class_imbalance_shift,37302,2,main,
0.4364326375711575,0.06231884057971015,259703.50393422067,255069.07142748506,313589.1280090588,0.43981236037639715,22183.22280207437,4.507708063166826e-05,17.31588865753069,a3c,agent,class_imbalance_shift,37303,3,main,
0.5040816326530613,0.0625281151596941,297390.29383416567,291885.7056720087,361655.1588877507,0.4907581073868063,29095.663693575185,3.436820147255609e-05,17.6022725805505,a3c,agent,noise,37400,0,main,
0.4677239222693768,0.050143266475644696,333303.4412052149,327096.11695020436,406729.4887196247,0.4694235778360137,24301.204020348967,4.1148531185182624e-05,18.53132483121485,a3c,agent,noise,37401,1,main,
0.5412713472485768,0.058720420683610865,338637.6484654301,332262.12741869123,411189.0487410154,0.5147776510929819,27052.08564428651,3.696436011583749e-05,19.89572818471342,a3c,agent,noise,37402,2,main,
0.46892265193370164,0.058419243986254296,306592.54999393784,300859.7993602003,372381.4593359635,0.4583742263085246,27632.140080302208,3.61884316112461e-05,20.000249998437518,a3c,agent,noise,37403,3,main,
0.49751780703647747,0.05770065075921909,354706.00797813415,348568.0109932417,432021.2598790217,0.5182450291627423,29286.936277635454,3.414375087819381e-05,18.894443627691185,a3c,agent,split_policy_dynamics,37500,0,main,
0.4707576428887904,0.05741176470588235,323852.8330783782,317481.2367842459,392409.6621381031,0.4804592133171565,25130.640635410167,3.97904782464147e-05,19.68273354999249,a3c,agent,split_policy_dynamics,37501,1,main,
0.4848622809014341,0.055868544600938964,320557.06507808244,314523.0451281804,388674.83997385355,0.47950185544246743,25324.520736632407,3.948586133328891e-05,17.573844200970942,a3c,agent,split_policy_dynamics,37502,2,main,
0.4957597983039193,0.05640314378178456,330864.84709171695,324675.01907949295,401786.90228516504,0.48531044594098155,24569.477949762197,4.069924899485638e-05,18.41222420024262,a3c,agent,split_policy_dynamics,37503,3,main,
0.5041010862336511,0.056288478452066845,337597.15408881387,330923.03211269446,415623.7155816603,0.5105536324133247,29310.145923012475,3.4116714598145065e-05,2.449489742783178,a2c,agent,base_market,37000,0,main,
0.5263509006004002,0.06506125897760878,312807.329437986,306596.2180480089,383540.81466710125,0.5205032284113353,26169.187729826168,3.821141866935482e-05,3.0,a2c,agent,base_market,37001,1,main,
0.5058637798827244,0.05082478823004904,351348.0736174778,344382.61539828306,432407.4920403561,0.5008502060465211,28824.316975969454,3.469172605573292e-05,1.8681541692269406,a2c,agent,base_market,37002,2,main,
0.5258640162638356,0.05798969072164949,313503.83278790384,307320.03416923387,384154.6902280828,0.5143891555788156,21649.56250638218,4.618817639057733e-05,2.0,a2c,agent,base_market,37003,3,main,
0.49692991742536524,0.06348530038346825,312752.81872082764,306781.2520037113,384330.2645163571,0.5321206514428456,18975.6858548672,5.2696240410362114e-05,2.23606797749979,a2c,agent,drift,37100,0,main,
0.4982078853046595,0.06432501057977148,296538.2761156931,290899.6142511119,363905.62416311353,0.5236395459663462,22616.541939976432,4.421346946780734e-05,2.5475478405713994,a2c,agent,drift,37101,1,main,
0.49007936507936506,0.06612685560053981,298476.15081122087,292163.57384011784,365632.2656733419,0.5072126624929787,25316.39898050185,3.94985282955073e-05,2.6457513110645907,a2c,agent,drift,37102,2,main,
0.491210139002453,0.056179775280898875,374433.08728883474,367264.35841000645,461915.9039058372,0.543252584470119,30058.055419925233,3.3267845114558404e-05,2.23606797749979,a2c,agent,drift,37103,3,main,
0.5078996282527881,0.0677035681610247,322738.14631502907,316369.6053570714,397015.6057280932,0.5577722447804926,25594.726734743777,3.906902157392525e-05,2.7367864366808017,a2c,agent,adverse_stress,37200,0,main,
0.4965051258154706,0.06381980290943219,327757.69196091,321048.53177568637,403424.3270622352,0.5513613275487086,21300.048310017846,4.6946046290581e-05,2.0,a2c,agent,adverse_stress,37201,1,main,
0.5007085498346717,0.06839622641509434,281434.2510080947,275777.79476420936,345438.2165221764,0.5403699758786011,18184.015364473522,5.499033022285001e-05,2.118962010041709,a2c,agent,adverse_stress,37202,2,main,
0.48834525732748674,0.06474480151228733,294915.75726987293,288802.9850222713,362803.3907448434,0.56629481046794,16106.495525945184,6.208289788994495e-05,2.23606797749979,a2c,agent,adverse_stress,37203,3,main,
0.46346644010195415,0.05316223648029331,325775.8595800133,319637.5532813553,402386.07868390507,0.45544985190259174,24228.15611442428,4.127258891219379e-05,2.3430749027719964,a2c,agent,class_imbalance_shift,37300,0,main,
0.46637837837837837,0.05887807139545665,296887.5421517551,291192.87562031863,364519.7551762703,0.4610548619106096,21323.059859668938,4.689538514620946e-05,2.118962010041709,a2c,agent,class_imbalance_shift,37301,1,main,
0.4765574823378292,0.05929919137466307,305523.49391984066,299667.83703095367,376366.9549297078,0.45864385099116584,27852.893358564055,3.5901623773989805e-05,2.5475478405713994,a2c,agent,class_imbalance_shift,37302,2,main,
0.477124183006536,0.05965532479010163,296441.52807784185,290717.38778836484,365222.9726301213,0.4758849341466353,21486.17914838326,4.6539380208743784e-05,2.6457513110645907,a2c,agent,class_imbalance_shift,37303,3,main,
0.5340136054421769,0.05774946921443737,341499.1737488493,335175.8301060935,419179.58769182785,0.5183734643684187,35361.84686308792,2.8278266279624946e-05,2.449489742783178,a2c,agent,noise,37400,0,main,
0.5217779763234308,0.05136986301369863,369126.8595682314,362050.8025647844,454257.6254321093,0.5135266757824428,25880.092294954662,3.863824558111649e-05,2.5475478405713994,a2c,agent,noise,37401,1,main,
0.534629981024668,0.05412599822537711,357460.1653846811,350608.5613995518,439210.29257855646,0.5120468736230239,28184.67247791986,3.547901866749433e-05,2.449489742783178,a2c,agent,noise,37402,2,main,
0.5220994475138122,0.05599647266313933,338868.33945939125,332492.5643563993,416675.42102609726,0.5014213264108457,30174.245131587977,3.313974735380633e-05,2.23606797749979,a2c,agent,noise,37403,3,main,
0.5119792790848262,0.049325463743676225,369841.1647252929,363193.68517018086,455361.54219213,0.5346204078506447,24718.826035958064,4.0453359119331e-05,2.449489742783178,a2c,agent,split_policy_dynamics,37500,0,main,
0.5106335844040762,0.054663774403470713,343181.01305698673,336398.65081471874,420892.65019929636,0.5108824430209724,26109.733874639325,3.82984256513477e-05,2.118962010041709,a2c,agent,split_policy_dynamics,37501,1,main,
0.5228773048030958,0.049629952111449716,368959.9332765121,362038.92688842874,454045.76743509306,0.5166688063629223,24278.26928760147,4.118740099442215e-05,2.6457513110645907,a2c,agent,split_policy_dynamics,37502,2,main,
0.5111162044464818,0.05291479820627803,344468.8975584359,337886.5847903505,423909.1231318109,0.5041693452195275,22206.112385433553,4.50306182381432e-05,2.118962010041709,a2c,agent,split_policy_dynamics,37503,3,main,
0.5883396142762137,0.06103993971363979,387055.27378580504,379505.00507522374,473104.59727959184,0.5653058980708292,38130.182053703,2.6225255713070344e-05,0.0,ppo,agent,base_market,37000,0,main,
0.5972870802757394,0.06589724497393894,372137.2501928157,364864.44255907217,454036.72105186875,0.5662759854841413,32198.86860456091,3.105602734845807e-05,0.0,ppo,agent,base_market,37001,1,main,
0.5832205683355887,0.05375096674400619,406633.3987157148,398727.7474402067,497646.571843995,0.5543655776266414,37978.015671931375,2.6330329586162924e-05,0.0,ppo,agent,base_market,37002,2,main,
0.5897899254574204,0.060513213328226734,367369.7945346525,360117.2626024947,448515.1118281461,0.5553376227504311,25289.19745965137,3.9541011951188824e-05,0.0,ppo,agent,base_market,37003,3,main,
0.5697649798856659,0.06465997770345597,368857.39785968367,361762.94465247623,451459.4289848058,0.578949734342725,26525.099576677032,3.769871997612668e-05,0.0,ppo,agent,drift,37100,0,main,
0.5701033101412608,0.0647189349112426,363361.97271435935,356518.96817853977,444636.59354293963,0.5689884801766129,33112.40129143393,3.0199253504613216e-05,0.0,ppo,agent,drift,37101,1,main,
0.5559964726631393,0.06938937351308486,339804.34454586625,332807.28865931334,414102.1621719528,0.5557294891300668,31972.587910408467,3.1275814362843735e-05,0.0,ppo,agent,drift,37102,2,main,
0.5658217497955846,0.061777456647398844,411322.6486930909,403373.81163777487,504179.0906002744,0.5988498881644139,35308.11340577373,2.8321300184118487e-05,0.0,ppo,agent,drift,37103,3,main,
0.5678438661710037,0.07201309328968904,347971.56140273204,341214.06760573835,425326.3100103125,0.6037492312815268,30920.173597516008,3.234029901375843e-05,0.0,ppo,agent,adverse_stress,37200,0,main,
0.548928238583411,0.06748726655348047,357094.2674461412,349786.0897698405,437910.76665614103,0.58412519747497,23910.066215285446,4.182163986316669e-05,0.0,ppo,agent,adverse_stress,37201,1,main,
0.5514879546528105,0.07623126338329765,297884.38405874046,291697.46974530397,363818.5391626569,0.5741723184781631,20646.457484514096,4.843211328804116e-05,0.0,ppo,agent,adverse_stress,37202,2,main,
0.5529656127394414,0.07136894824707847,304852.78300189733,298501.46274264366,372459.9484558608,0.6160510802915162,17194.513711127613,5.8154703418536254e-05,0.0,ppo,agent,adverse_stress,37203,3,main,
0.5518266779949023,0.061585835257890686,365624.1816271945,358654.92230903223,448409.6372517442,0.5181309678828879,27684.164460456854,3.6120428377021755e-05,0.0,ppo,agent,class_imbalance_shift,37300,0,main,
0.5604324324324325,0.056712962962962965,384147.81010546384,376975.1745761648,470445.09430445696,0.5226109914038649,32326.3169859256,3.0933590945248305e-05,0.0,ppo,agent,class_imbalance_shift,37301,1,main,
0.5561978163134232,0.0642802155504234,341926.82335410046,335314.48570012336,418138.5050457281,0.5097617280266923,31707.031814078233,3.153775061989197e-05,0.0,ppo,agent,class_imbalance_shift,37302,2,main,
0.5540796963946869,0.06659056316590563,312576.33661816793,306423.51647554635,382140.21064351546,0.5283326280205343,24158.97661922124,4.139076853263252e-05,0.0,ppo,agent,class_imbalance_shift,37303,3,main,
0.553968253968254,0.05935325419566107,355708.05591494776,349151.5010000835,436007.85437636205,0.528610354595338,37610.86587665978,2.6587354195064135e-05,0.0,ppo,agent,noise,37400,0,main,
0.5606432879160151,0.05298804780876494,406004.82655662723,398425.84202245227,498236.6347051866,0.5380367325514744,31878.50866657854,3.136811205149997e-05,0.0,ppo,agent,noise,37401,1,main,
0.5690227703984819,0.05502292621925802,375594.74545549747,368410.5965845547,459888.10824187304,0.5294166443589504,31366.424012610743,3.188020793795394e-05,0.0,ppo,agent,noise,37402,2,main,
0.5515653775322283,0.056343906510851416,373499.12549927225,366486.2636576927,458260.09371961065,0.5144125978730012,34039.962137649345,2.9376372969611184e-05,0.0,ppo,agent,noise,37403,3,main,
0.5842866393265702,0.06316956039896564,383888.81047829415,377071.51801601256,469559.25803954096,0.5838505853481566,28975.57279040291,3.45106375151171e-05,0.0,ppo,agent,split_policy_dynamics,37500,0,main,
0.5813026140894993,0.0586890243902439,387050.06221144076,379346.06913832604,472169.6203882589,0.5554533385778538,30759.42050614615,3.250930850572062e-05,0.0,ppo,agent,split_policy_dynamics,37501,1,main,
0.5868427043022991,0.05546935608999224,401719.80957899115,394057.5631237256,491420.69069205783,0.5559450628274792,31617.39223408483,3.1627161577241537e-05,0.0,ppo,agent,split_policy_dynamics,37502,2,main,
0.5794178317671327,0.06131329113924051,372171.7576779007,365097.162735019,455153.2423899444,0.5478599816727936,28771.673426871697,3.47551993227737e-05,0.0,ppo,agent,split_policy_dynamics,37503,3,main,
0.9804921303480382,0.07438390232873615,583968.694134135,572219.3918065658,696369.1352673783,0.8833233108698304,60469.839462932025,1.6536896277303862e-05,0.0,sac,agent,base_market,37000,0,main,
0.9766511007338226,0.07422586520947176,576026.830766534,564186.714410987,683922.8771995062,0.8684902110986961,53265.06735224723,1.8773678060124543e-05,1.0,sac,agent,base_market,37001,1,main,
0.9731619305367614,0.0660486674391657,621979.6691504417,609797.4552674078,744766.7699720375,0.8633400411819422,61072.88188622989,1.6373611257637555e-05,0.0,sac,agent,base_market,37002,2,main,
0.9785407725321889,0.06740535549399815,584343.0356032276,572689.3183937481,697694.7840027452,0.8555923799684065,50149.66903895341,1.9939913448079275e-05,1.0,sac,agent,base_market,37003,3,main,
0.9754393394029218,0.08443672672020838,508315.185312471,498440.04447304696,602649.9519542856,0.9172747632511992,44816.54969225378,2.2312687928426374e-05,0.0,sac,agent,drift,37100,0,main,
0.9713261648745519,0.08226611677881485,516255.92445832345,505639.1394436184,611843.8784020391,0.9015829220519199,41933.07169504846,2.3846956891574144e-05,1.0,sac,agent,drift,37101,1,main,
0.9799382716049383,0.08458942632170979,501498.33589281986,490704.82558424794,585119.4312081938,0.8931105981285703,47336.78878948213,2.1124772102202363e-05,1.2206555615733703,sac,agent,drift,37102,2,main,
0.9766966475878986,0.07785684386772708,606877.1970001613,594919.4908600098,720797.1881977913,0.9441910264129431,55756.51013561479,1.7934803716446004e-05,0.7000000000000001,sac,agent,drift,37103,3,main,
0.9609665427509294,0.08220502901353965,499536.05655767606,489343.7518943996,590157.0967312099,0.9507296129997822,43688.858942354156,2.2888606743258956e-05,0.0,sac,agent,adverse_stress,37200,0,main,
0.9575955265610439,0.09294403892944039,446699.36565769545,436832.53550141345,525268.586774601,0.9463182449033087,32233.964341627525,3.102221517610373e-05,0.0,sac,agent,adverse_stress,37201,1,main,
0.954416627302787,0.08661222469685721,450353.99468980986,440821.110007301,529312.0453763459,0.9179032349470158,32903.33351769842,3.039113372292209e-05,1.0,sac,agent,adverse_stress,37202,2,main,
0.9570736210477729,0.09283819628647215,385197.3574052745,376789.4952567832,447134.03952724196,0.9772640281955282,23549.083373717203,4.246269468056484e-05,0.0,sac,agent,adverse_stress,37203,3,main,
0.975785896346644,0.07792773182411841,544888.9018028168,534105.0439949704,646419.162280756,0.8479891713845219,48698.179313761735,2.0534226943685134e-05,1.4142135623730951,sac,agent,class_imbalance_shift,37300,0,main,
0.9749189189189189,0.07762253271235307,559237.3607784391,548108.308845419,664413.962651259,0.8391750691305888,51092.291047889295,1.957204125024377e-05,0.0,sac,agent,class_imbalance_shift,37301,1,main,
0.9749518304431599,0.07817303469477382,519409.05560877593,509245.4917551018,612885.3105872622,0.834171404012692,51166.355749845934,1.954371073793492e-05,1.0,sac,agent,class_imbalance_shift,37302,2,main,
0.9761754164031203,0.07883369330453564,513915.96113924903,503607.8596659934,608994.3167227574,0.8630238325254116,43589.94249161745,2.294054550879005e-05,1.0,sac,agent,class_imbalance_shift,37303,3,main,
0.9240362811791383,0.07141104294478527,550559.1101925127,539808.7469185229,658155.9476622506,0.827169644152908,56177.11423991868,1.7800526299785022e-05,0.0,sac,agent,noise,37400,0,main,
0.9222693768148313,0.06829740857350448,587410.732174864,576112.3866893466,704435.4454489278,0.829155990829526,48404.412648318306,2.0658846713390053e-05,1.0,sac,agent,noise,37401,1,main,
0.9255218216318786,0.06611993849308047,551068.2002602189,540410.568023962,659721.1190594593,0.8004216356468491,48001.27221262937,2.0832347176617624e-05,0.0,sac,agent,noise,37402,2,main,
0.9215009208103131,0.06694978765925556,568748.8706379262,557489.4754069948,681549.6351645307,0.8004944667182404,50624.9956985547,1.9752697921327965e-05,1.0,sac,agent,noise,37403,3,main,
0.9740988560328081,0.07844006204298692,576434.8273073394,565931.4481377773,687686.7156805911,0.9029148537654432,49995.637256549584,2.00013451878506e-05,1.4142135623730951,sac,agent,split_policy_dynamics,37500,0,main,
0.9705361098803722,0.0771513353115727,555251.1152564348,544233.1456350767,658403.429793234,0.8625344783738345,48447.40664807711,2.0640513675999074e-05,1.0,sac,agent,split_policy_dynamics,37501,1,main,
0.9776917823810608,0.06984866123399301,590667.9483799048,579229.3708005385,704925.1105962384,0.8554175750065609,52158.1180728533,1.9172103305183363e-05,0.7000000000000001,sac,agent,split_policy_dynamics,37502,2,main,
0.9775383910153564,0.07549824150058616,564115.4705038883,552798.2832926218,672847.9714135104,0.8537725421883626,45807.38395052813,2.1830065017791812e-05,0.0,sac,agent,split_policy_dynamics,37503,3,main,
0.727457627118644,0.050947499223361295,513207.31154685863,503721.98886856565,622733.9592314421,0.6587010894431606,48768.15995041242,2.050476163659127e-05,0.0,static_threshold,baseline,base_market,87000,0,main,
0.7128146453089245,0.06163723916532905,486317.85304959054,477153.3949883361,590231.3822470201,0.6561643586859428,44651.91229982148,2.2394955860560922e-05,0.0,static_threshold,baseline,base_market,87001,1,main,
0.7271899886234358,0.06101376720901126,469131.21117170295,459971.0498990894,568120.3787499437,0.6680866340336338,40396.644811284765,2.475391832052194e-05,0.0,static_threshold,baseline,base_market,87002,2,main,
0.7323646590110148,0.06688,431818.35129506676,423263.0093199992,521337.6936698903,0.6493470458543982,42087.39865200902,2.375951644699285e-05,0.0,static_threshold,baseline,base_market,87003,3,main,
0.7050968172713109,0.06723484848484848,435423.6002614959,427098.9338462783,526777.6037027251,0.6452418542870169,43817.80541607692,2.2821251983129248e-05,0.0,static_threshold,baseline,drift,87100,0,main,
0.6992481203007519,0.06989247311827956,414400.23884117394,406558.07012496144,500811.0370204346,0.7030750522317599,33561.98086389391,2.9794731405271912e-05,0.0,static_threshold,baseline,drift,87101,1,main,
0.7134199134199134,0.061893203883495146,471178.43393092643,462165.6420110459,570854.9863982556,0.6803815029959375,43191.02204536708,2.315242381914054e-05,0.0,static_threshold,baseline,drift,87102,2,main,
0.700587084148728,0.06672873991309745,442624.1352091636,434080.06077208795,536372.3812111907,0.6548400416732781,36702.734548786146,2.7245183965430343e-05,0.0,static_threshold,baseline,drift,87103,3,main,
0.6901281762986283,0.0772238514173998,402265.49263857555,393964.27975053905,486596.163004662,0.7413467071291342,27173.542588238393,3.679914746505493e-05,0.0,static_threshold,baseline,adverse_stress,87200,0,main,
0.6825059101654847,0.07551091098025632,374697.012443764,367283.3532944654,451115.0332082086,0.7043264335353968,28918.9228081671,3.457823890586583e-05,0.0,static_threshold,baseline,adverse_stress,87201,1,main,
0.6741245136186771,0.09090909090909091,301609.5302351742,295455.20889321837,361168.3269183183,0.6760728526349037,19460.42669663423,5.1383694298884355e-05,0.0,static_threshold,baseline,adverse_stress,87202,2,main,
0.6740157480314961,0.06942590120160214,430224.90876038186,421630.40889454645,522293.1408556772,0.7208390207241899,38501.39092961613,2.5972413033466906e-05,0.0,static_threshold,baseline,adverse_stress,87203,3,main,
0.7097924093101279,0.07355982274741507,429023.96659705054,420019.9363190724,518264.3236903198,0.6461501880504922,33589.644215490785,2.977019415241927e-05,0.0,static_threshold,baseline,class_imbalance_shift,87300,0,main,
0.6864686468646864,0.06346153846153846,425363.9046081711,417388.119471584,515687.3074842028,0.6002061881278459,40686.65745389164,2.4577477853897763e-05,0.0,static_threshold,baseline,class_imbalance_shift,87301,1,main,
0.6948065826031203,0.0602891418025223,458342.56599393056,449513.8128607368,556093.5695425449,0.6305623751470726,36520.87665280529,2.7380849278542998e-05,0.0,static_threshold,baseline,class_imbalance_shift,87302,2,main,
0.6873412362404742,0.0736064059131506,421552.90503731964,412797.42297608336,510440.2922849084,0.6262083093387315,39560.46647945317,2.527712162842509e-05,0.0,static_threshold,baseline,class_imbalance_shift,87303,3,main,
0.6692685102586976,0.056981006331222925,474465.2501428751,465262.4177282331,577918.5489030429,0.6303789993177512,40118.14302739424,2.492575674702667e-05,0.0,static_threshold,baseline,noise,87400,0,main,
0.6811963830280547,0.05411844792375766,439755.91974548995,431478.3789286578,534070.935084545,0.6187321014986051,31687.583663011847,3.15571062005917e-05,0.0,static_threshold,baseline,noise,87401,1,main,
0.6829103974848417,0.052943110818809605,486810.054964566,477787.6787098436,591909.395271864,0.6236634037158322,45713.66407909535,2.1874818948025155e-05,0.0,static_threshold,baseline,noise,87402,2,main,
0.6687927107061503,0.051430517711171665,463304.8806021423,454443.12148908805,563416.3130180538,0.613625007273428,37326.99926895236,2.67895418877098e-05,0.0,static_threshold,baseline,noise,87403,3,main,
0.7182175622542595,0.06234793187347932,492298.5523836191,482462.42802076734,597128.1012250447,0.6821551267209205,39464.452311447436,2.5338617485195724e-05,0.0,static_threshold,baseline,split_policy_dynamics,87500,0,main,
0.7199816681943172,0.06524506683640993,449928.12616280734,441401.7283951144,542470.4330406266,0.6607869417351295,42148.19145655781,2.3725247518227642e-05,0.0,static_threshold,baseline,split_policy_dynamics,87501,1,main,
0.716726618705036,0.061166875784190715,476538.1374081152,467279.7751839717,577503.6883178393,0.6523106776864854,40754.22104723176,2.4536733559636124e-05,0.0,static_threshold,baseline,split_policy_dynamics,87502,2,main,
0.723227592080051,0.06093612010597586,511634.95845700905,501787.63179750595,620423.9632033966,0.6971323559590317,38493.291354156376,2.5977877883236475e-05,0.0,static_threshold,baseline,split_policy_dynamics,87503,3,main,
0.9630459126539753,0.0713953488372093,590561.0889931233,578857.6448839772,706631.3758870789,0.8648251668075327,54720.08117648385,1.8274492727489196e-05,6.324555320336759,profit_oriented,baseline,base_market,87000,0,main,
0.966801043395779,0.06916850625459897,574958.9197076403,563383.1028792772,687157.323128433,0.8383675871525681,52721.74705494986,1.896714522401039e-05,5.291502622129181,profit_oriented,baseline,base_market,87001,1,main,
0.959895379250218,0.07198001816530426,578448.7177134999,567253.594506433,691460.124057166,0.8796187611772996,57557.444625810575,1.7373645283520676e-05,6.89129886160802,profit_oriented,baseline,base_market,87002,2,main,
0.9588978185993111,0.06944444444444445,571170.7291593823,560073.9530140123,681151.5185109258,0.8396092450345074,54824.69517839637,1.8239622803616397e-05,7.313685801290619,profit_oriented,baseline,base_market,87003,3,main,
0.9534319134848819,0.07083333333333333,562720.2884700352,552155.9790519205,671377.088802255,0.8453361037776788,50371.865808864466,1.985195767488025e-05,7.280109889280518,profit_oriented,baseline,drift,87100,0,main,
0.9515885022692889,0.07790143084260731,534048.9516911795,523558.61544514954,633233.886103973,0.8753647681676168,48971.96974541044,2.0419427394306963e-05,7.2083285163760396,profit_oriented,baseline,drift,87101,1,main,
0.9567413263065437,0.07734679825568051,528975.641800635,518485.410288887,629937.0950997513,0.8553831923428111,48381.59593023396,2.066858920596087e-05,6.652067347825035,profit_oriented,baseline,drift,87102,2,main,
0.9470476990964488,0.07676946971377857,548402.5181256814,537739.362240734,653813.0979812681,0.8849308458973935,51257.208123774544,1.950907057822376e-05,7.576938695805846,profit_oriented,baseline,drift,87103,3,main,
0.9093381686310064,0.08300099700897308,487541.4042090983,477546.4342723801,578660.3172348358,0.9495607604933843,41012.56418088603,2.4382177456940945e-05,7.707788269017254,profit_oriented,baseline,adverse_stress,87200,0,main,
0.899977111467155,0.09104781281790437,400613.2170690116,392117.9214147525,472496.5414684579,0.916433008734582,24443.91249809295,4.090830761116507e-05,9.137286249209883,profit_oriented,baseline,adverse_stress,87201,1,main,
0.8946635730858469,0.08532157676348548,443254.4315094306,434270.22303421306,525212.1688943749,0.8995862742311608,33716.720717066295,2.9657995224269353e-05,7.874007874011811,profit_oriented,baseline,adverse_stress,87202,2,main,
0.9046126287505598,0.08465346534653466,469192.8213753501,459717.0904320498,554001.6639512754,0.9439374696520672,35893.02115201483,2.7859793021375295e-05,7.968061244744546,profit_oriented,baseline,adverse_stress,87203,3,main,
0.9539842873176206,0.08,518214.2309923433,507328.5222371064,617159.5139419354,0.7812167872956088,45265.79024088741,2.2091250443835225e-05,6.8854919940408035,profit_oriented,baseline,class_imbalance_shift,87300,0,main,
0.9419918959266368,0.06973058637083994,579593.2983740319,568059.6186249617,693988.1617159845,0.8202863374845342,45205.579166624164,2.2120673991149853e-05,8.911228871485683,profit_oriented,baseline,class_imbalance_shift,87301,1,main,
0.9482235701906413,0.07973497829563628,483292.23098428687,473259.1359228856,572337.6631438369,0.8125570572319257,42471.542102622094,2.3544623196412437e-05,8.271033792700885,profit_oriented,baseline,class_imbalance_shift,87302,2,main,
0.9512411347517731,0.07781919850885369,508274.44043145934,498312.98045966827,605034.340489218,0.7818647289721583,41568.721439063025,2.4055970677260805e-05,8.688498144098322,profit_oriented,baseline,class_imbalance_shift,87303,3,main,
0.8988240514754826,0.06418168353492965,606994.7966954134,595067.8136922864,726356.4270559056,0.8179435743346055,58656.39857617703,1.7048147791643415e-05,7.9630396206473835,profit_oriented,baseline,noise,87400,0,main,
0.906567992599445,0.07066326530612245,491079.5540511407,481690.9647779532,585704.3139190945,0.7769159240084409,46670.885402099884,2.1426175338419207e-05,6.664082832618454,profit_oriented,baseline,noise,87401,1,main,
0.8871965730604474,0.06410944206008584,516439.34158377605,506080.0825424194,617778.2621592579,0.7574401635575069,45527.836021728675,2.196410203684428e-05,7.54983443527075,profit_oriented,baseline,noise,87402,2,main,
0.9128170289855072,0.06400396923840238,579907.771528519,568483.6530337943,695004.6158032886,0.8052078790940519,55007.090789180475,1.8179143934162677e-05,6.4,profit_oriented,baseline,noise,87403,3,main,
0.952775290957923,0.07211651397697909,566740.370546391,555545.5235308353,677551.6327654533,0.8445356888669202,47287.29367759513,2.114688271092753e-05,7.963039620647382,profit_oriented,baseline,split_policy_dynamics,87500,0,main,
0.9574514510146193,0.07588878760255241,549340.4656836655,538366.1178475439,654911.6976322577,0.8741783406311487,50105.82431914557,1.995736136919587e-05,6.928203230275509,profit_oriented,baseline,split_policy_dynamics,87501,1,main,
0.9582581227436823,0.07228631975512126,588989.7568473929,577892.4993263725,704454.7171323574,0.8561413893017149,57997.92286447422,1.724169951115635e-05,5.912698199637793,profit_oriented,baseline,split_policy_dynamics,87502,2,main,
0.9550234951890804,0.06560449859418932,614121.2549846186,602315.147683436,735019.1730007057,0.8469482027760882,50978.86820679082,1.9615586214222382e-05,7.483314773547883,profit_oriented,baseline,split_policy_dynamics,87503,3,main,
0.6418079096045197,0.045774647887323945,461695.7527211814,453207.16068985185,563426.4963347791,0.5981884917805532,42442.49194654402,2.356073815178691e-05,0.0,risk_aware_weekly,baseline,base_market,87000,0,main,
0.6336384439359267,0.058866016612495485,432040.3627407319,423928.86794427986,526805.4636910388,0.5988231678293452,37314.00959399973,2.679886755705941e-05,0.0,risk_aware_weekly,baseline,base_market,87001,1,main,
0.645278725824801,0.058885754583921014,421111.0037257203,413039.51438632933,512625.7196549622,0.6072779610967336,35532.978299957766,2.814207831047132e-05,0.0,risk_aware_weekly,baseline,base_market,87002,2,main,
0.6393250527302554,0.06195014662756598,393981.3751829789,386297.69124863646,478941.8230843998,0.5823612155943448,37073.39881635726,2.6972790710737004e-05,0.0,risk_aware_weekly,baseline,base_market,87003,3,main,
0.6227464945470732,0.06182987848463188,401932.9182666611,394185.8940347929,489765.91728739004,0.5838624382338444,37434.81333771491,2.671238877539077e-05,0.0,risk_aware_weekly,baseline,drift,87100,0,main,
0.6154970760233918,0.06311503223617237,379785.4857734549,372879.2903105846,461931.0784025395,0.6326561430720639,31600.495820221284,3.164407171384958e-05,0.0,risk_aware_weekly,baseline,drift,87101,1,main,
0.6268398268398269,0.05490331491712707,443114.2603017744,434668.6037629057,540917.9965585939,0.6105180701755661,38486.75296953403,2.5982291062603103e-05,0.0,risk_aware_weekly,baseline,drift,87102,2,main,
0.6220917590780605,0.06011883956658511,421365.70843581576,413543.1070321379,513846.75090103166,0.5953458167794794,33372.39420668714,2.9963988493553546e-05,0.0,risk_aware_weekly,baseline,drift,87103,3,main,
0.6215426129975264,0.07633863965267727,359873.60845561477,352300.20433802286,437548.1749220085,0.6850587486691123,23594.767921857798,4.238048125035405e-05,0.0,risk_aware_weekly,baseline,adverse_stress,87200,0,main,
0.49645390070921985,0.06761904761904762,296680.34251448605,290715.4001153418,364320.2340261295,0.558416509286127,19742.887308692774,5.064858730021839e-05,0.9797958971132711,risk_aware_weekly,baseline,adverse_stress,87201,1,main,
0.6028696498054474,0.08390480032271078,289092.09745852946,283252.9197411569,350090.44379149645,0.6230181770280873,16322.056302656192,6.126303686383006e-05,0.0,risk_aware_weekly,baseline,adverse_stress,87202,2,main,
0.5966254218222722,0.0667420814479638,382438.6445135189,374752.63744676765,466799.5605014587,0.6565385518602306,36261.454317089054,2.7576732431173025e-05,0.0,risk_aware_weekly,baseline,adverse_stress,87203,3,main,
0.6148039421262319,0.07025920873124147,377745.3093174553,369904.8682493728,459735.29124989547,0.5736240409275453,29970.41784683381,3.3365121567168045e-05,0.0,risk_aware_weekly,baseline,class_imbalance_shift,87300,0,main,
0.5918591859185919,0.05799256505576208,381540.22996601893,374550.90593381034,466031.2465995437,0.5330031109081301,36192.632023904844,2.7629169665523732e-05,0.0,risk_aware_weekly,baseline,class_imbalance_shift,87301,1,main,
0.6009831160504381,0.05689900426742532,411271.5030757608,403571.57630904554,502498.37369443773,0.557887092551675,33913.10910747878,2.948625295834408e-05,0.0,risk_aware_weekly,baseline,class_imbalance_shift,87302,2,main,
0.596528365791702,0.0716820440028389,378081.71345493785,370459.9651190261,460585.31274666847,0.5590015074223751,34344.12973103279,2.9116209716815915e-05,0.0,risk_aware_weekly,baseline,class_imbalance_shift,87303,3,main,
0.6271186440677966,0.051209103840682786,454574.5670349477,445800.77297372336,555422.3576516677,0.6042676321913103,35995.53071565446,2.778045495270776e-05,0.0,risk_aware_weekly,baseline,noise,87400,0,main,
0.6406213772316253,0.053564965617082884,417300.2419427336,409538.93671222095,508281.2437956686,0.5919730777288469,29166.910507189892,3.4284252200839e-05,0.0,risk_aware_weekly,baseline,noise,87401,1,main,
0.6357511789804626,0.050865418580007066,453385.0486356737,445059.4477191732,553030.0656331507,0.5900220176875817,40840.51140254825,2.448489210263669e-05,0.0,risk_aware_weekly,baseline,noise,87402,2,main,
0.623006833712984,0.04862888482632541,431245.25876723893,423069.4242798466,524683.784798,0.5818837374267108,34368.148981868806,2.9095861539299176e-05,0.0,risk_aware_weekly,baseline,noise,87403,3,main,
0.6402359108781127,0.05970658478335039,440881.3922921254,432325.86365373374,537370.3579592766,0.6247999573798525,34331.303847847994,2.91270869683475e-05,0.0,risk_aware_weekly,baseline,split_policy_dynamics,87500,0,main,
0.635884509624198,0.05981981981981982,406513.77515448106,398894.7310857958,494297.9818446938,0.6004785889956064,38867.078248809594,2.572805358676633e-05,0.0,risk_aware_weekly,baseline,split_policy_dynamics,87501,1,main,
0.6339928057553957,0.05531914893617021,436145.75998709747,427871.27580736176,531837.1901216456,0.5914155830701475,37358.12468765905,2.676722242184472e-05,0.0,risk_aware_weekly,baseline,split_policy_dynamics,87502,2,main,
0.6478603363849266,0.05948077555044364,461667.85112451576,452743.65830315143,562437.1103693643,0.6406259727110218,33655.84796099421,2.9711635538744624e-05,0.0,risk_aware_weekly,baseline,split_policy_dynamics,87503,3,main,
0.9594624860022396,0.07142857142857142,587092.1610562726,575481.7929989754,702515.1533346202,0.8616809035288514,54730.87417723593,1.827088903920487e-05,6.452906321960672,constraint_aware_weekly,baseline,base_market,87000,0,main,
0.9644296893526203,0.06860093434964347,577198.5588851296,565600.6970412194,690082.5481465252,0.8365896272477523,53232.34480252843,1.8785218244495935e-05,6.164414002968976,constraint_aware_weekly,baseline,base_market,87001,1,main,
0.959895379250218,0.07198001816530426,578448.7177134999,567253.594506433,691460.124057166,0.8796187611772996,57557.444625810575,1.7373645283520676e-05,6.89129886160802,constraint_aware_weekly,baseline,base_market,87002,2,main,
0.957979334098737,0.06951102588686481,569661.8921366537,558570.1017024041,679320.2045273795,0.8384564736268826,54474.329429222606,1.835693350508795e-05,7.381734213584231,constraint_aware_weekly,baseline,base_market,87003,3,main,
0.9452659457073493,0.07027784263366799,560790.653046249,550242.5523131177,669452.6315704787,0.8388039974126597,49731.414061416544,2.0107610275364073e-05,7.937253933193772,constraint_aware_weekly,baseline,drift,87100,0,main,
0.9515885022692889,0.07790143084260731,534048.9516911795,523558.61544514954,633233.886103973,0.8753647681676168,48971.96974541044,2.0419427394306963e-05,7.2083285163760396,constraint_aware_weekly,baseline,drift,87101,1,main,
0.9567413263065437,0.07734679825568051,528975.641800635,518485.410288887,629937.0950997513,0.8553831923428111,48381.59593023396,2.066858920596087e-05,6.800735254367722,constraint_aware_weekly,baseline,drift,87102,2,main,
0.9470476990964488,0.07676946971377857,548402.5181256814,537739.362240734,653813.0979812681,0.8849308458973935,51257.208123774544,1.950907057822376e-05,7.576938695805846,constraint_aware_weekly,baseline,drift,87103,3,main,
0.9093381686310064,0.08300099700897308,487541.4042090983,477546.4342723801,578660.3172348358,0.9495607604933843,41012.56418088603,2.4382177456940945e-05,7.707788269017254,constraint_aware_weekly,baseline,adverse_stress,87200,0,main,
0.899977111467155,0.09104781281790437,400613.2170690116,392117.9214147525,472496.5414684579,0.916433008734582,24443.91249809295,4.090830761116507e-05,9.137286249209883,constraint_aware_weekly,baseline,adverse_stress,87201,1,main,
0.8904872389791183,0.08520062532569046,444248.78102854465,435243.00245449785,526973.5590137083,0.8955660265149791,33674.66997632168,2.969502910270615e-05,7.615773105863909,constraint_aware_weekly,baseline,adverse_stress,87202,2,main,
0.8911777877295118,0.08341708542713568,473127.5706012208,463582.9279316586,561115.1054735343,0.9333263747415386,35204.19247853613,2.840490080006462e-05,8.802840450672726,constraint_aware_weekly,baseline,adverse_stress,87203,3,main,
0.9539842873176206,0.08,518214.2309923433,507328.5222371064,617159.5139419354,0.7812167872956088,45265.79024088741,2.2091250443835225e-05,6.8854919940408035,constraint_aware_weekly,baseline,class_imbalance_shift,87300,0,main,
0.9419918959266368,0.06973058637083994,579593.2983740319,568059.6186249617,693988.1617159845,0.8202863374845342,45205.579166624164,2.2120673991149853e-05,8.911228871485683,constraint_aware_weekly,baseline,class_imbalance_shift,87301,1,main,
0.9428076256499134,0.07927389705882353,486021.0044440958,475924.12068063696,576211.0294422624,0.8079960879398569,42395.68983753344,2.358674707464327e-05,9.716480844420989,constraint_aware_weekly,baseline,class_imbalance_shift,87302,2,main,
0.9470301418439716,0.07746314065059677,508977.44536101806,498993.3041753362,606154.7740762602,0.7782350249691319,41808.37630701074,2.391807982632634e-05,8.915716460273957,constraint_aware_weekly,baseline,class_imbalance_shift,87303,3,main,
0.8988240514754826,0.06418168353492965,606994.7966954134,595067.8136922864,726356.4270559056,0.8179435743346055,58656.39857617703,1.7048147791643415e-05,7.9630396206473835,constraint_aware_weekly,baseline,noise,87400,0,main,
0.906567992599445,0.07066326530612245,491079.5540511407,481690.9647779532,585704.3139190945,0.7769159240084409,46670.885402099884,2.1426175338419207e-05,6.664082832618454,constraint_aware_weekly,baseline,noise,87401,1,main,
0.8871965730604474,0.06410944206008584,516439.34158377605,506080.0825424194,617778.2621592579,0.7574401635575069,45527.836021728675,2.196410203684428e-05,7.54983443527075,constraint_aware_weekly,baseline,noise,87402,2,main,
0.9128170289855072,0.06400396923840238,579907.771528519,568483.6530337943,695004.6158032886,0.8052078790940519,55007.090789180475,1.8179143934162677e-05,6.4,constraint_aware_weekly,baseline,noise,87403,3,main,
0.952775290957923,0.07211651397697909,566740.370546391,555545.5235308353,677551.6327654533,0.8445356888669202,47287.29367759513,2.114688271092753e-05,7.963039620647382,constraint_aware_weekly,baseline,split_policy_dynamics,87500,0,main,
0.9506873227143793,0.07551067248106495,550590.2931751154,539568.3353637818,657068.8499110085,0.8687997235265742,50080.481577272374,1.9967460396655137e-05,8.717797887081348,constraint_aware_weekly,baseline,split_policy_dynamics,87501,1,main,
0.9598375451263538,0.07216737188528444,590543.7445332133,579410.2171334614,706307.8304598867,0.8575974597590439,57878.93984328854,1.7277143043125583e-05,5.78013840664737,constraint_aware_weekly,baseline,split_policy_dynamics,87502,2,main,
0.9550234951890804,0.06560449859418932,614121.2549846186,602315.147683436,735019.1730007057,0.8469482027760882,50978.86820679082,1.9615586214222382e-05,7.483314773547883,constraint_aware_weekly,baseline,split_policy_dynamics,87503,3,main,
0.6418079096045197,0.045774647887323945,461695.7527211814,453207.16068985185,563426.4963347791,0.5981884917805532,42442.49194654402,2.356073815178691e-05,0.0,split_policy_static,baseline,base_market,87000,0,main,
0.6336384439359267,0.058866016612495485,432040.3627407319,423928.86794427986,526805.4636910388,0.5988231678293452,37314.00959399973,2.679886755705941e-05,0.0,split_policy_static,baseline,base_market,87001,1,main,
0.645278725824801,0.058885754583921014,421111.0037257203,413039.51438632933,512625.7196549622,0.6072779610967336,35532.978299957766,2.814207831047132e-05,0.0,split_policy_static,baseline,base_market,87002,2,main,
0.6393250527302554,0.06195014662756598,393981.3751829789,386297.69124863646,478941.8230843998,0.5823612155943448,37073.39881635726,2.6972790710737004e-05,0.0,split_policy_static,baseline,base_market,87003,3,main,
0.6227464945470732,0.06182987848463188,401932.9182666611,394185.8940347929,489765.91728739004,0.5838624382338444,37434.81333771491,2.671238877539077e-05,0.0,split_policy_static,baseline,drift,87100,0,main,
0.6154970760233918,0.06311503223617237,379785.4857734549,372879.2903105846,461931.0784025395,0.6326561430720639,31600.495820221284,3.164407171384958e-05,0.0,split_policy_static,baseline,drift,87101,1,main,
0.6268398268398269,0.05490331491712707,443114.2603017744,434668.6037629057,540917.9965585939,0.6105180701755661,38486.75296953403,2.5982291062603103e-05,0.0,split_policy_static,baseline,drift,87102,2,main,
0.6220917590780605,0.06011883956658511,421365.70843581576,413543.1070321379,513846.75090103166,0.5953458167794794,33372.39420668714,2.9963988493553546e-05,0.0,split_policy_static,baseline,drift,87103,3,main,
0.6215426129975264,0.07633863965267727,359873.60845561477,352300.20433802286,437548.1749220085,0.6850587486691123,23594.767921857798,4.238048125035405e-05,0.0,split_policy_static,baseline,adverse_stress,87200,0,main,
0.6160756501182033,0.06753645433614736,381143.6035262041,373704.05558997736,463126.54250789544,0.6509496193711042,32005.35962146307,3.124379066619661e-05,0.0,split_policy_static,baseline,adverse_stress,87201,1,main,
0.6028696498054474,0.08390480032271078,289092.09745852946,283252.9197411569,350090.44379149645,0.6230181770280873,16322.056302656192,6.126303686383006e-05,0.0,split_policy_static,baseline,adverse_stress,87202,2,main,
0.5966254218222722,0.0667420814479638,382438.6445135189,374752.63744676765,466799.5605014587,0.6565385518602306,36261.454317089054,2.7576732431173025e-05,0.0,split_policy_static,baseline,adverse_stress,87203,3,main,
0.6148039421262319,0.07025920873124147,377745.3093174553,369904.8682493728,459735.29124989547,0.5736240409275453,29970.41784683381,3.3365121567168045e-05,0.0,split_policy_static,baseline,class_imbalance_shift,87300,0,main,
0.5918591859185919,0.05799256505576208,381540.22996601893,374550.90593381034,466031.2465995437,0.5330031109081301,36192.632023904844,2.7629169665523732e-05,0.0,split_policy_static,baseline,class_imbalance_shift,87301,1,main,
0.6009831160504381,0.05689900426742532,411271.5030757608,403571.57630904554,502498.37369443773,0.557887092551675,33913.10910747878,2.948625295834408e-05,0.0,split_policy_static,baseline,class_imbalance_shift,87302,2,main,
0.596528365791702,0.0716820440028389,378081.71345493785,370459.9651190261,460585.31274666847,0.5590015074223751,34344.12973103279,2.9116209716815915e-05,0.0,split_policy_static,baseline,class_imbalance_shift,87303,3,main,
0.6271186440677966,0.051209103840682786,454574.5670349477,445800.77297372336,555422.3576516677,0.6042676321913103,35995.53071565446,2.778045495270776e-05,0.0,split_policy_static,baseline,noise,87400,0,main,
0.6406213772316253,0.053564965617082884,417300.2419427336,409538.93671222095,508281.2437956686,0.5919730777288469,29166.910507189892,3.4284252200839e-05,0.0,split_policy_static,baseline,noise,87401,1,main,
0.6357511789804626,0.050865418580007066,453385.0486356737,445059.4477191732,553030.0656331507,0.5900220176875817,40840.51140254825,2.448489210263669e-05,0.0,split_policy_static,baseline,noise,87402,2,main,
0.623006833712984,0.04862888482632541,431245.25876723893,423069.4242798466,524683.784798,0.5818837374267108,34368.148981868806,2.9095861539299176e-05,0.0,split_policy_static,baseline,noise,87403,3,main,
0.6402359108781127,0.05970658478335039,440881.3922921254,432325.86365373374,537370.3579592766,0.6247999573798525,34331.303847847994,2.91270869683475e-05,0.0,split_policy_static,baseline,split_policy_dynamics,87500,0,main,
0.635884509624198,0.05981981981981982,406513.77515448106,398894.7310857958,494297.9818446938,0.6004785889956064,38867.078248809594,2.572805358676633e-05,0.0,split_policy_static,baseline,split_policy_dynamics,87501,1,main,
0.6339928057553957,0.05531914893617021,436145.75998709747,427871.27580736176,531837.1901216456,0.5914155830701475,37358.12468765905,2.676722242184472e-05,0.0,split_policy_static,baseline,split_policy_dynamics,87502,2,main,
0.6478603363849266,0.05948077555044364,461667.85112451576,452743.65830315143,562437.1103693643,0.6406259727110218,33655.84796099421,2.9711635538744624e-05,0.0,split_policy_static,baseline,split_policy_dynamics,87503,3,main,
0.5850613154960981,0.06059451219512195,396423.2152852006,388781.56265468517,634985.5701478978,0.5638260446512657,28110.542979295562,3.557257603172157e-05,0.0,ppo__no_delayed_reward,agent_ablation,base_market,22000,0,ablation,no_delayed_reward
0.5931304748732135,0.05596579867858531,379870.1398019379,372396.5429422572,612106.7491972098,0.553949732314075,25612.877521279806,3.904133605578491e-05,0.0,ppo__no_delayed_reward,agent_ablation,base_market,22001,1,ablation,no_delayed_reward
0.5845604640785363,0.06030534351145038,400829.82757460175,393082.4801288729,651759.4527516855,0.5544772459697676,32376.128031617554,3.088600072938712e-05,0.0,ppo__no_delayed_reward,agent_ablation,base_market,22002,2,ablation,no_delayed_reward
0.5834616230481636,0.05013192612137203,417020.520169156,408955.97844403266,644813.4006731511,0.55829663058884,30171.29685924035,3.314298558923754e-05,0.0,ppo__no_delayed_reward,agent_ablation,base_market,22003,3,ablation,no_delayed_reward
0.5768747381650607,0.06499636891793754,385572.01712995744,377702.69446605066,618069.1129319192,0.5806441271898012,27501.681713006703,3.636009064261814e-05,0.0,ppo__no_delayed_reward,agent_ablation,drift,22100,0,ablation,no_delayed_reward
0.5557498906864888,0.06254917387883556,375137.0282760733,367320.4322169203,578479.6963636006,0.5558414512109076,24669.22848607702,4.0534687409334846e-05,0.0,ppo__no_delayed_reward,agent_ablation,drift,22101,1,ablation,no_delayed_reward
0.5599821945248163,0.06359300476947535,338939.95113230136,332264.94582303724,572582.2904586123,0.5308544097529229,28261.131743166574,3.5383035118778237e-05,0.0,ppo__no_delayed_reward,agent_ablation,drift,22102,2,ablation,no_delayed_reward
0.5628140703517588,0.0593944099378882,351202.53397967387,344493.53392304364,586033.373701398,0.5536737501237166,26509.44130373229,3.7720986555558185e-05,0.0,ppo__no_delayed_reward,agent_ablation,drift,22103,3,ablation,no_delayed_reward
0.545985401459854,0.07397504456327986,291567.4997107063,286049.48456564604,484207.61749973515,0.5700607549509605,21184.245450744755,4.7202662925241e-05,0.0,ppo__no_delayed_reward,agent_ablation,adverse_stress,22200,0,ablation,no_delayed_reward
0.5649518440216115,0.06985446985446986,359768.0964392688,352463.49627859273,515095.03898575914,0.5883235768500799,19149.58866128656,5.221771600272149e-05,0.0,ppo__no_delayed_reward,agent_ablation,adverse_stress,22201,1,ablation,no_delayed_reward
0.5725301204819278,0.06860269360269361,345470.9531092824,338614.76780900214,501806.8512725202,0.5907000210070706,19008.724222475215,5.2604655822292204e-05,0.0,ppo__no_delayed_reward,agent_ablation,adverse_stress,22202,2,ablation,no_delayed_reward
0.5581907090464547,0.07402540516863776,322105.35821939906,315846.29530547594,514794.7772914461,0.5802888114213273,24127.940255481757,4.144400829094904e-05,0.0,ppo__no_delayed_reward,agent_ablation,adverse_stress,22203,3,ablation,no_delayed_reward
0.5524253336157594,0.061733128834355826,375840.48156448675,368671.7522327141,600974.7157371596,0.5181890237679755,30748.268090675738,3.252109926815576e-05,0.0,ppo__no_delayed_reward,agent_ablation,class_imbalance_shift,22300,0,ablation,no_delayed_reward
0.555508384631713,0.06687046236148261,348348.02684470697,341104.4180421282,581675.3967068119,0.5236117630778694,25872.243410903193,3.8649966844844503e-05,0.0,ppo__no_delayed_reward,agent_ablation,class_imbalance_shift,22301,1,ablation,no_delayed_reward
0.5515245938125973,0.06860371267150928,327252.99405107915,320945.0521317792,547629.2230647574,0.5055637915276003,25266.493879431648,3.957654070370723e-05,0.0,ppo__no_delayed_reward,agent_ablation,class_imbalance_shift,22302,2,ablation,no_delayed_reward
0.5667527993109388,0.05889057750759878,402811.4882720921,394948.9553121582,622475.6847201881,0.5229442695779434,34409.56099615651,2.9060845596550866e-05,0.0,ppo__no_delayed_reward,agent_ablation,class_imbalance_shift,22303,3,ablation,no_delayed_reward
0.5596941292550567,0.05509034817100044,343475.1309012311,337165.3184093384,598404.8381459911,0.4944656638932395,30935.212282843444,3.232457777497792e-05,0.0,ppo__no_delayed_reward,agent_ablation,noise,22400,0,ablation,no_delayed_reward
0.5817063385932068,0.05563218390804598,333680.778998237,327139.96378717106,526585.4282471563,0.48197535730342655,21511.928867289003,4.648367528981734e-05,0.0,ppo__no_delayed_reward,agent_ablation,noise,22401,1,ablation,no_delayed_reward
0.558492300620547,0.053497942386831275,370185.1550271491,363200.98683062155,618360.0321776962,0.5239503326426866,30023.836304027467,3.330576026707137e-05,0.0,ppo__no_delayed_reward,agent_ablation,noise,22402,2,ablation,no_delayed_reward
0.5696327335469559,0.05106014712245781,367444.41091074067,360288.83492430724,558482.0029054075,0.5054225096010807,23945.797118667124,4.175923799097438e-05,0.0,ppo__no_delayed_reward,agent_ablation,noise,22403,3,ablation,no_delayed_reward
0.5965703971119134,0.05635400907715583,412774.6881432355,405253.39706033835,667863.032361381,0.5683364658749037,34512.130164455375,2.897448000905716e-05,0.0,ppo__no_delayed_reward,agent_ablation,split_policy_dynamics,22500,0,ablation,no_delayed_reward
0.5773755656108597,0.056818181818181816,398233.81246470596,390405.8882335193,616670.7145404932,0.55394132768191,27748.26722025075,3.6036987645937695e-05,0.0,ppo__no_delayed_reward,agent_ablation,split_policy_dynamics,22501,1,ablation,no_delayed_reward
0.5889319552110249,0.06910420475319927,358853.5929049979,351492.0675930847,650158.9626656836,0.5858022692257975,28961.284993663372,3.452766244855297e-05,0.0,ppo__no_delayed_reward,agent_ablation,split_policy_dynamics,22502,2,ablation,no_delayed_reward
0.5897551112109638,0.06476190476190476,394581.77225200867,387110.219214963,669395.5316407017,0.5688250077779549,34316.554586014165,2.913960543119648e-05,0.0,ppo__no_delayed_reward,agent_ablation,split_policy_dynamics,22503,3,ablation,no_delayed_reward
0.5948196114708603,0.05754276827371695,371557.71352311154,364519.500696992,638022.5566847469,0.5557105443727225,29901.577642603945,3.3441933065169664e-05,0.0,ppo__no_delayed_reward,agent_ablation,base_market,46000,0,ablation,no_delayed_reward
0.5862237420615535,0.050833333333333335,391496.33070135897,384031.3470089392,603247.7339114584,0.5257698592240985,28969.41594918823,3.451797177347813e-05,0.0,ppo__no_delayed_reward,agent_ablation,base_market,46001,1,ablation,no_delayed_reward
0.5813794673343956,0.05755677368833203,399877.8502738684,392191.4591821114,647277.2876644786,0.5526002251322765,32009.994178543813,3.1239267184968456e-05,0.0,ppo__no_delayed_reward,agent_ablation,base_market,46002,2,ablation,no_delayed_reward
0.5984864864864865,0.05455202312138728,433811.13094674784,425806.5359444565,711248.5226484714,0.575762662367262,37897.88659266698,2.638599942916236e-05,0.0,ppo__no_delayed_reward,agent_ablation,base_market,46003,3,ablation,no_delayed_reward
0.561063829787234,0.06484641638225255,360347.8258010961,353616.86836595775,607968.2903147005,0.5678496044976087,28843.98750504285,3.466806840617193e-05,0.0,ppo__no_delayed_reward,agent_ablation,drift,46100,0,ablation,no_delayed_reward
0.5675848814862268,0.07035364936042136,334566.35175802815,327635.9852491346,576907.6102446167,0.5607593368327243,23372.94658377288,4.278267670442268e-05,0.0,ppo__no_delayed_reward,agent_ablation,drift,46101,1,ablation,no_delayed_reward
0.546868155935173,0.06087304765718863,369362.4338901933,362189.074300695,578695.3203557848,0.5301214072495292,29742.201011271587,3.362112906479153e-05,0.0,ppo__no_delayed_reward,agent_ablation,drift,46102,2,ablation,no_delayed_reward
0.5783079301965982,0.0653170359052712,374208.9099460684,366980.3793397061,596781.509530878,0.5578038826401623,27570.7862090148,3.626895959584376e-05,0.0,ppo__no_delayed_reward,agent_ablation,drift,46103,3,ablation,no_delayed_reward
0.5677823260293764,0.06827820186598813,330745.7574806843,324007.5992014934,537111.5734373593,0.5839546797847466,26693.853607967118,3.746040396721069e-05,0.0,ppo__no_delayed_reward,agent_ablation,adverse_stress,46200,0,ablation,no_delayed_reward
0.552168815943728,0.07600849256900212,293473.1625803894,287230.7515306845,469419.62831384974,0.5849965437566508,13449.276554879107,7.434791365960789e-05,0.0,ppo__no_delayed_reward,agent_ablation,adverse_stress,46201,1,ablation,no_delayed_reward
0.5665256229431124,0.07551867219917012,320316.2190955395,313574.6933029765,507359.4972762395,0.6020257188483498,19627.177750366245,5.0947164465195496e-05,0.0,ppo__no_delayed_reward,agent_ablation,adverse_stress,46202,2,ablation,no_delayed_reward
0.5586268390548372,0.0782122905027933,326391.43771984335,320012.2830293845,540902.0518427207,0.6148170625743219,23200.610630303352,4.3100456081868375e-05,0.0,ppo__no_delayed_reward,agent_ablation,adverse_stress,46203,3,ablation,no_delayed_reward
0.5638342402678945,0.06607275426874536,375033.02293902496,367823.94922095264,601984.6754393156,0.5354817363980666,26568.536336955633,3.7637088856876195e-05,0.0,ppo__no_delayed_reward,agent_ablation,class_imbalance_shift,46300,0,ablation,no_delayed_reward
0.5588111298482293,0.06978498679743493,374599.4211922701,367280.9605333049,606925.947377139,0.5366227228002693,28499.24091553209,3.508742269806635e-05,0.0,ppo__no_delayed_reward,agent_ablation,class_imbalance_shift,46301,1,ablation,no_delayed_reward
0.5690331010452961,0.062380405663987754,337489.5500710895,330726.7573782449,566070.6897670473,0.5167410277537576,24651.90540177405,4.056317029180824e-05,0.0,ppo__no_delayed_reward,agent_ablation,class_imbalance_shift,46302,2,ablation,no_delayed_reward
0.550332778702163,0.054043839758125475,399146.1171415923,391576.91968431196,605987.5265708034,0.5293641795786501,31210.074368787464,3.203990955851385e-05,0.0,ppo__no_delayed_reward,agent_ablation,class_imbalance_shift,46303,3,ablation,no_delayed_reward
0.5760095011876485,0.052371134020618555,382853.83264735935,375691.73834913137,618017.8692009506,0.5257034083404704,30409.87175603786,3.2882977114967356e-05,0.0,ppo__no_delayed_reward,agent_ablation,noise,46400,0,ablation,no_delayed_reward
0.5663301244423573,0.048507462686567165,378082.2460636215,371165.56372709613,598885.2743006812,0.5155559676978798,28858.804625668377,3.465026922291026e-05,0.0,ppo__no_delayed_reward,agent_ablation,noise,46401,1,ablation,no_delayed_reward
0.5695982627578718,0.05680518490278307,384940.7793694526,377472.4276072805,626452.7694842262,0.5548068148286226,25157.6174962374,3.974781206278744e-05,0.0,ppo__no_delayed_reward,agent_ablation,noise,46402,2,ablation,no_delayed_reward
0.5586899354530241,0.04749679075738126,352708.99194984726,346013.9649709265,567105.8650695567,0.4927449024119629,27042.172464825362,3.697791009174994e-05,0.0,ppo__no_delayed_reward,agent_ablation,noise,46403,3,ablation,no_delayed_reward
0.5901785714285714,0.062405446293494704,382231.01082611864,374649.5173731279,638168.0114168017,0.5717972222262513,27708.793341259796,3.608832399738626e-05,0.0,ppo__no_delayed_reward,agent_ablation,split_policy_dynamics,46500,0,ablation,no_delayed_reward
0.5810479375696767,0.057943207981580966,412210.00677086203,404107.8419737814,644667.3204043498,0.5666873486408172,30519.330109879586,3.2765045345177803e-05,0.0,ppo__no_delayed_reward,agent_ablation,split_policy_dynamics,46501,1,ablation,no_delayed_reward
0.5988063660477454,0.05721668512366187,419708.50104998914,411798.31192047853,667923.9097674934,0.5858233312715693,30496.452693673455,3.278962377757684e-05,0.0,ppo__no_delayed_reward,agent_ablation,split_policy_dynamics,46502,2,ablation,no_delayed_reward
0.5882481432940149,0.05867062755291497,395075.0587958029,387178.750536361,638530.5176642851,0.5907491260685535,25829.237777523707,3.871431647718529e-05,0.0,ppo__no_delayed_reward,agent_ablation,split_policy_dynamics,46503,3,ablation,no_delayed_reward
0.5919210465916915,0.0550601008142691,411776.8712347274,404147.9601519019,651975.8913321501,0.5588152503896591,32627.892006801278,3.0647684873625395e-05,0.0,ppo__no_delayed_reward,agent_ablation,base_market,74000,0,ablation,no_delayed_reward
0.5894521482155035,0.05823370613189356,401334.89138867904,393972.057170906,683706.1992002116,0.550194330316283,39207.30839603349,2.5504798368224553e-05,0.0,ppo__no_delayed_reward,agent_ablation,base_market,74001,1,ablation,no_delayed_reward
0.5928047662694775,0.05450328565906455,381465.92590662,374229.0351504723,654699.7462928859,0.5436194068738103,34247.373489097015,2.919846690875263e-05,0.0,ppo__no_delayed_reward,agent_ablation,base_market,74002,2,ablation,no_delayed_reward
0.5890917494800092,0.05492349941153393,424264.618325038,416356.68159052276,640387.687421273,0.5586147012459822,31266.14820886132,3.198244986463439e-05,0.0,ppo__no_delayed_reward,agent_ablation,base_market,74003,3,ablation,no_delayed_reward
0.5627044711014176,0.07131782945736434,327131.6799323311,320673.59957147384,573195.7738708858,0.5608668091192749,23922.149660680625,4.18005159932419e-05,0.0,ppo__no_delayed_reward,agent_ablation,drift,74100,0,ablation,no_delayed_reward
0.5645724258289704,0.06452859350850078,338439.48323049396,332111.02966929873,579341.0664419152,0.5442694333520166,26807.874705624392,3.73010807421247e-05,0.0,ppo__no_delayed_reward,agent_ablation,drift,74101,1,ablation,no_delayed_reward
0.5622149837133551,0.06913866357667053,345718.05325943633,338884.46626314986,586537.136944259,0.5598901928060779,25769.486621636806,3.880407904910898e-05,0.0,ppo__no_delayed_reward,agent_ablation,drift,74102,2,ablation,no_delayed_reward
0.5725338491295938,0.06794294294294294,350180.795429041,343209.7203278213,580427.492006197,0.566784250472989,23583.46775441133,4.2400787264446797e-05,0.0,ppo__no_delayed_reward,agent_ablation,drift,74103,3,ablation,no_delayed_reward
0.5663760896637609,0.07255936675461741,315379.3753202765,308643.29928912927,490616.2770754966,0.5756398147451566,19327.218440773122,5.17378258665831e-05,0.0,ppo__no_delayed_reward,agent_ablation,adverse_stress,74200,0,ablation,no_delayed_reward
0.5621744054360136,0.07131345688960515,354389.33155427285,347183.835123244,526696.8255738218,0.6160937627687662,20820.58770999213,4.8027077182020425e-05,0.0,ppo__no_delayed_reward,agent_ablation,adverse_stress,74201,1,ablation,no_delayed_reward
0.5695631528964862,0.07294706127553147,330712.1511443367,323705.967586281,510319.29616790864,0.5891949283605598,19970.818252883644,5.007055378423616e-05,0.0,ppo__no_delayed_reward,agent_ablation,adverse_stress,74202,2,ablation,no_delayed_reward
0.571203953279425,0.06960283130161227,345092.40503847325,337806.78205172525,550402.2275429668,0.6337323810760783,23421.88390496138,4.2693291059184315e-05,0.0,ppo__no_delayed_reward,agent_ablation,adverse_stress,74203,3,ablation,no_delayed_reward
0.5376962193234579,0.060032894736842105,343556.7348995537,336717.2685784586,558243.4512282687,0.4998905685890436,26991.565213530423,3.704723845582246e-05,0.0,ppo__no_delayed_reward,agent_ablation,class_imbalance_shift,74300,0,ablation,no_delayed_reward
0.5490885130683066,0.0612,354726.5997352841,347751.81247810164,566260.7153440173,0.4996794492870001,26762.714806386834,3.736402092288632e-05,0.0,ppo__no_delayed_reward,agent_ablation,class_imbalance_shift,74301,1,ablation,no_delayed_reward
0.5654347826086956,0.06074586697424068,366039.1040204547,358822.92590440065,555930.369361554,0.5229465181835785,21950.812342524132,4.555432528287616e-05,0.0,ppo__no_delayed_reward,agent_ablation,class_imbalance_shift,74302,2,ablation,no_delayed_reward
0.5709745762711864,0.059369202226345084,378731.1702341034,371130.9972078381,576537.5846076879,0.526250412631292,22847.33944915868,4.376685676546275e-05,0.0,ppo__no_delayed_reward,agent_ablation,class_imbalance_shift,74303,3,ablation,no_delayed_reward
0.5583744948361024,0.05066344993968637,396449.4858759213,388848.20995464845,626610.8617597802,0.5497572028225798,28777.587752400956,3.474805673591719e-05,0.0,ppo__no_delayed_reward,agent_ablation,noise,74400,0,ablation,no_delayed_reward
0.5789473684210527,0.0641945773524721,365036.67845142854,357714.300263903,648803.3797209859,0.5165724068672353,36779.62861602518,2.718822482452907e-05,0.0,ppo__no_delayed_reward,agent_ablation,noise,74401,1,ablation,no_delayed_reward
0.5741022850924918,0.05155420773313116,415797.7673990943,407695.4350311109,693078.405473178,0.5656052124360389,36063.999706192364,2.7727714075880055e-05,0.0,ppo__no_delayed_reward,agent_ablation,noise,74402,2,ablation,no_delayed_reward
0.5800992779783394,0.054064566316608324,389631.3841048486,382282.8075139095,671544.7492332333,0.5438437740279805,35345.68507703356,2.8291196128311e-05,0.0,ppo__no_delayed_reward,agent_ablation,noise,74403,3,ablation,no_delayed_reward
0.5879857079053149,0.061906570451955946,375175.33891138755,367742.27311751345,617449.2041655469,0.5656879154578446,25751.991829226125,3.883043984292096e-05,0.0,ppo__no_delayed_reward,agent_ablation,split_policy_dynamics,74500,0,ablation,no_delayed_reward
0.5763888888888888,0.0572289156626506,419596.54032975726,411328.31183829147,644789.822764946,0.5623228579163475,29779.750094364055,3.357873783673595e-05,0.0,ppo__no_delayed_reward,agent_ablation,split_policy_dynamics,74501,1,ablation,no_delayed_reward
0.5921470721743077,0.055193560751245686,425487.3312830186,417808.6681580831,647082.1448733755,0.5619724369835771,31760.434627039067,3.14847239031414e-05,0.0,ppo__no_delayed_reward,agent_ablation,split_policy_dynamics,74502,2,ablation,no_delayed_reward
0.5925342927816506,0.06261859582542695,376135.35699061933,369103.24590646394,624881.2624246746,0.5685781563763529,25950.17848279605,3.853389550932861e-05,0.0,ppo__no_delayed_reward,agent_ablation,split_policy_dynamics,74503,3,ablation,no_delayed_reward
0.5850613154960981,0.06059451219512195,396423.2152852006,388781.56265468517,493567.34155980137,0.5638260446512657,32993.02450399545,3.0308518437297753e-05,0.0,ppo__no_constraint_penalties,agent_ablation,base_market,22000,0,ablation,no_constraint_penalties
0.5931304748732135,0.05596579867858531,379870.1398019379,372396.5429422572,472918.0176780111,0.553949732314075,27679.63651111282,3.612633689252538e-05,0.0,ppo__no_constraint_penalties,agent_ablation,base_market,22001,1,ablation,no_constraint_penalties
0.5845604640785363,0.06030534351145038,400829.82757460175,393082.4801288729,499049.5531414566,0.5544772459697676,34626.66515400714,2.8878643580284223e-05,0.0,ppo__no_constraint_penalties,agent_ablation,base_market,22002,2,ablation,no_constraint_penalties
0.5834616230481636,0.05013192612137203,417020.520169156,408955.97844403266,519208.5139459348,0.55829663058884,32577.122714494988,3.0695445798510354e-05,0.0,ppo__no_constraint_penalties,agent_ablation,base_market,22003,3,ablation,no_constraint_penalties
0.5768747381650607,0.06499636891793754,385572.01712995744,377702.69446605066,479940.42300692934,0.5806441271898012,31678.0321469052,3.156662095491741e-05,0.0,ppo__no_constraint_penalties,agent_ablation,drift,22100,0,ablation,no_constraint_penalties
0.5557498906864888,0.06254917387883556,375137.0282760733,367320.4322169203,466910.0598540604,0.5558414512109076,30218.582567710186,3.309112552297484e-05,0.0,ppo__no_constraint_penalties,agent_ablation,drift,22101,1,ablation,no_constraint_penalties
0.5599821945248163,0.06359300476947535,338939.95113230136,332264.94582303724,421949.1964378735,0.5308544097529229,31823.850260481104,3.142198602083486e-05,0.0,ppo__no_constraint_penalties,agent_ablation,drift,22102,2,ablation,no_constraint_penalties
0.5628140703517588,0.0593944099378882,351202.53397967387,344493.53392304364,437268.9147648189,0.5536737501237166,28949.49849764443,3.454171955213018e-05,0.0,ppo__no_constraint_penalties,agent_ablation,drift,22103,3,ablation,no_constraint_penalties
0.545985401459854,0.07397504456327986,291567.4997107063,286049.48456564604,363014.19938759634,0.5700607549509605,26380.839777480298,3.79048621489092e-05,0.0,ppo__no_constraint_penalties,agent_ablation,adverse_stress,22200,0,ablation,no_constraint_penalties
0.5649518440216115,0.06985446985446986,359768.0964392688,352463.49627859273,447817.55882567633,0.5883235768500799,21232.262612507035,4.709591824155039e-05,0.0,ppo__no_constraint_penalties,agent_ablation,adverse_stress,22201,1,ablation,no_constraint_penalties
0.5725301204819278,0.06860269360269361,345470.9531092824,338614.76780900214,430059.24187015544,0.5907000210070706,23666.296297393714,4.2252397039121105e-05,0.0,ppo__no_constraint_penalties,agent_ablation,adverse_stress,22202,2,ablation,no_constraint_penalties
0.5581907090464547,0.07402540516863776,322105.35821939906,315846.29530547594,401001.2309242964,0.5802888114213273,24432.84277932679,4.0926841063497765e-05,0.0,ppo__no_constraint_penalties,agent_ablation,adverse_stress,22203,3,ablation,no_constraint_penalties
0.5524253336157594,0.061733128834355826,375840.48156448675,368671.7522327141,467951.3211501484,0.5181890237679755,33591.863075703164,2.976822778536176e-05,0.0,ppo__no_constraint_penalties,agent_ablation,class_imbalance_shift,22300,0,ablation,no_constraint_penalties
0.555508384631713,0.06687046236148261,348348.02684470697,341104.4180421282,433567.3708991413,0.5236117630778694,27929.980951477908,3.580253775322872e-05,0.0,ppo__no_constraint_penalties,agent_ablation,class_imbalance_shift,22301,1,ablation,no_constraint_penalties
0.5515245938125973,0.06860371267150928,327252.99405107915,320945.0521317792,407431.6735334256,0.5055637915276003,28804.41506135962,3.471569487437894e-05,0.0,ppo__no_constraint_penalties,agent_ablation,class_imbalance_shift,22302,2,ablation,no_constraint_penalties
0.5667527993109388,0.05889057750759878,402811.4882720921,394948.9553121582,501491.83228948823,0.5229442695779434,37648.782034892334,2.6560578732520667e-05,0.0,ppo__no_constraint_penalties,agent_ablation,class_imbalance_shift,22303,3,ablation,no_constraint_penalties
0.5596941292550567,0.05509034817100044,343475.1309012311,337165.3184093384,427717.069930766,0.4944656638932395,32091.266251247085,3.116015529009705e-05,0.0,ppo__no_constraint_penalties,agent_ablation,noise,22400,0,ablation,no_constraint_penalties
0.5817063385932068,0.05563218390804598,333680.778998237,327139.96378717106,415416.1092122013,0.48197535730342655,25215.270774050037,3.965693456262756e-05,0.0,ppo__no_constraint_penalties,agent_ablation,noise,22401,1,ablation,no_constraint_penalties
0.558492300620547,0.053497942386831275,370185.1550271491,363200.98683062155,460936.1972056981,0.5239503326426866,30045.900786405327,3.3281302691039885e-05,0.0,ppo__no_constraint_penalties,agent_ablation,noise,22402,2,ablation,no_constraint_penalties
0.5696327335469559,0.05106014712245781,367444.41091074067,360288.83492430724,457467.32881410193,0.5054225096010807,25884.481737073915,3.863169363264242e-05,0.0,ppo__no_constraint_penalties,agent_ablation,noise,22403,3,ablation,no_constraint_penalties
0.5965703971119134,0.05635400907715583,412774.6881432355,405253.39706033835,514034.56552876823,0.5683364658749037,36435.013183406445,2.7445373756078677e-05,0.0,ppo__no_constraint_penalties,agent_ablation,split_policy_dynamics,22500,0,ablation,no_constraint_penalties
0.5773755656108597,0.056818181818181816,398233.81246470596,390405.8882335193,495781.6927978642,0.55394132768191,31785.32175098217,3.146007291545461e-05,0.0,ppo__no_constraint_penalties,agent_ablation,split_policy_dynamics,22501,1,ablation,no_constraint_penalties
0.5889319552110249,0.06910420475319927,358853.5929049979,351492.0675930847,446672.65454328764,0.5858022692257975,33542.97384397599,2.9811613992168238e-05,0.0,ppo__no_constraint_penalties,agent_ablation,split_policy_dynamics,22502,2,ablation,no_constraint_penalties
0.5897551112109638,0.06476190476190476,394581.77225200867,387110.219214963,491305.62678625504,0.5688250077779549,36061.38781513639,2.7729722311407015e-05,0.0,ppo__no_constraint_penalties,agent_ablation,split_policy_dynamics,22503,3,ablation,no_constraint_penalties
0.5948196114708603,0.05754276827371695,371557.71352311154,364519.500696992,462636.3844855783,0.5557105443727225,33038.70778386327,3.0266611513083787e-05,0.0,ppo__no_constraint_penalties,agent_ablation,base_market,46000,0,ablation,no_constraint_penalties
0.5862237420615535,0.050833333333333335,391496.33070135897,384031.3470089392,487452.65353108227,0.5257698592240985,31612.944981142013,3.1631610689412806e-05,0.0,ppo__no_constraint_penalties,agent_ablation,base_market,46001,1,ablation,no_constraint_penalties
0.5813794673343956,0.05755677368833203,399877.8502738684,392191.4591821114,497874.45309501514,0.5526002251322765,34716.63035106165,2.8803809185364532e-05,0.0,ppo__no_constraint_penalties,agent_ablation,base_market,46002,2,ablation,no_constraint_penalties
0.5984864864864865,0.05455202312138728,433811.13094674784,425806.5359444565,540211.7584442797,0.575762662367262,41267.74058406365,2.4231415493841368e-05,0.0,ppo__no_constraint_penalties,agent_ablation,base_market,46003,3,ablation,no_constraint_penalties
0.561063829787234,0.06484641638225255,360347.8258010961,353616.86836595775,448695.0818238163,0.5678496044976087,31392.42968577076,3.185379902767538e-05,0.0,ppo__no_constraint_penalties,agent_ablation,drift,46100,0,ablation,no_constraint_penalties
0.5675848814862268,0.07035364936042136,334566.35175802815,327635.9852491346,416418.5527081711,0.5607593368327243,25994.270498683833,3.8468536038147055e-05,0.0,ppo__no_constraint_penalties,agent_ablation,drift,46101,1,ablation,no_constraint_penalties
0.546868155935173,0.06087304765718863,369362.4338901933,362189.074300695,459852.78697272507,0.5301214072495292,29473.393307213217,3.392775517300544e-05,0.0,ppo__no_constraint_penalties,agent_ablation,drift,46102,2,ablation,no_constraint_penalties
0.5783079301965982,0.0653170359052712,374208.9099460684,366980.3793397061,465897.23353217007,0.5578038826401623,32500.47951373877,3.076783010992739e-05,0.0,ppo__no_constraint_penalties,agent_ablation,drift,46103,3,ablation,no_constraint_penalties
0.5677823260293764,0.06827820186598813,330745.7574806843,324007.5992014934,411681.899394694,0.5839546797847466,29031.242004725937,3.44444634981073e-05,0.0,ppo__no_constraint_penalties,agent_ablation,adverse_stress,46200,0,ablation,no_constraint_penalties
0.552168815943728,0.07600849256900212,293473.1625803894,287230.7515306845,365215.0718922384,0.5849965437566508,17147.735201443655,5.831333846217508e-05,0.0,ppo__no_constraint_penalties,agent_ablation,adverse_stress,46201,1,ablation,no_constraint_penalties
0.5665256229431124,0.07551867219917012,320316.2190955395,313574.6933029765,398644.6599731348,0.6020257188483498,20551.444791248512,4.8656011980911024e-05,0.0,ppo__no_constraint_penalties,agent_ablation,adverse_stress,46202,2,ablation,no_constraint_penalties
0.5586268390548372,0.0782122905027933,326391.43771984335,320012.2830293845,406328.7945251819,0.6148170625743219,27029.482053959062,3.6995270672708314e-05,0.0,ppo__no_constraint_penalties,agent_ablation,adverse_stress,46203,3,ablation,no_constraint_penalties
0.5638342402678945,0.06607275426874536,375033.02293902496,367823.94922095264,466932.3522785185,0.5354817363980666,31864.312798264124,3.138208641888729e-05,0.0,ppo__no_constraint_penalties,agent_ablation,class_imbalance_shift,46300,0,ablation,no_constraint_penalties
0.5588111298482293,0.06978498679743493,374599.4211922701,367280.9605333049,466362.4290248643,0.5366227228002693,30082.02860893185,3.3241333942789703e-05,0.0,ppo__no_constraint_penalties,agent_ablation,class_imbalance_shift,46301,1,ablation,no_constraint_penalties
0.5690331010452961,0.062380405663987754,337489.5500710895,330726.7573782449,420114.3347294851,0.5167410277537576,28513.469750636785,3.5069913933001265e-05,0.0,ppo__no_constraint_penalties,agent_ablation,class_imbalance_shift,46302,2,ablation,no_constraint_penalties
0.550332778702163,0.054043839758125475,399146.1171415923,391576.91968431196,496983.19362155674,0.5293641795786501,33492.02811150121,2.9856959981967376e-05,0.0,ppo__no_constraint_penalties,agent_ablation,class_imbalance_shift,46303,3,ablation,no_constraint_penalties
0.5760095011876485,0.052371134020618555,382853.83264735935,375691.73834913137,476726.8930061201,0.5257034083404704,35125.82847676626,2.8468268937556496e-05,0.0,ppo__no_constraint_penalties,agent_ablation,noise,46400,0,ablation,no_constraint_penalties
0.5663301244423573,0.048507462686567165,378082.2460636215,371165.56372709613,470823.5275557792,0.5155559676978798,32103.927424979393,3.1147866704783305e-05,0.0,ppo__no_constraint_penalties,agent_ablation,noise,46401,1,ablation,no_constraint_penalties
0.5695982627578718,0.05680518490278307,384940.7793694526,377472.4276072805,479259.22076297813,0.5548068148286226,27352.874819307104,3.6557891947877634e-05,0.0,ppo__no_constraint_penalties,agent_ablation,noise,46402,2,ablation,no_constraint_penalties
0.5586899354530241,0.04749679075738126,352708.99194984726,346013.9649709265,439162.7519672475,0.4927449024119629,26072.636813049976,3.835291590391009e-05,0.0,ppo__no_constraint_penalties,agent_ablation,noise,46403,3,ablation,no_constraint_penalties
0.5901785714285714,0.062405446293494704,382231.01082611864,374649.5173731279,475839.8916742432,0.5717972222262513,30836.578669788094,3.242796753623561e-05,0.0,ppo__no_constraint_penalties,agent_ablation,split_policy_dynamics,46500,0,ablation,no_constraint_penalties
0.5810479375696767,0.057943207981580966,412210.00677086203,404107.8419737814,513183.65050677396,0.5666873486408172,33654.37623296426,2.9712934809521905e-05,0.0,ppo__no_constraint_penalties,agent_ablation,split_policy_dynamics,46501,1,ablation,no_constraint_penalties
0.5988063660477454,0.05721668512366187,419708.50104998914,411798.31192047853,522604.46159390337,0.5858233312715693,34233.83591652935,2.9210012936477298e-05,0.0,ppo__no_constraint_penalties,agent_ablation,split_policy_dynamics,46502,2,ablation,no_constraint_penalties
0.5882481432940149,0.05867062755291497,395075.0587958029,387178.750536361,491816.0331818297,0.5907491260685535,28134.381475123166,3.554243616295671e-05,0.0,ppo__no_constraint_penalties,agent_ablation,split_policy_dynamics,46503,3,ablation,no_constraint_penalties
0.5919210465916915,0.0550601008142691,411776.8712347274,404147.9601519019,512762.70836576854,0.5588152503896591,33515.52717621512,2.9836026708329328e-05,0.0,ppo__no_constraint_penalties,agent_ablation,base_market,74000,0,ablation,no_constraint_penalties
0.5894521482155035,0.05823370613189356,401334.89138867904,393972.057170906,499776.9209290078,0.550194330316283,39564.137777110256,2.527477613330929e-05,0.0,ppo__no_constraint_penalties,agent_ablation,base_market,74001,1,ablation,no_constraint_penalties
0.5928047662694775,0.05450328565906455,381465.92590662,374229.0351504723,474972.2419656706,0.5436194068738103,36588.94832530619,2.7329910146617617e-05,0.0,ppo__no_constraint_penalties,agent_ablation,base_market,74002,2,ablation,no_constraint_penalties
0.5890917494800092,0.05492349941153393,424264.618325038,416356.68159052276,528302.8162701891,0.5586147012459822,35080.58812079945,2.8504980919239285e-05,0.0,ppo__no_constraint_penalties,agent_ablation,base_market,74003,3,ablation,no_constraint_penalties
0.5627044711014176,0.07131782945736434,327131.6799323311,320673.59957147384,407243.3103100178,0.5608668091192749,29120.848286488213,3.4338479830072264e-05,0.0,ppo__no_constraint_penalties,agent_ablation,drift,74100,0,ablation,no_constraint_penalties
0.5645724258289704,0.06452859350850078,338439.48323049396,332111.02966929873,421410.09678066906,0.5442694333520166,29148.10848554414,3.4306366539337835e-05,0.0,ppo__no_constraint_penalties,agent_ablation,drift,74101,1,ablation,no_constraint_penalties
0.5622149837133551,0.06913866357667053,345718.05325943633,338884.46626314986,430382.3857217596,0.5598901928060779,28989.811370320174,3.4493687921538015e-05,0.0,ppo__no_constraint_penalties,agent_ablation,drift,74102,2,ablation,no_constraint_penalties
0.5725338491295938,0.06794294294294294,350180.795429041,343209.7203278213,435926.2526747799,0.566784250472989,23180.65323211907,4.313756184629928e-05,0.0,ppo__no_constraint_penalties,agent_ablation,drift,74103,3,ablation,no_constraint_penalties
0.5663760896637609,0.07255936675461741,315379.3753202765,308643.29928912927,392474.2499579157,0.5756398147451566,24298.986758616258,4.1152285798897455e-05,0.0,ppo__no_constraint_penalties,agent_ablation,adverse_stress,74200,0,ablation,no_constraint_penalties
0.5621744054360136,0.07131345688960515,354389.33155427285,347183.835123244,441119.0624433867,0.6160937627687662,23965.260451729315,4.1725324733665066e-05,0.0,ppo__no_constraint_penalties,agent_ablation,adverse_stress,74201,1,ablation,no_constraint_penalties
0.5695631528964862,0.07294706127553147,330712.1511443367,323705.967586281,411572.7194296911,0.5891949283605598,23669.612307175586,4.224647791205877e-05,0.0,ppo__no_constraint_penalties,agent_ablation,adverse_stress,74202,2,ablation,no_constraint_penalties
0.571203953279425,0.06960283130161227,345092.40503847325,337806.78205172525,429478.66607232444,0.6337323810760783,24760.998495840817,4.0384462512909304e-05,0.0,ppo__no_constraint_penalties,agent_ablation,adverse_stress,74203,3,ablation,no_constraint_penalties
0.5376962193234579,0.060032894736842105,343556.7348995537,336717.2685784586,427679.55393712595,0.4998905685890436,29124.760653985824,3.4333867255176776e-05,0.0,ppo__no_constraint_penalties,agent_ablation,class_imbalance_shift,74300,0,ablation,no_constraint_penalties
0.5490885130683066,0.0612,354726.5997352841,347751.81247810164,441608.13233203837,0.4996794492870001,30015.27446524314,3.331526039841933e-05,0.0,ppo__no_constraint_penalties,agent_ablation,class_imbalance_shift,74301,1,ablation,no_constraint_penalties
0.5654347826086956,0.06074586697424068,366039.1040204547,358822.92590440065,455687.84377135197,0.5229465181835785,24646.79618157201,4.057157859604717e-05,0.0,ppo__no_constraint_penalties,agent_ablation,class_imbalance_shift,74302,2,ablation,no_constraint_penalties
0.5709745762711864,0.059369202226345084,378731.1702341034,371130.9972078381,471457.13401110796,0.526250412631292,26022.315819446325,3.842707850675718e-05,0.0,ppo__no_constraint_penalties,agent_ablation,class_imbalance_shift,74303,3,ablation,no_constraint_penalties
0.5583744948361024,0.05066344993968637,396449.4858759213,388848.20995464845,493612.0777964786,0.5497572028225798,33105.41354671837,3.0205627637341093e-05,0.0,ppo__no_constraint_penalties,agent_ablation,noise,74400,0,ablation,no_constraint_penalties
0.5789473684210527,0.0641945773524721,365036.67845142854,357714.300263903,454415.0272195919,0.5165724068672353,37190.10182874151,2.6888152026385886e-05,0.0,ppo__no_constraint_penalties,agent_ablation,noise,74401,1,ablation,no_constraint_penalties
0.5741022850924918,0.05155420773313116,415797.7673990943,407695.4350311109,517672.250955798,0.5656052124360389,38351.947548089534,2.6073615300261655e-05,0.0,ppo__no_constraint_penalties,agent_ablation,noise,74402,2,ablation,no_constraint_penalties
0.5800992779783394,0.054064566316608324,389631.3841048486,382282.8075139095,485152.64073127205,0.5438437740279805,35982.7813108744,2.7790297838926594e-05,0.0,ppo__no_constraint_penalties,agent_ablation,noise,74403,3,ablation,no_constraint_penalties
0.5879857079053149,0.061906570451955946,375175.33891138755,367742.27311751345,467056.72439765726,0.5656879154578446,29645.465991096586,3.3730833223100505e-05,0.0,ppo__no_constraint_penalties,agent_ablation,split_policy_dynamics,74500,0,ablation,no_constraint_penalties
0.5763888888888888,0.0572289156626506,419596.54032975726,411328.31183829147,522374.63999297435,0.5623228579163475,33331.86657619514,3.0000420087306735e-05,0.0,ppo__no_constraint_penalties,agent_ablation,split_policy_dynamics,74501,1,ablation,no_constraint_penalties
0.5921470721743077,0.055193560751245686,425487.3312830186,417808.6681580831,529885.8552224399,0.5619724369835771,33757.468835867156,2.9622196577160398e-05,0.0,ppo__no_constraint_penalties,agent_ablation,split_policy_dynamics,74502,2,ablation,no_constraint_penalties
0.5925342927816506,0.06261859582542695,376135.35699061933,369103.24590646394,468357.31621929957,0.5685781563763529,28394.383157749988,3.521699265139406e-05,0.0,ppo__no_constraint_penalties,agent_ablation,split_policy_dynamics,74503,3,ablation,no_constraint_penalties
0.5850613154960981,0.06059451219512195,396423.2152852006,388781.56265468517,484986.3582974402,0.5638260446512657,33007.528384558274,3.029520093564093e-05,0.0,ppo__no_split_policies,agent_ablation,base_market,22000,0,ablation,no_split_policies
0.5931304748732135,0.05596579867858531,379870.1398019379,372396.5429422572,463889.7258566916,0.553949732314075,27664.064111413558,3.614667206165764e-05,0.0,ppo__no_split_policies,agent_ablation,base_market,22001,1,ablation,no_split_policies
0.5845604640785363,0.06030534351145038,400829.82757460175,393082.4801288729,489738.55912482145,0.5544772459697676,34622.33922539542,2.8882251751920074e-05,0.0,ppo__no_split_policies,agent_ablation,base_market,22002,2,ablation,no_split_policies
0.5834616230481636,0.05013192612137203,417020.520169156,408955.97844403266,510520.45215303835,0.55829663058884,32586.513379890835,3.0686600365681225e-05,0.0,ppo__no_split_policies,agent_ablation,base_market,22003,3,ablation,no_split_policies
0.5768747381650607,0.06499636891793754,385572.01712995744,377702.69446605066,471508.89202871296,0.5806441271898012,31661.550648576453,3.1583052518384524e-05,0.0,ppo__no_split_policies,agent_ablation,drift,22100,0,ablation,no_split_policies
0.5557498906864888,0.06254917387883556,375137.0282760733,367320.4322169203,458043.35703912465,0.5558414512109076,30264.13570321174,3.304131888937408e-05,0.0,ppo__no_split_policies,agent_ablation,drift,22101,1,ablation,no_split_policies
0.5599821945248163,0.06359300476947535,338939.95113230136,332264.94582303724,414698.26229931216,0.5308544097529229,31807.72876951505,3.1437911500518155e-05,0.0,ppo__no_split_policies,agent_ablation,drift,22102,2,ablation,no_split_policies
0.5628140703517588,0.0593944099378882,351202.53397967387,344493.53392304364,429780.2106929832,0.5536737501237166,28960.511402889224,3.4528584716757535e-05,0.0,ppo__no_split_policies,agent_ablation,drift,22103,3,ablation,no_split_policies
0.545985401459854,0.07397504456327986,291567.4997107063,286049.48456564604,356036.87194609817,0.5700607549509605,26336.150914193116,3.796917909830174e-05,0.0,ppo__no_split_policies,agent_ablation,adverse_stress,22200,0,ablation,no_split_policies
0.5649518440216115,0.06985446985446986,359768.0964392688,352463.49627859273,440318.6527415649,0.5883235768500799,21250.53968302385,4.705541409777569e-05,0.0,ppo__no_split_policies,agent_ablation,adverse_stress,22201,1,ablation,no_split_policies
0.5725301204819278,0.06860269360269361,345470.9531092824,338614.76780900214,422135.5031395232,0.5907000210070706,23687.83460739527,4.221398040779162e-05,0.0,ppo__no_split_policies,agent_ablation,adverse_stress,22202,2,ablation,no_split_policies
0.5581907090464547,0.07402540516863776,322105.35821939906,315846.29530547594,393849.1934435187,0.5802888114213273,24444.83321357015,4.090676686139252e-05,0.0,ppo__no_split_policies,agent_ablation,adverse_stress,22203,3,ablation,no_split_policies
0.5524253336157594,0.061733128834355826,375840.48156448675,368671.7522327141,460759.8074298038,0.5181890237679755,33599.882827453584,2.9761122799516163e-05,0.0,ppo__no_split_policies,agent_ablation,class_imbalance_shift,22300,0,ablation,no_split_policies
0.555508384631713,0.06687046236148261,348348.02684470697,341104.4180421282,426494.01439406304,0.5236117630778694,27925.605847520917,3.580814673505235e-05,0.0,ppo__no_split_policies,agent_ablation,class_imbalance_shift,22301,1,ablation,no_split_policies
0.5515245938125973,0.06860371267150928,327252.99405107915,320945.0521317792,400259.7615417676,0.5055637915276003,28803.517910681236,3.471677613563468e-05,0.0,ppo__no_split_policies,agent_ablation,class_imbalance_shift,22302,2,ablation,no_split_policies
0.5667527993109388,0.05889057750759878,402811.4882720921,394948.9553121582,493896.7298506088,0.5229442695779434,37672.852872828036,2.6543608464353324e-05,0.0,ppo__no_split_policies,agent_ablation,class_imbalance_shift,22303,3,ablation,no_split_policies
0.5596941292550567,0.05509034817100044,343475.1309012311,337165.3184093384,420400.50587624,0.4944656638932395,32117.23357640357,3.113496256327976e-05,0.0,ppo__no_split_policies,agent_ablation,noise,22400,0,ablation,no_split_policies
0.5817063385932068,0.05563218390804598,333680.778998237,327139.96378717106,407212.4195417528,0.48197535730342655,25225.657812753674,3.964060587900933e-05,0.0,ppo__no_split_policies,agent_ablation,noise,22401,1,ablation,no_split_policies
0.558492300620547,0.053497942386831275,370185.1550271491,363200.98683062155,453726.0376227215,0.5239503326426866,30045.983838960736,3.328121069853739e-05,0.0,ppo__no_split_policies,agent_ablation,noise,22402,2,ablation,no_split_policies
0.5696327335469559,0.05106014712245781,367444.41091074067,360288.83492430724,449718.7716572112,0.5054225096010807,25874.629045162197,3.864640346538604e-05,0.0,ppo__no_split_policies,agent_ablation,noise,22403,3,ablation,no_split_policies
0.5965703971119134,0.05635400907715583,412774.6881432355,405253.39706033835,504223.1183199246,0.5683364658749037,36452.5931914542,2.7432138026778372e-05,0.0,ppo__no_split_policies,agent_ablation,split_policy_dynamics,22500,0,ablation,no_split_policies
0.5773755656108597,0.056818181818181816,398233.81246470596,390405.8882335193,487552.9275327726,0.55394132768191,31780.551893456373,3.1464794524583734e-05,0.0,ppo__no_split_policies,agent_ablation,split_policy_dynamics,22501,1,ablation,no_split_policies
0.5889319552110249,0.06910420475319927,358853.5929049979,351492.0675930847,436122.2004229865,0.5858022692257975,33422.54971319264,2.9919024417843e-05,0.0,ppo__no_split_policies,agent_ablation,split_policy_dynamics,22502,2,ablation,no_split_policies
0.5897551112109638,0.06476190476190476,394581.77225200867,387110.219214963,482490.8762939131,0.5688250077779549,36095.84047795115,2.7703255652273086e-05,0.0,ppo__no_split_policies,agent_ablation,split_policy_dynamics,22503,3,ablation,no_split_policies
0.5948196114708603,0.05754276827371695,371557.71352311154,364519.500696992,453484.5650934076,0.5557105443727225,33038.370925354524,3.026692010145377e-05,0.0,ppo__no_split_policies,agent_ablation,base_market,46000,0,ablation,no_split_policies
0.5862237420615535,0.050833333333333335,391496.33070135897,384031.3470089392,478825.80140775023,0.5257698592240985,31636.632508278428,3.1607927670894336e-05,0.0,ppo__no_split_policies,agent_ablation,base_market,46001,1,ablation,no_split_policies
0.5813794673343956,0.05755677368833203,399877.8502738684,392191.4591821114,489510.35476003017,0.5526002251322765,34753.05804786719,2.8773618281430265e-05,0.0,ppo__no_split_policies,agent_ablation,base_market,46002,2,ablation,no_split_policies
0.5984864864864865,0.05455202312138728,433811.13094674784,425806.5359444565,530847.5293704685,0.575762662367262,41278.67201979851,2.4224998675386302e-05,0.0,ppo__no_split_policies,agent_ablation,base_market,46003,3,ablation,no_split_policies
0.561063829787234,0.06484641638225255,360347.8258010961,353616.86836595775,440578.8370343348,0.5678496044976087,31350.604541002467,3.189629413359604e-05,0.0,ppo__no_split_policies,agent_ablation,drift,46100,0,ablation,no_split_policies
0.5675848814862268,0.07035364936042136,334566.35175802815,327635.9852491346,408621.1640088771,0.5607593368327243,26016.573478760358,3.843555975027254e-05,0.0,ppo__no_split_policies,agent_ablation,drift,46101,1,ablation,no_split_policies
0.546868155935173,0.06087304765718863,369362.4338901933,362189.074300695,453181.2475949229,0.5301214072495292,29491.805525179876,3.3906574237104594e-05,0.0,ppo__no_split_policies,agent_ablation,drift,46102,2,ablation,no_split_policies
0.5783079301965982,0.0653170359052712,374208.9099460684,366980.3793397061,456997.71138895757,0.5578038826401623,32536.489105706336,3.073377901875725e-05,0.0,ppo__no_split_policies,agent_ablation,drift,46103,3,ablation,no_split_policies
0.5677823260293764,0.06827820186598813,330745.7574806843,324007.5992014934,403987.94249320205,0.5839546797847466,29062.374207434164,3.440756716211597e-05,0.0,ppo__no_split_policies,agent_ablation,adverse_stress,46200,0,ablation,no_split_policies
0.552168815943728,0.07600849256900212,293473.1625803894,287230.7515306845,358397.7406395442,0.5849965437566508,17170.69412487416,5.823537227765104e-05,0.0,ppo__no_split_policies,agent_ablation,adverse_stress,46201,1,ablation,no_split_policies
0.5665256229431124,0.07551867219917012,320316.2190955395,313574.6933029765,387975.93955028075,0.6020257188483498,20515.38745496743,4.874152441286051e-05,0.0,ppo__no_split_policies,agent_ablation,adverse_stress,46202,2,ablation,no_split_policies
0.5586268390548372,0.0782122905027933,326391.43771984335,320012.2830293845,394747.8059062541,0.6148170625743219,26970.05250236371,3.707678815694572e-05,0.0,ppo__no_split_policies,agent_ablation,adverse_stress,46203,3,ablation,no_split_policies
0.5638342402678945,0.06607275426874536,375033.02293902496,367823.94922095264,459061.09013646207,0.5354817363980666,31882.22203278756,3.136445867897655e-05,0.0,ppo__no_split_policies,agent_ablation,class_imbalance_shift,46300,0,ablation,no_split_policies
0.5588111298482293,0.06978498679743493,374599.4211922701,367280.9605333049,459205.97231732064,0.5366227228002693,30106.30766428689,3.3214527554258664e-05,0.0,ppo__no_split_policies,agent_ablation,class_imbalance_shift,46301,1,ablation,no_split_policies
0.5690331010452961,0.062380405663987754,337489.5500710895,330726.7573782449,412379.7151976653,0.5167410277537576,28548.65552101225,3.502669232782898e-05,0.0,ppo__no_split_policies,agent_ablation,class_imbalance_shift,46302,2,ablation,no_split_policies
0.550332778702163,0.054043839758125475,399146.1171415923,391576.91968431196,490137.43198381556,0.5293641795786501,33493.552817579766,2.9855600862810907e-05,0.0,ppo__no_split_policies,agent_ablation,class_imbalance_shift,46303,3,ablation,no_split_policies
0.5760095011876485,0.052371134020618555,382853.83264735935,375691.73834913137,468526.51930596237,0.5257034083404704,35151.757891690235,2.8447270142533828e-05,0.0,ppo__no_split_policies,agent_ablation,noise,46400,0,ablation,no_split_policies
0.5663301244423573,0.048507462686567165,378082.2460636215,371165.56372709613,463277.27701329626,0.5155559676978798,32091.764970407374,3.115967106362124e-05,0.0,ppo__no_split_policies,agent_ablation,noise,46401,1,ablation,no_split_policies
0.5695982627578718,0.05680518490278307,384940.7793694526,377472.4276072805,471522.5167069557,0.5548068148286226,27358.673300625276,3.655014403907908e-05,0.0,ppo__no_split_policies,agent_ablation,noise,46402,2,ablation,no_split_policies
0.5586899354530241,0.04749679075738126,352708.99194984726,346013.9649709265,432121.5624564899,0.4927449024119629,26083.211819874934,3.8337366944629984e-05,0.0,ppo__no_split_policies,agent_ablation,noise,46403,3,ablation,no_split_policies
0.5901785714285714,0.062405446293494704,382231.01082611864,374649.5173731279,466743.23535358347,0.5717972222262513,30859.471040033855,3.24039123933898e-05,0.0,ppo__no_split_policies,agent_ablation,split_policy_dynamics,46500,0,ablation,no_split_policies
0.5810479375696767,0.057943207981580966,412210.00677086203,404107.8419737814,504792.0431243093,0.5666873486408172,33685.53481992794,2.9685451630615035e-05,0.0,ppo__no_split_policies,agent_ablation,split_policy_dynamics,46501,1,ablation,no_split_policies
0.5988063660477454,0.05721668512366187,419708.50104998914,411798.31192047853,513378.637489084,0.5858233312715693,34278.82161337204,2.9171680391998163e-05,0.0,ppo__no_split_policies,agent_ablation,split_policy_dynamics,46502,2,ablation,no_split_policies
0.5882481432940149,0.05867062755291497,395075.0587958029,387178.750536361,483036.2619285959,0.5907491260685535,28161.227275483103,3.5508555137276364e-05,0.0,ppo__no_split_policies,agent_ablation,split_policy_dynamics,46503,3,ablation,no_split_policies
0.5919210465916915,0.0550601008142691,411776.8712347274,404147.9601519019,503886.0456863623,0.5588152503896591,33524.48383524403,2.982805572365041e-05,0.0,ppo__no_split_policies,agent_ablation,base_market,74000,0,ablation,no_split_policies
0.5894521482155035,0.05823370613189356,401334.89138867904,393972.057170906,491018.65189031063,0.550194330316283,39570.63060660324,2.527062910147382e-05,0.0,ppo__no_split_policies,agent_ablation,base_market,74001,1,ablation,no_split_policies
0.5928047662694775,0.05450328565906455,381465.92590662,374229.0351504723,465281.76245623303,0.5436194068738103,36588.699896598846,2.7330095705238454e-05,0.0,ppo__no_split_policies,agent_ablation,base_market,74002,2,ablation,no_split_policies
0.5890917494800092,0.05492349941153393,424264.618325038,416356.68159052276,518736.5279487531,0.5586147012459822,35089.64941522292,2.849762021121738e-05,0.0,ppo__no_split_policies,agent_ablation,base_market,74003,3,ablation,no_split_policies
0.5627044711014176,0.07131782945736434,327131.6799323311,320673.59957147384,398994.38642233633,0.5608668091192749,29159.612560744143,3.429283242651063e-05,0.0,ppo__no_split_policies,agent_ablation,drift,74100,0,ablation,no_split_policies
0.5645724258289704,0.06452859350850078,338439.48323049396,332111.02966929873,413707.2342462593,0.5442694333520166,29174.5369407767,3.427529035814819e-05,0.0,ppo__no_split_policies,agent_ablation,drift,74101,1,ablation,no_split_policies
0.5622149837133551,0.06913866357667053,345718.05325943633,338884.46626314986,422916.608374582,0.5598901928060779,29017.748915791257,3.446047942665873e-05,0.0,ppo__no_split_policies,agent_ablation,drift,74102,2,ablation,no_split_policies
0.5725338491295938,0.06794294294294294,350180.795429041,343209.7203278213,427906.7234778951,0.566784250472989,23201.749651707196,4.309834028340786e-05,0.0,ppo__no_split_policies,agent_ablation,drift,74103,3,ablation,no_split_policies
0.5663760896637609,0.07255936675461741,315379.3753202765,308643.29928912927,384017.280910994,0.5756398147451566,24317.900199760443,4.11202805959889e-05,0.0,ppo__no_split_policies,agent_ablation,adverse_stress,74200,0,ablation,no_split_policies
0.5621744054360136,0.07131345688960515,354389.33155427285,347183.835123244,433661.31404866156,0.6160937627687662,24002.01501319623,4.1661432926248066e-05,0.0,ppo__no_split_policies,agent_ablation,adverse_stress,74201,1,ablation,no_split_policies
0.5695631528964862,0.07294706127553147,330712.1511443367,323705.967586281,402882.00946631434,0.5891949283605598,23646.064276791072,4.228854746174441e-05,0.0,ppo__no_split_policies,agent_ablation,adverse_stress,74202,2,ablation,no_split_policies
0.571203953279425,0.06960283130161227,345092.40503847325,337806.78205172525,421015.4501314755,0.6337323810760783,24779.117134289838,4.03549343443674e-05,0.0,ppo__no_split_policies,agent_ablation,adverse_stress,74203,3,ablation,no_split_policies
0.5376962193234579,0.060032894736842105,343556.7348995537,336717.2685784586,421462.71471537685,0.4998905685890436,29134.383779967746,3.432252712207476e-05,0.0,ppo__no_split_policies,agent_ablation,class_imbalance_shift,74300,0,ablation,no_split_policies
0.5490885130683066,0.0612,354726.5997352841,347751.81247810164,434807.6440596599,0.4996794492870001,30027.53747082072,3.330165516624705e-05,0.0,ppo__no_split_policies,agent_ablation,class_imbalance_shift,74301,1,ablation,no_split_policies
0.5654347826086956,0.06074586697424068,366039.1040204547,358822.92590440065,448142.555193607,0.5229465181835785,24681.72219208744,4.0514169880361526e-05,0.0,ppo__no_split_policies,agent_ablation,class_imbalance_shift,74302,2,ablation,no_split_policies
0.5709745762711864,0.059369202226345084,378731.1702341034,371130.9972078381,463624.18893940037,0.526250412631292,26049.73205422223,3.8386637193864304e-05,0.0,ppo__no_split_policies,agent_ablation,class_imbalance_shift,74303,3,ablation,no_split_policies
0.5583744948361024,0.05066344993968637,396449.4858759213,388848.20995464845,486506.53992892976,0.5497572028225798,33116.71464730354,3.0195320258350633e-05,0.0,ppo__no_split_policies,agent_ablation,noise,74400,0,ablation,no_split_policies
0.5789473684210527,0.0641945773524721,365036.67845142854,357714.300263903,446277.6303161713,0.5165724068672353,37202.338796823075,2.687930794225903e-05,0.0,ppo__no_split_policies,agent_ablation,noise,74401,1,ablation,no_split_policies
0.5741022850924918,0.05155420773313116,415797.7673990943,407695.4350311109,509548.6354716696,0.5656052124360389,38344.67112172174,2.6078562996737544e-05,0.0,ppo__no_split_policies,agent_ablation,noise,74402,2,ablation,no_split_policies
0.5800992779783394,0.054064566316608324,389631.3841048486,382282.8075139095,476788.06596196146,0.5438437740279805,35990.09503369819,2.778465059381237e-05,0.0,ppo__no_split_policies,agent_ablation,noise,74403,3,ablation,no_split_policies
0.5879857079053149,0.061906570451955946,375175.33891138755,367742.27311751345,458261.0717078638,0.5656879154578446,29641.34067587525,3.37355275325427e-05,0.0,ppo__no_split_policies,agent_ablation,split_policy_dynamics,74500,0,ablation,no_split_policies
0.5763888888888888,0.0572289156626506,419596.54032975726,411328.31183829147,514146.0330612147,0.5623228579163475,33349.087530714845,2.9984928797533665e-05,0.0,ppo__no_split_policies,agent_ablation,split_policy_dynamics,74501,1,ablation,no_split_policies
0.5921470721743077,0.055193560751245686,425487.3312830186,417808.6681580831,520886.7326932248,0.5619724369835771,33754.882007698056,2.9624466626940727e-05,0.0,ppo__no_split_policies,agent_ablation,split_policy_dynamics,74502,2,ablation,no_split_policies
0.5925342927816506,0.06261859582542695,376135.35699061933,369103.24590646394,459137.87939710333,0.5685781563763529,28437.09339485613,3.5164101408460795e-05,0.0,ppo__no_split_policies,agent_ablation,split_policy_dynamics,74503,3,ablation,no_split_policies
0.5850613154960981,0.06059451219512195,396423.2152852006,388781.56265468517,485037.6226865108,0.5638260446512657,33007.54558368697,3.0295185150302598e-05,0.0,ppo__no_risk_aware_shaping,agent_ablation,base_market,22000,0,ablation,no_risk_aware_shaping
0.5931304748732135,0.05596579867858531,379870.1398019379,372396.5429422572,463940.98371618264,0.553949732314075,27664.074456833776,3.614665854452388e-05,0.0,ppo__no_risk_aware_shaping,agent_ablation,base_market,22001,1,ablation,no_risk_aware_shaping
0.5845604640785363,0.06030534351145038,400829.82757460175,393082.4801288729,489789.4535901848,0.5544772459697676,34622.35113021848,2.8882241821105023e-05,0.0,ppo__no_risk_aware_shaping,agent_ablation,base_market,22002,2,ablation,no_risk_aware_shaping
0.5834616230481636,0.05013192612137203,417020.520169156,408955.97844403266,510571.45298726775,0.55829663058884,32586.523874548242,3.0686590483207215e-05,0.0,ppo__no_risk_aware_shaping,agent_ablation,base_market,22003,3,ablation,no_risk_aware_shaping
0.5768747381650607,0.06499636891793754,385572.01712995744,377702.69446605066,471566.1597682537,0.5806441271898012,31661.61240204601,3.158299092008532e-05,0.0,ppo__no_risk_aware_shaping,agent_ablation,drift,22100,0,ablation,no_risk_aware_shaping
0.5557498906864888,0.06254917387883556,375137.0282760733,367320.4322169203,458100.4335153677,0.5558414512109076,30264.21080360707,3.3041236900316513e-05,0.0,ppo__no_risk_aware_shaping,agent_ablation,drift,22101,1,ablation,no_risk_aware_shaping
0.5599821945248163,0.06359300476947535,338939.95113230136,332264.94582303724,414755.25344949943,0.5308544097529229,31807.80739805807,3.143783378879681e-05,0.0,ppo__no_risk_aware_shaping,agent_ablation,drift,22102,2,ablation,no_risk_aware_shaping
0.5628140703517588,0.0593944099378882,351202.53397967387,344493.53392304364,429837.21338859905,0.5536737501237166,28960.593921187716,3.452848633681105e-05,0.0,ppo__no_risk_aware_shaping,agent_ablation,drift,22103,3,ablation,no_risk_aware_shaping
0.545985401459854,0.07397504456327986,291567.4997107063,286049.48456564604,356102.54341061955,0.5700607549509605,26336.329679317554,3.796892138177889e-05,0.0,ppo__no_risk_aware_shaping,agent_ablation,adverse_stress,22200,0,ablation,no_risk_aware_shaping
0.5649518440216115,0.06985446985446986,359768.0964392688,352463.49627859273,440385.0644248055,0.5883235768500799,21250.74792727001,4.705495300538601e-05,0.0,ppo__no_risk_aware_shaping,agent_ablation,adverse_stress,22201,1,ablation,no_risk_aware_shaping
0.5725301204819278,0.06860269360269361,345470.9531092824,338614.76780900214,422200.90633090073,0.5907000210070706,23688.071741448923,4.22135578343618e-05,0.0,ppo__no_risk_aware_shaping,agent_ablation,adverse_stress,22202,2,ablation,no_risk_aware_shaping
0.5581907090464547,0.07402540516863776,322105.35821939906,315846.29530547594,393914.8945649903,0.5802888114213273,24445.073787101388,4.090636429836988e-05,0.0,ppo__no_risk_aware_shaping,agent_ablation,adverse_stress,22203,3,ablation,no_risk_aware_shaping
0.5524253336157594,0.061733128834355826,375840.48156448675,368671.7522327141,460816.90590232075,0.5181890237679755,33599.96315731423,2.9761051649566204e-05,0.0,ppo__no_risk_aware_shaping,agent_ablation,class_imbalance_shift,22300,0,ablation,no_risk_aware_shaping
0.555508384631713,0.06687046236148261,348348.02684470697,341104.4180421282,426550.7748501607,0.5236117630778694,27925.67669736307,3.580805588995927e-05,0.0,ppo__no_risk_aware_shaping,agent_ablation,class_imbalance_shift,22301,1,ablation,no_risk_aware_shaping
0.5515245938125973,0.06860371267150928,327252.99405107915,320945.0521317792,400317.345092366,0.5055637915276003,28803.60854953356,3.471666689308969e-05,0.0,ppo__no_risk_aware_shaping,agent_ablation,class_imbalance_shift,22302,2,ablation,no_risk_aware_shaping
0.5667527993109388,0.05889057750759878,402811.4882720921,394948.9553121582,493953.62466125214,0.5229442695779434,37672.93439108493,2.6543551029717714e-05,0.0,ppo__no_risk_aware_shaping,agent_ablation,class_imbalance_shift,22303,3,ablation,no_risk_aware_shaping
0.5596941292550567,0.05509034817100044,343475.1309012311,337165.3184093384,420449.8964490397,0.4944656638932395,32117.25448023042,3.113494229941807e-05,0.0,ppo__no_risk_aware_shaping,agent_ablation,noise,22400,0,ablation,no_risk_aware_shaping
0.5817063385932068,0.05563218390804598,333680.778998237,327139.96378717106,407262.0802745812,0.48197535730342655,25225.679751130818,3.9640571405564134e-05,0.0,ppo__no_risk_aware_shaping,agent_ablation,noise,22401,1,ablation,no_risk_aware_shaping
0.558492300620547,0.053497942386831275,370185.1550271491,363200.98683062155,453775.2421518278,0.5239503326426866,30046.01986237534,3.3281170797646814e-05,0.0,ppo__no_risk_aware_shaping,agent_ablation,noise,22402,2,ablation,no_risk_aware_shaping
0.5696327335469559,0.05106014712245781,367444.41091074067,360288.83492430724,449768.0624849268,0.5054225096010807,25874.662428722637,3.8646353605617256e-05,0.0,ppo__no_risk_aware_shaping,agent_ablation,noise,22403,3,ablation,no_risk_aware_shaping
0.5965703971119134,0.05635400907715583,412774.6881432355,405253.39706033835,504276.59019947646,0.5683364658749037,36452.674217522566,2.7432077052998945e-05,0.0,ppo__no_risk_aware_shaping,agent_ablation,split_policy_dynamics,22500,0,ablation,no_risk_aware_shaping
0.5773755656108597,0.056818181818181816,398233.81246470596,390405.8882335193,487606.51925799414,0.55394132768191,31780.594661458803,3.1464752182894376e-05,0.0,ppo__no_risk_aware_shaping,agent_ablation,split_policy_dynamics,22501,1,ablation,no_risk_aware_shaping
0.5889319552110249,0.06910420475319927,358853.5929049979,351492.0675930847,436176.1556829679,0.5858022692257975,33422.59146392821,2.9918987044801315e-05,0.0,ppo__no_risk_aware_shaping,agent_ablation,split_policy_dynamics,22502,2,ablation,no_risk_aware_shaping
0.5897551112109638,0.06476190476190476,394581.77225200867,387110.219214963,482544.57656340743,0.5688250077779549,36095.89339371223,2.7703215041053685e-05,0.0,ppo__no_risk_aware_shaping,agent_ablation,split_policy_dynamics,22503,3,ablation,no_risk_aware_shaping
0.5948196114708603,0.05754276827371695,371557.71352311154,364519.500696992,453535.769305189,0.5557105443727225,33038.36703790631,3.0266923662692828e-05,0.0,ppo__no_risk_aware_shaping,agent_ablation,base_market,46000,0,ablation,no_risk_aware_shaping
0.5862237420615535,0.050833333333333335,391496.33070135897,384031.3470089392,478877.3153302618,0.5257698592240985,31636.662638741167,3.1607897568750015e-05,0.0,ppo__no_risk_aware_shaping,agent_ablation,base_market,46001,1,ablation,no_risk_aware_shaping
0.5813794673343956,0.05755677368833203,399877.8502738684,392191.4591821114,489561.61673441133,0.5526002251322765,34753.04740249128,2.8773627094964396e-05,0.0,ppo__no_risk_aware_shaping,agent_ablation,base_market,46002,2,ablation,no_risk_aware_shaping
0.5984864864864865,0.05455202312138728,433811.13094674784,425806.5359444565,530898.5358590507,0.575762662367262,41278.67538762025,2.422499669897839e-05,0.0,ppo__no_risk_aware_shaping,agent_ablation,base_market,46003,3,ablation,no_risk_aware_shaping
0.561063829787234,0.06484641638225255,360347.8258010961,353616.86836595775,440635.798103104,0.5678496044976087,31350.67255670324,3.189622493636921e-05,0.0,ppo__no_risk_aware_shaping,agent_ablation,drift,46100,0,ablation,no_risk_aware_shaping
0.5675848814862268,0.07035364936042136,334566.35175802815,327635.9852491346,408677.9593710179,0.5607593368327243,26016.67361286825,3.843541182349999e-05,0.0,ppo__no_risk_aware_shaping,agent_ablation,drift,46101,1,ablation,no_risk_aware_shaping
0.546868155935173,0.06087304765718863,369362.4338901933,362189.074300695,453238.16308756487,0.5301214072495292,29491.900588158667,3.390646494775416e-05,0.0,ppo__no_risk_aware_shaping,agent_ablation,drift,46102,2,ablation,no_risk_aware_shaping
0.5783079301965982,0.0653170359052712,374208.9099460684,366980.3793397061,457054.48263778246,0.5578038826401623,32536.556822331593,3.073371505612453e-05,0.0,ppo__no_risk_aware_shaping,agent_ablation,drift,46103,3,ablation,no_risk_aware_shaping
0.5677823260293764,0.06827820186598813,330745.7574806843,324007.5992014934,404053.7003795658,0.5839546797847466,29062.562956577785,3.440734370710305e-05,0.0,ppo__no_risk_aware_shaping,agent_ablation,adverse_stress,46200,0,ablation,no_risk_aware_shaping
0.552168815943728,0.07600849256900212,293473.1625803894,287230.7515306845,358463.5192103663,0.5849965437566508,17170.918228707025,5.823461227111235e-05,0.0,ppo__no_risk_aware_shaping,agent_ablation,adverse_stress,46201,1,ablation,no_risk_aware_shaping
0.5665256229431124,0.07551867219917012,320316.2190955395,313574.6933029765,388041.1719984296,0.6020257188483498,20515.5912676131,4.8741040212589856e-05,0.0,ppo__no_risk_aware_shaping,agent_ablation,adverse_stress,46202,2,ablation,no_risk_aware_shaping
0.5586268390548372,0.0782122905027933,326391.43771984335,320012.2830293845,394813.5198582617,0.6148170625743219,26970.197014426987,3.70765894989791e-05,0.0,ppo__no_risk_aware_shaping,agent_ablation,adverse_stress,46203,3,ablation,no_risk_aware_shaping
0.5638342402678945,0.06607275426874536,375033.02293902496,367823.94922095264,459117.74810220674,0.5354817363980666,31882.325866825176,3.136435653472736e-05,0.0,ppo__no_risk_aware_shaping,agent_ablation,class_imbalance_shift,46300,0,ablation,no_risk_aware_shaping
0.5588111298482293,0.06978498679743493,374599.4211922701,367280.9605333049,459263.20461805264,0.5366227228002693,30106.390687042902,3.3214435963404914e-05,0.0,ppo__no_risk_aware_shaping,agent_ablation,class_imbalance_shift,46301,1,ablation,no_risk_aware_shaping
0.5690331010452961,0.062380405663987754,337489.5500710895,330726.7573782449,412436.6198838309,0.5167410277537576,28548.75303979277,3.50265726854518e-05,0.0,ppo__no_risk_aware_shaping,agent_ablation,class_imbalance_shift,46302,2,ablation,no_risk_aware_shaping
0.550332778702163,0.054043839758125475,399146.1171415923,391576.91968431196,490194.58542492916,0.5293641795786501,33493.62073419711,2.985554032498797e-05,0.0,ppo__no_risk_aware_shaping,agent_ablation,class_imbalance_shift,46303,3,ablation,no_risk_aware_shaping
0.5760095011876485,0.052371134020618555,382853.83264735935,375691.73834913137,468576.3935344843,0.5257034083404704,35151.7623815007,2.8447266509167837e-05,0.0,ppo__no_risk_aware_shaping,agent_ablation,noise,46400,0,ablation,no_risk_aware_shaping
0.5663301244423573,0.048507462686567165,378082.2460636215,371165.56372709613,463327.3864529127,0.5155559676978798,32091.79594453059,3.115964099009656e-05,0.0,ppo__no_risk_aware_shaping,agent_ablation,noise,46401,1,ablation,no_risk_aware_shaping
0.5695982627578718,0.05680518490278307,384940.7793694526,377472.4276072805,471572.18221525033,0.5548068148286226,27358.683408358673,3.6550130536031326e-05,0.0,ppo__no_risk_aware_shaping,agent_ablation,noise,46402,2,ablation,no_risk_aware_shaping
0.5586899354530241,0.04749679075738126,352708.99194984726,346013.9649709265,432171.2936818213,0.4927449024119629,26083.24031291995,3.8337325066917275e-05,0.0,ppo__no_risk_aware_shaping,agent_ablation,noise,46403,3,ablation,no_risk_aware_shaping
0.5901785714285714,0.062405446293494704,382231.01082611864,374649.5173731279,466796.7338487409,0.5717972222262513,30859.538725432278,3.240384132296098e-05,0.0,ppo__no_risk_aware_shaping,agent_ablation,split_policy_dynamics,46500,0,ablation,no_risk_aware_shaping
0.5810479375696767,0.057943207981580966,412210.00677086203,404107.8419737814,504845.35988184274,0.5666873486408172,33685.573176671904,2.968541782969199e-05,0.0,ppo__no_risk_aware_shaping,agent_ablation,split_policy_dynamics,46501,1,ablation,no_risk_aware_shaping
0.5988063660477454,0.05721668512366187,419708.50104998914,411798.31192047853,513432.2549252894,0.5858233312715693,34278.87663089092,2.917163357288344e-05,0.0,ppo__no_risk_aware_shaping,agent_ablation,split_policy_dynamics,46502,2,ablation,no_risk_aware_shaping
0.5882481432940149,0.05867062755291497,395075.0587958029,387178.750536361,483089.9751766592,0.5907491260685535,28161.286447078,3.550848053048462e-05,0.0,ppo__no_risk_aware_shaping,agent_ablation,split_policy_dynamics,46503,3,ablation,no_risk_aware_shaping
0.5919210465916915,0.0550601008142691,411776.8712347274,404147.9601519019,503937.1985932967,0.5588152503896591,33524.4848615648,2.98280548105196e-05,0.0,ppo__no_risk_aware_shaping,agent_ablation,base_market,74000,0,ablation,no_risk_aware_shaping
0.5894521482155035,0.05823370613189356,401334.89138867904,393972.057170906,491069.63664270844,0.550194330316283,39570.63445511224,2.5270626643798145e-05,0.0,ppo__no_risk_aware_shaping,agent_ablation,base_market,74001,1,ablation,no_risk_aware_shaping
0.5928047662694775,0.05450328565906455,381465.92590662,374229.0351504723,465332.7051848006,0.5436194068738103,36588.70377399164,2.733009280908174e-05,0.0,ppo__no_risk_aware_shaping,agent_ablation,base_market,74002,2,ablation,no_risk_aware_shaping
0.5890917494800092,0.05492349941153393,424264.618325038,416356.68159052276,518787.5004012325,0.5586147012459822,35089.66470927117,2.849760779070662e-05,0.0,ppo__no_risk_aware_shaping,agent_ablation,base_market,74003,3,ablation,no_risk_aware_shaping
0.5627044711014176,0.07131782945736434,327131.6799323311,320673.59957147384,399051.15593751805,0.5608668091192749,29159.702703864,3.429272641867759e-05,0.0,ppo__no_risk_aware_shaping,agent_ablation,drift,74100,0,ablation,no_risk_aware_shaping
0.5645724258289704,0.06452859350850078,338439.48323049396,332111.02966929873,413764.37811340886,0.5442694333520166,29174.6052123098,3.4275210153244016e-05,0.0,ppo__no_risk_aware_shaping,agent_ablation,drift,74101,1,ablation,no_risk_aware_shaping
0.5622149837133551,0.06913866357667053,345718.05325943633,338884.46626314986,422973.3924780463,0.5598901928060779,29017.82265489423,3.446039185987936e-05,0.0,ppo__no_risk_aware_shaping,agent_ablation,drift,74102,2,ablation,no_risk_aware_shaping
0.5725338491295938,0.06794294294294294,350180.795429041,343209.7203278213,427963.6963141116,0.566784250472989,23201.818827326548,4.3098211792365275e-05,0.0,ppo__no_risk_aware_shaping,agent_ablation,drift,74103,3,ablation,no_risk_aware_shaping
0.5663760896637609,0.07255936675461741,315379.3753202765,308643.29928912927,384083.2310956371,0.5756398147451566,24318.082720146595,4.1119971978695254e-05,0.0,ppo__no_risk_aware_shaping,agent_ablation,adverse_stress,74200,0,ablation,no_risk_aware_shaping
0.5621744054360136,0.07131345688960515,354389.33155427285,347183.835123244,433727.5419403588,0.6160937627687662,24002.200428187083,4.166111110857095e-05,0.0,ppo__no_risk_aware_shaping,agent_ablation,adverse_stress,74201,1,ablation,no_risk_aware_shaping
0.5695631528964862,0.07294706127553147,330712.1511443367,323705.967586281,402947.9330775302,0.5891949283605598,23646.26216707447,4.2288193573307664e-05,0.0,ppo__no_risk_aware_shaping,agent_ablation,adverse_stress,74202,2,ablation,no_risk_aware_shaping
0.571203953279425,0.06960283130161227,345092.40503847325,337806.78205172525,421080.8846105557,0.6337323810760783,24779.300352538783,4.0354635971857717e-05,0.0,ppo__no_risk_aware_shaping,agent_ablation,adverse_stress,74203,3,ablation,no_risk_aware_shaping
0.5376962193234579,0.060032894736842105,343556.7348995537,336717.2685784586,421519.21282241924,0.4998905685890436,29134.470796675207,3.432242461357841e-05,0.0,ppo__no_risk_aware_shaping,agent_ablation,class_imbalance_shift,74300,0,ablation,no_risk_aware_shaping
0.5490885130683066,0.0612,354726.5997352841,347751.81247810164,434864.064582431,0.4996794492870001,30027.612725019848,3.330157170953155e-05,0.0,ppo__no_risk_aware_shaping,agent_ablation,class_imbalance_shift,74301,1,ablation,no_risk_aware_shaping
0.5654347826086956,0.06074586697424068,366039.1040204547,358822.92590440065,448199.5469188099,0.5229465181835785,24681.80493126131,4.051403407290547e-05,0.0,ppo__no_risk_aware_shaping,agent_ablation,class_imbalance_shift,74302,2,ablation,no_risk_aware_shaping
0.5709745762711864,0.059369202226345084,378731.1702341034,371130.9972078381,463680.97446435527,0.526250412631292,26049.80118827782,3.838653532275905e-05,0.0,ppo__no_risk_aware_shaping,agent_ablation,class_imbalance_shift,74303,3,ablation,no_risk_aware_shaping
0.5583744948361024,0.05066344993968637,396449.4858759213,388848.20995464845,486556.0004970346,0.5497572028225798,33116.74465028867,3.0195292902932738e-05,0.0,ppo__no_risk_aware_shaping,agent_ablation,noise,74400,0,ablation,no_risk_aware_shaping
0.5789473684210527,0.0641945773524721,365036.67845142854,357714.300263903,446327.85661398363,0.5165724068672353,37202.34777902961,2.6879301452641567e-05,0.0,ppo__no_risk_aware_shaping,agent_ablation,noise,74401,1,ablation,no_risk_aware_shaping
0.5741022850924918,0.05155420773313116,415797.7673990943,407695.4350311109,509598.01067274355,0.5656052124360389,38344.69465664079,2.607854699085019e-05,0.0,ppo__no_risk_aware_shaping,agent_ablation,noise,74402,2,ablation,no_risk_aware_shaping
0.5800992779783394,0.054064566316608324,389631.3841048486,382282.8075139095,476837.5112140153,0.5438437740279805,35990.10350731794,2.778464405229125e-05,0.0,ppo__no_risk_aware_shaping,agent_ablation,noise,74403,3,ablation,no_risk_aware_shaping
0.5879857079053149,0.061906570451955946,375175.33891138755,367742.27311751345,458315.25450097246,0.5656879154578446,29641.391417673356,3.373546978412076e-05,0.0,ppo__no_risk_aware_shaping,agent_ablation,split_policy_dynamics,74500,0,ablation,no_risk_aware_shaping
0.5763888888888888,0.0572289156626506,419596.54032975726,411328.31183829147,514200.0113575704,0.5623228579163475,33349.166675628134,2.998485763883114e-05,0.0,ppo__no_risk_aware_shaping,agent_ablation,split_policy_dynamics,74501,1,ablation,no_risk_aware_shaping
0.5921470721743077,0.055193560751245686,425487.3312830186,417808.6681580831,520940.37579332414,0.5619724369835771,33754.924051118076,2.962442972930192e-05,0.0,ppo__no_risk_aware_shaping,agent_ablation,split_policy_dynamics,74502,2,ablation,no_risk_aware_shaping
0.5925342927816506,0.06261859582542695,376135.35699061933,369103.24590646394,459191.73164503917,0.5685781563763529,28437.18186079203,3.5163992019430355e-05,0.0,ppo__no_risk_aware_shaping,agent_ablation,split_policy_dynamics,74503,3,ablation,no_risk_aware_shaping
0.5850613154960981,0.06059451219512195,396423.2152852006,388781.56265468517,484986.3582974402,0.5638260446512657,33007.528384558274,3.029520093564093e-05,0.0,ppo__no_robustness_logic,agent_ablation,base_market,22000,0,ablation,no_robustness_logic
0.5931304748732135,0.05596579867858531,379870.1398019379,372396.5429422572,463889.7258566916,0.553949732314075,27664.064111413558,3.614667206165764e-05,0.0,ppo__no_robustness_logic,agent_ablation,base_market,22001,1,ablation,no_robustness_logic
0.5845604640785363,0.06030534351145038,400829.82757460175,393082.4801288729,489738.55912482145,0.5544772459697676,34622.33922539542,2.8882251751920074e-05,0.0,ppo__no_robustness_logic,agent_ablation,base_market,22002,2,ablation,no_robustness_logic
0.5834616230481636,0.05013192612137203,417020.520169156,408955.97844403266,510520.45215303835,0.55829663058884,32586.513379890835,3.0686600365681225e-05,0.0,ppo__no_robustness_logic,agent_ablation,base_market,22003,3,ablation,no_robustness_logic
0.5768747381650607,0.06499636891793754,385572.01712995744,377702.69446605066,471508.89202871296,0.5806441271898012,31661.550648576453,3.1583052518384524e-05,0.0,ppo__no_robustness_logic,agent_ablation,drift,22100,0,ablation,no_robustness_logic
0.5557498906864888,0.06254917387883556,375137.0282760733,367320.4322169203,458043.35703912465,0.5558414512109076,30264.13570321174,3.304131888937408e-05,0.0,ppo__no_robustness_logic,agent_ablation,drift,22101,1,ablation,no_robustness_logic
0.5599821945248163,0.06359300476947535,338939.95113230136,332264.94582303724,414698.26229931216,0.5308544097529229,31807.72876951505,3.1437911500518155e-05,0.0,ppo__no_robustness_logic,agent_ablation,drift,22102,2,ablation,no_robustness_logic
0.5628140703517588,0.0593944099378882,351202.53397967387,344493.53392304364,429780.2106929832,0.5536737501237166,28960.511402889224,3.4528584716757535e-05,0.0,ppo__no_robustness_logic,agent_ablation,drift,22103,3,ablation,no_robustness_logic
0.545985401459854,0.07397504456327986,291567.4997107063,286049.48456564604,356036.87194609817,0.5700607549509605,26336.150914193116,3.796917909830174e-05,0.0,ppo__no_robustness_logic,agent_ablation,adverse_stress,22200,0,ablation,no_robustness_logic
0.5649518440216115,0.06985446985446986,359768.0964392688,352463.49627859273,440318.6527415649,0.5883235768500799,21250.53968302385,4.705541409777569e-05,0.0,ppo__no_robustness_logic,agent_ablation,adverse_stress,22201,1,ablation,no_robustness_logic
0.5725301204819278,0.06860269360269361,345470.9531092824,338614.76780900214,422135.5031395232,0.5907000210070706,23687.83460739527,4.221398040779162e-05,0.0,ppo__no_robustness_logic,agent_ablation,adverse_stress,22202,2,ablation,no_robustness_logic
0.5581907090464547,0.07402540516863776,322105.35821939906,315846.29530547594,393849.1934435187,0.5802888114213273,24444.83321357015,4.090676686139252e-05,0.0,ppo__no_robustness_logic,agent_ablation,adverse_stress,22203,3,ablation,no_robustness_logic
0.5524253336157594,0.061733128834355826,375840.48156448675,368671.7522327141,460759.8074298038,0.5181890237679755,33599.882827453584,2.9761122799516163e-05,0.0,ppo__no_robustness_logic,agent_ablation,class_imbalance_shift,22300,0,ablation,no_robustness_logic
0.555508384631713,0.06687046236148261,348348.02684470697,341104.4180421282,426494.01439406304,0.5236117630778694,27925.605847520917,3.580814673505235e-05,0.0,ppo__no_robustness_logic,agent_ablation,class_imbalance_shift,22301,1,ablation,no_robustness_logic
0.5515245938125973,0.06860371267150928,327252.99405107915,320945.0521317792,400259.7615417676,0.5055637915276003,28803.517910681236,3.471677613563468e-05,0.0,ppo__no_robustness_logic,agent_ablation,class_imbalance_shift,22302,2,ablation,no_robustness_logic
0.5667527993109388,0.05889057750759878,402811.4882720921,394948.9553121582,493896.7298506088,0.5229442695779434,37672.852872828036,2.6543608464353324e-05,0.0,ppo__no_robustness_logic,agent_ablation,class_imbalance_shift,22303,3,ablation,no_robustness_logic
0.5596941292550567,0.05509034817100044,343475.1309012311,337165.3184093384,420400.50587624,0.4944656638932395,32117.23357640357,3.113496256327976e-05,0.0,ppo__no_robustness_logic,agent_ablation,noise,22400,0,ablation,no_robustness_logic
0.5817063385932068,0.05563218390804598,333680.778998237,327139.96378717106,407212.4195417528,0.48197535730342655,25225.657812753674,3.964060587900933e-05,0.0,ppo__no_robustness_logic,agent_ablation,noise,22401,1,ablation,no_robustness_logic
0.558492300620547,0.053497942386831275,370185.1550271491,363200.98683062155,453726.0376227215,0.5239503326426866,30045.983838960736,3.328121069853739e-05,0.0,ppo__no_robustness_logic,agent_ablation,noise,22402,2,ablation,no_robustness_logic
0.5696327335469559,0.05106014712245781,367444.41091074067,360288.83492430724,449718.7716572112,0.5054225096010807,25874.629045162197,3.864640346538604e-05,0.0,ppo__no_robustness_logic,agent_ablation,noise,22403,3,ablation,no_robustness_logic
0.5965703971119134,0.05635400907715583,412774.6881432355,405253.39706033835,504223.1183199246,0.5683364658749037,36452.5931914542,2.7432138026778372e-05,0.0,ppo__no_robustness_logic,agent_ablation,split_policy_dynamics,22500,0,ablation,no_robustness_logic
0.5773755656108597,0.056818181818181816,398233.81246470596,390405.8882335193,487552.9275327726,0.55394132768191,31780.551893456373,3.1464794524583734e-05,0.0,ppo__no_robustness_logic,agent_ablation,split_policy_dynamics,22501,1,ablation,no_robustness_logic
0.5889319552110249,0.06910420475319927,358853.5929049979,351492.0675930847,436122.2004229865,0.5858022692257975,33422.54971319264,2.9919024417843e-05,0.0,ppo__no_robustness_logic,agent_ablation,split_policy_dynamics,22502,2,ablation,no_robustness_logic
0.5897551112109638,0.06476190476190476,394581.77225200867,387110.219214963,482490.8762939131,0.5688250077779549,36095.84047795115,2.7703255652273086e-05,0.0,ppo__no_robustness_logic,agent_ablation,split_policy_dynamics,22503,3,ablation,no_robustness_logic
0.5948196114708603,0.05754276827371695,371557.71352311154,364519.500696992,453484.5650934076,0.5557105443727225,33038.370925354524,3.026692010145377e-05,0.0,ppo__no_robustness_logic,agent_ablation,base_market,46000,0,ablation,no_robustness_logic
0.5862237420615535,0.050833333333333335,391496.33070135897,384031.3470089392,478825.80140775023,0.5257698592240985,31636.632508278428,3.1607927670894336e-05,0.0,ppo__no_robustness_logic,agent_ablation,base_market,46001,1,ablation,no_robustness_logic
0.5813794673343956,0.05755677368833203,399877.8502738684,392191.4591821114,489510.35476003017,0.5526002251322765,34753.05804786719,2.8773618281430265e-05,0.0,ppo__no_robustness_logic,agent_ablation,base_market,46002,2,ablation,no_robustness_logic
0.5984864864864865,0.05455202312138728,433811.13094674784,425806.5359444565,530847.5293704685,0.575762662367262,41278.67201979851,2.4224998675386302e-05,0.0,ppo__no_robustness_logic,agent_ablation,base_market,46003,3,ablation,no_robustness_logic
0.561063829787234,0.06484641638225255,360347.8258010961,353616.86836595775,440578.8370343348,0.5678496044976087,31350.604541002467,3.189629413359604e-05,0.0,ppo__no_robustness_logic,agent_ablation,drift,46100,0,ablation,no_robustness_logic
0.5675848814862268,0.07035364936042136,334566.35175802815,327635.9852491346,408621.1640088771,0.5607593368327243,26016.573478760358,3.843555975027254e-05,0.0,ppo__no_robustness_logic,agent_ablation,drift,46101,1,ablation,no_robustness_logic
0.546868155935173,0.06087304765718863,369362.4338901933,362189.074300695,453181.2475949229,0.5301214072495292,29491.805525179876,3.3906574237104594e-05,0.0,ppo__no_robustness_logic,agent_ablation,drift,46102,2,ablation,no_robustness_logic
0.5783079301965982,0.0653170359052712,374208.9099460684,366980.3793397061,456997.71138895757,0.5578038826401623,32536.489105706336,3.073377901875725e-05,0.0,ppo__no_robustness_logic,agent_ablation,drift,46103,3,ablation,no_robustness_logic
0.5677823260293764,0.06827820186598813,330745.7574806843,324007.5992014934,403987.94249320205,0.5839546797847466,29062.374207434164,3.440756716211597e-05,0.0,ppo__no_robustness_logic,agent_ablation,adverse_stress,46200,0,ablation,no_robustness_logic
0.552168815943728,0.07600849256900212,293473.1625803894,287230.7515306845,358397.7406395442,0.5849965437566508,17170.69412487416,5.823537227765104e-05,0.0,ppo__no_robustness_logic,agent_ablation,adverse_stress,46201,1,ablation,no_robustness_logic
0.5665256229431124,0.07551867219917012,320316.2190955395,313574.6933029765,387975.93955028075,0.6020257188483498,20515.38745496743,4.874152441286051e-05,0.0,ppo__no_robustness_logic,agent_ablation,adverse_stress,46202,2,ablation,no_robustness_logic
0.5586268390548372,0.0782122905027933,326391.43771984335,320012.2830293845,394747.8059062541,0.6148170625743219,26970.05250236371,3.707678815694572e-05,0.0,ppo__no_robustness_logic,agent_ablation,adverse_stress,46203,3,ablation,no_robustness_logic
0.5638342402678945,0.06607275426874536,375033.02293902496,367823.94922095264,459061.09013646207,0.5354817363980666,31882.22203278756,3.136445867897655e-05,0.0,ppo__no_robustness_logic,agent_ablation,class_imbalance_shift,46300,0,ablation,no_robustness_logic
0.5588111298482293,0.06978498679743493,374599.4211922701,367280.9605333049,459205.97231732064,0.5366227228002693,30106.30766428689,3.3214527554258664e-05,0.0,ppo__no_robustness_logic,agent_ablation,class_imbalance_shift,46301,1,ablation,no_robustness_logic
0.5690331010452961,0.062380405663987754,337489.5500710895,330726.7573782449,412379.7151976653,0.5167410277537576,28548.65552101225,3.502669232782898e-05,0.0,ppo__no_robustness_logic,agent_ablation,class_imbalance_shift,46302,2,ablation,no_robustness_logic
0.550332778702163,0.054043839758125475,399146.1171415923,391576.91968431196,490137.43198381556,0.5293641795786501,33493.552817579766,2.9855600862810907e-05,0.0,ppo__no_robustness_logic,agent_ablation,class_imbalance_shift,46303,3,ablation,no_robustness_logic
0.5760095011876485,0.052371134020618555,382853.83264735935,375691.73834913137,468526.51930596237,0.5257034083404704,35151.757891690235,2.8447270142533828e-05,0.0,ppo__no_robustness_logic,agent_ablation,noise,46400,0,ablation,no_robustness_logic
0.5663301244423573,0.048507462686567165,378082.2460636215,371165.56372709613,463277.27701329626,0.5155559676978798,32091.764970407374,3.115967106362124e-05,0.0,ppo__no_robustness_logic,agent_ablation,noise,46401,1,ablation,no_robustness_logic
0.5695982627578718,0.05680518490278307,384940.7793694526,377472.4276072805,471522.5167069557,0.5548068148286226,27358.673300625276,3.655014403907908e-05,0.0,ppo__no_robustness_logic,agent_ablation,noise,46402,2,ablation,no_robustness_logic
0.5586899354530241,0.04749679075738126,352708.99194984726,346013.9649709265,432121.5624564899,0.4927449024119629,26083.211819874934,3.8337366944629984e-05,0.0,ppo__no_robustness_logic,agent_ablation,noise,46403,3,ablation,no_robustness_logic
0.5901785714285714,0.062405446293494704,382231.01082611864,374649.5173731279,466743.23535358347,0.5717972222262513,30859.471040033855,3.24039123933898e-05,0.0,ppo__no_robustness_logic,agent_ablation,split_policy_dynamics,46500,0,ablation,no_robustness_logic
0.5810479375696767,0.057943207981580966,412210.00677086203,404107.8419737814,504792.0431243093,0.5666873486408172,33685.53481992794,2.9685451630615035e-05,0.0,ppo__no_robustness_logic,agent_ablation,split_policy_dynamics,46501,1,ablation,no_robustness_logic
0.5988063660477454,0.05721668512366187,419708.50104998914,411798.31192047853,513378.637489084,0.5858233312715693,34278.82161337204,2.9171680391998163e-05,0.0,ppo__no_robustness_logic,agent_ablation,split_policy_dynamics,46502,2,ablation,no_robustness_logic
0.5882481432940149,0.05867062755291497,395075.0587958029,387178.750536361,483036.2619285959,0.5907491260685535,28161.227275483103,3.5508555137276364e-05,0.0,ppo__no_robustness_logic,agent_ablation,split_policy_dynamics,46503,3,ablation,no_robustness_logic
0.5919210465916915,0.0550601008142691,411776.8712347274,404147.9601519019,503886.0456863623,0.5588152503896591,33524.48383524403,2.982805572365041e-05,0.0,ppo__no_robustness_logic,agent_ablation,base_market,74000,0,ablation,no_robustness_logic
0.5894521482155035,0.05823370613189356,401334.89138867904,393972.057170906,491018.65189031063,0.550194330316283,39570.63060660324,2.527062910147382e-05,0.0,ppo__no_robustness_logic,agent_ablation,base_market,74001,1,ablation,no_robustness_logic
0.5928047662694775,0.05450328565906455,381465.92590662,374229.0351504723,465281.76245623303,0.5436194068738103,36588.699896598846,2.7330095705238454e-05,0.0,ppo__no_robustness_logic,agent_ablation,base_market,74002,2,ablation,no_robustness_logic
0.5890917494800092,0.05492349941153393,424264.618325038,416356.68159052276,518736.5279487531,0.5586147012459822,35089.64941522292,2.849762021121738e-05,0.0,ppo__no_robustness_logic,agent_ablation,base_market,74003,3,ablation,no_robustness_logic
0.5627044711014176,0.07131782945736434,327131.6799323311,320673.59957147384,398994.38642233633,0.5608668091192749,29159.612560744143,3.429283242651063e-05,0.0,ppo__no_robustness_logic,agent_ablation,drift,74100,0,ablation,no_robustness_logic
0.5645724258289704,0.06452859350850078,338439.48323049396,332111.02966929873,413707.2342462593,0.5442694333520166,29174.5369407767,3.427529035814819e-05,0.0,ppo__no_robustness_logic,agent_ablation,drift,74101,1,ablation,no_robustness_logic
0.5622149837133551,0.06913866357667053,345718.05325943633,338884.46626314986,422916.608374582,0.5598901928060779,29017.748915791257,3.446047942665873e-05,0.0,ppo__no_robustness_logic,agent_ablation,drift,74102,2,ablation,no_robustness_logic
0.5725338491295938,0.06794294294294294,350180.795429041,343209.7203278213,427906.7234778951,0.566784250472989,23201.749651707196,4.309834028340786e-05,0.0,ppo__no_robustness_logic,agent_ablation,drift,74103,3,ablation,no_robustness_logic
0.5663760896637609,0.07255936675461741,315379.3753202765,308643.29928912927,384017.280910994,0.5756398147451566,24317.900199760443,4.11202805959889e-05,0.0,ppo__no_robustness_logic,agent_ablation,adverse_stress,74200,0,ablation,no_robustness_logic
0.5621744054360136,0.07131345688960515,354389.33155427285,347183.835123244,433661.31404866156,0.6160937627687662,24002.01501319623,4.1661432926248066e-05,0.0,ppo__no_robustness_logic,agent_ablation,adverse_stress,74201,1,ablation,no_robustness_logic
0.5695631528964862,0.07294706127553147,330712.1511443367,323705.967586281,402882.00946631434,0.5891949283605598,23646.064276791072,4.228854746174441e-05,0.0,ppo__no_robustness_logic,agent_ablation,adverse_stress,74202,2,ablation,no_robustness_logic
0.571203953279425,0.06960283130161227,345092.40503847325,337806.78205172525,421015.4501314755,0.6337323810760783,24779.117134289838,4.03549343443674e-05,0.0,ppo__no_robustness_logic,agent_ablation,adverse_stress,74203,3,ablation,no_robustness_logic
0.5376962193234579,0.060032894736842105,343556.7348995537,336717.2685784586,421462.71471537685,0.4998905685890436,29134.383779967746,3.432252712207476e-05,0.0,ppo__no_robustness_logic,agent_ablation,class_imbalance_shift,74300,0,ablation,no_robustness_logic
0.5490885130683066,0.0612,354726.5997352841,347751.81247810164,434807.6440596599,0.4996794492870001,30027.53747082072,3.330165516624705e-05,0.0,ppo__no_robustness_logic,agent_ablation,class_imbalance_shift,74301,1,ablation,no_robustness_logic
0.5654347826086956,0.06074586697424068,366039.1040204547,358822.92590440065,448142.555193607,0.5229465181835785,24681.72219208744,4.0514169880361526e-05,0.0,ppo__no_robustness_logic,agent_ablation,class_imbalance_shift,74302,2,ablation,no_robustness_logic
0.5709745762711864,0.059369202226345084,378731.1702341034,371130.9972078381,463624.18893940037,0.526250412631292,26049.73205422223,3.8386637193864304e-05,0.0,ppo__no_robustness_logic,agent_ablation,class_imbalance_shift,74303,3,ablation,no_robustness_logic
0.5583744948361024,0.05066344993968637,396449.4858759213,388848.20995464845,486506.53992892976,0.5497572028225798,33116.71464730354,3.0195320258350633e-05,0.0,ppo__no_robustness_logic,agent_ablation,noise,74400,0,ablation,no_robustness_logic
0.5789473684210527,0.0641945773524721,365036.67845142854,357714.300263903,446277.6303161713,0.5165724068672353,37202.338796823075,2.687930794225903e-05,0.0,ppo__no_robustness_logic,agent_ablation,noise,74401,1,ablation,no_robustness_logic
0.5741022850924918,0.05155420773313116,415797.7673990943,407695.4350311109,509548.6354716696,0.5656052124360389,38344.67112172174,2.6078562996737544e-05,0.0,ppo__no_robustness_logic,agent_ablation,noise,74402,2,ablation,no_robustness_logic
0.5800992779783394,0.054064566316608324,389631.3841048486,382282.8075139095,476788.06596196146,0.5438437740279805,35990.09503369819,2.778465059381237e-05,0.0,ppo__no_robustness_logic,agent_ablation,noise,74403,3,ablation,no_robustness_logic
0.5879857079053149,0.061906570451955946,375175.33891138755,367742.27311751345,458261.0717078638,0.5656879154578446,29641.34067587525,3.37355275325427e-05,0.0,ppo__no_robustness_logic,agent_ablation,split_policy_dynamics,74500,0,ablation,no_robustness_logic
0.5763888888888888,0.0572289156626506,419596.54032975726,411328.31183829147,514146.0330612147,0.5623228579163475,33349.087530714845,2.9984928797533665e-05,0.0,ppo__no_robustness_logic,agent_ablation,split_policy_dynamics,74501,1,ablation,no_robustness_logic
0.5921470721743077,0.055193560751245686,425487.3312830186,417808.6681580831,520886.7326932248,0.5619724369835771,33754.882007698056,2.9624466626940727e-05,0.0,ppo__no_robustness_logic,agent_ablation,split_policy_dynamics,74502,2,ablation,no_robustness_logic
0.5925342927816506,0.06261859582542695,376135.35699061933,369103.24590646394,459137.87939710333,0.5685781563763529,28437.09339485613,3.5164101408460795e-05,0.0,ppo__no_robustness_logic,agent_ablation,split_policy_dynamics,74503,3,ablation,no_robustness_logic
