controller,scenario_name,interactive_week,cumulative_profit_mean,cumulative_profit_ci_lower,cumulative_profit_ci_upper
a2c,adverse_stress,0,0.0,0.0,0.0
a2c,adverse_stress,1,0.0,0.0,0.0
a2c,adverse_stress,2,0.0,0.0,0.0
a2c,adverse_stress,3,0.0,0.0,0.0
a2c,adverse_stress,4,-47.72835074604537,-659.3562716083196,475.8925482542595
a2c,adverse_stress,5,570.8229973854284,-1155.9614669590633,2425.51727761845
a2c,adverse_stress,6,3688.1207852866587,1666.5935406271262,5762.384717560308
a2c,adverse_stress,7,6740.561619733453,4057.030686705357,8844.471691359327
a2c,adverse_stress,8,16087.977660443294,11853.793438268034,19743.171431835664
a2c,adverse_stress,9,26958.423313065006,20806.424673858965,32176.026537770464
a2c,adverse_stress,10,34930.379528656056,29194.47883349875,39126.14636408198
a2c,adverse_stress,11,46581.002885750706,38738.71170443899,52299.44353177757
a2c,adverse_stress,12,63650.290194348636,55577.493398464336,71278.8634977741
a2c,adverse_stress,13,80037.4655288031,71212.50350741697,88452.20884061605
a2c,adverse_stress,14,94403.1110930351,84260.97271466289,104342.55416292133
a2c,adverse_stress,15,108692.11376466462,97002.08111635318,119710.70542868946
a2c,adverse_stress,16,124222.38791533682,111701.21439540188,134105.98636577144
a2c,adverse_stress,17,137955.90377461983,126710.3211391,147303.67480929464
a2c,adverse_stress,18,147331.89940529558,135005.47277481586,157136.32790052137
a2c,adverse_stress,19,160832.16006219224,144489.10308624315,174427.05734169186
a2c,adverse_stress,20,171946.2038489881,157169.25065394182,183474.91704110432
a2c,adverse_stress,21,182906.25382744815,166674.35902010894,195510.7711761101
a2c,adverse_stress,22,195434.58409796216,178882.88900270214,207774.18030194775
a2c,adverse_stress,23,203499.1738470233,186115.4889917563,215933.3492411144
a2c,adverse_stress,24,212309.22446003408,192856.39613125418,225842.42370979258
a2c,adverse_stress,25,300022.18132068025,283560.95480495936,312856.0835535268
a2c,base_market,0,0.0,0.0,0.0
a2c,base_market,1,0.0,0.0,0.0
a2c,base_market,2,0.0,0.0,0.0
a2c,base_market,3,0.0,0.0,0.0
a2c,base_market,4,455.654389728322,-359.07891167203775,1097.0781342140613
a2c,base_market,5,1154.1766688556688,-726.8786917388024,2942.3314289212976
a2c,base_market,6,2486.1936111997584,-1174.1039779314801,5691.425187610968
a2c,base_market,7,8369.202690000962,5014.106344669262,11380.917751353083
a2c,base_market,8,14649.6493276353,11540.543953217735,18339.28668614651
a2c,base_market,9,22263.132180897082,19281.007155454405,24997.950604941158
a2c,base_market,10,32979.98738653564,30302.10605651163,35809.28454368819
a2c,base_market,11,44391.79735823284,38656.62476578467,50896.21344232467
a2c,base_market,12,59709.64654794576,53261.8950196658,66938.87208693416
a2c,base_market,13,75429.2586231588,68504.45705603514,82521.64183054172
a2c,base_market,14,90326.2534685124,82449.13286583827,98556.45914409509
a2c,base_market,15,105218.43280009925,95317.55233131586,115775.65822468816
a2c,base_market,16,123098.7281211948,115578.87196839594,131215.76860487758
a2c,base_market,17,136093.03215019775,128435.14548609122,145564.03041827923
a2c,base_market,18,148502.953002287,139686.92360105106,157953.28600944573
a2c,base_market,19,164373.63146363528,153095.3521956043,174848.1224120725
a2c,base_market,20,176843.60439755965,165570.29957874137,186444.81908337152
a2c,base_market,21,188744.22133449523,175557.46750803923,199921.96419892937
a2c,base_market,22,202109.12695470251,187631.91651966216,215024.09975080728
a2c,base_market,23,214212.08623204,200188.8837178554,227130.9838853529
a2c,base_market,24,228423.36622829884,214230.27236991146,240573.42983878186
a2c,base_market,25,358867.5951100988,329385.65870865353,384488.31022522243
a2c,class_imbalance_shift,0,0.0,0.0,0.0
a2c,class_imbalance_shift,1,0.0,0.0,0.0
a2c,class_imbalance_shift,2,0.0,0.0,0.0
a2c,class_imbalance_shift,3,0.0,0.0,0.0
a2c,class_imbalance_shift,4,174.3957348640411,-435.77645158058556,708.065919612687
a2c,class_imbalance_shift,5,1601.181431298427,593.5193808447563,2675.4660449401777
a2c,class_imbalance_shift,6,3738.5389057558423,2429.774604467501,4995.312551556277
a2c,class_imbalance_shift,7,7965.0988167495025,6076.996082789244,10047.574860509754
a2c,class_imbalance_shift,8,13674.726164443577,10975.147676067543,16618.2518267144
a2c,class_imbalance_shift,9,21757.273852891198,18623.07537864961,25147.583292277897
a2c,class_imbalance_shift,10,32237.064235087568,28358.64786404985,36482.98047471264
a2c,class_imbalance_shift,11,41108.49376052939,36395.466398447046,46115.01304382671
a2c,class_imbalance_shift,12,56877.02588557003,51310.70281344064,62538.30220008111
a2c,class_imbalance_shift,13,69396.23300681105,63921.87384178924,75222.7025225905
a2c,class_imbalance_shift,14,84360.80191935852,79731.39000644836,90223.14146672003
a2c,class_imbalance_shift,15,96704.70334351265,92142.8057547583,101179.32106772347
a2c,class_imbalance_shift,16,110913.2911050527,104702.94936364082,117315.59972548104
a2c,class_imbalance_shift,17,124371.90825868194,118365.35163695636,129873.79740098413
a2c,class_imbalance_shift,18,136368.7803354639,129636.0001141237,142370.97521861948
a2c,class_imbalance_shift,19,148598.5570646668,140727.44063108476,156393.44239792242
a2c,class_imbalance_shift,20,163972.17568028843,156184.4885071314,171964.64169439583
a2c,class_imbalance_shift,21,178759.40203172978,171304.4806542436,186980.65203674312
a2c,class_imbalance_shift,22,188634.06404375238,180894.81964916093,195544.32081125837
a2c,class_imbalance_shift,23,198232.7711086405,188984.5830972551,206803.25942225274
a2c,class_imbalance_shift,24,208557.29628656947,198792.4408878298,216546.48666570848
a2c,class_imbalance_shift,25,333058.28924760746,309723.47014544,358779.2714667375
a2c,drift,0,0.0,0.0,0.0
a2c,drift,1,0.0,0.0,0.0
a2c,drift,2,0.0,0.0,0.0
a2c,drift,3,0.0,0.0,0.0
a2c,drift,4,412.8724366057374,-300.5016128397123,1061.2532308807629
a2c,drift,5,1044.601119392699,-348.5780869582003,2465.8678680590433
a2c,drift,6,4408.029498651999,1717.7102733454558,7112.189672492221
a2c,drift,7,7439.592364736926,4980.543181234933,9788.37489662348
a2c,drift,8,13523.263017583222,11742.955524151996,16012.344256958751
a2c,drift,9,22024.83876027063,19646.575253321607,25129.005486014612
a2c,drift,10,35041.413646508285,32256.867771860252,37988.675571095075
a2c,drift,11,46987.70853758868,43554.448465413996,50795.895954281936
a2c,drift,12,60922.20717676017,56229.633664837864,65856.86866725032
a2c,drift,13,74727.39351001111,70456.38208613277,80243.25741791085
a2c,drift,14,91012.48072254688,86104.29426581376,96094.06233627434
a2c,drift,15,106291.70309116464,99749.26884574024,113344.08494611936
a2c,drift,16,121991.10095330216,115017.26949475089,129208.95468169532
a2c,drift,17,133733.26520978237,124544.80666467165,141878.03480428623
a2c,drift,18,145676.71909208302,136718.5267455083,153188.99467417333
a2c,drift,19,158936.8515708921,148506.34259966874,167458.36912807846
a2c,drift,20,170266.31036607662,159427.19668572536,180866.08604056019
a2c,drift,21,183753.95788601055,173185.3079368238,195565.1435330752
a2c,drift,22,195556.73327935554,184752.5288398883,205814.16910301434
a2c,drift,23,205664.53764906139,193086.61877557824,215737.28947161685
a2c,drift,24,220451.75757723383,211387.5122493429,227860.7821153817
a2c,drift,25,333458.4825667813,312259.11685012386,351646.0484051301
a2c,noise,0,0.0,0.0,0.0
a2c,noise,1,0.0,0.0,0.0
a2c,noise,2,0.0,0.0,0.0
a2c,noise,3,0.0,0.0,0.0
a2c,noise,4,-18.857587355146677,-875.1606666564132,651.368155334309
a2c,noise,5,481.6585035724666,-1305.7773933022174,2136.4287346377037
a2c,noise,6,3452.0623581701198,1702.5433113372142,5210.152376195292
a2c,noise,7,7374.171774154231,5044.859729108832,10044.62990328544
a2c,noise,8,14298.92634234308,10896.896727748132,17713.550633066527
a2c,noise,9,22333.33424884287,16711.994745068354,27244.161603496024
a2c,noise,10,32667.66132463272,26729.734584428075,37386.8787596415
a2c,noise,11,48198.145030056425,41298.3552960246,54035.94302378648
a2c,noise,12,62905.59108977249,55254.6200694992,69658.2681230958
a2c,noise,13,79404.96445656999,70476.54921614731,86717.5133966277
a2c,noise,14,91940.61276374267,83969.01366279401,99314.97252291087
a2c,noise,15,106260.32405266892,98114.17279079372,114057.42299207345
a2c,noise,16,121488.88804384154,111989.11270924794,131119.85270972835
a2c,noise,17,132762.17544342682,122705.50335064904,143197.11514537202
a2c,noise,18,147143.40573683532,136083.97088607372,157193.28578245873
a2c,noise,19,160997.94933614912,149653.34495382608,171626.47796843553
a2c,noise,20,175255.36210810766,162955.62875931014,186133.91252757437
a2c,noise,21,191692.91554569345,179555.3243247498,203283.57512868225
a2c,noise,22,203151.22895506807,191861.14663816782,213387.69871285078
a2c,noise,23,215590.75100797237,203159.56799973294,226955.80274513655
a2c,noise,24,230324.81810066404,218270.2079226512,239510.96191518565
a2c,noise,25,368284.858322638,354017.05784475524,380568.7790871148
a2c,split_policy_dynamics,0,0.0,0.0,0.0
a2c,split_policy_dynamics,1,0.0,0.0,0.0
a2c,split_policy_dynamics,2,0.0,0.0,0.0
a2c,split_policy_dynamics,3,0.0,0.0,0.0
a2c,split_policy_dynamics,4,305.4160396365461,-363.8204368248516,858.0227814443193
a2c,split_policy_dynamics,5,1812.9894959639398,620.0293608410784,2851.4569842149767
a2c,split_policy_dynamics,6,2920.8498710013373,199.88083059965751,4952.776205853115
a2c,split_policy_dynamics,7,8439.121038552044,5444.458604267418,11300.278585647256
a2c,split_policy_dynamics,8,15981.949252200053,13410.919800440584,17880.93558474085
a2c,split_policy_dynamics,9,23716.355399432545,17755.807403966985,27438.432829632537
a2c,split_policy_dynamics,10,38906.541904480284,36708.05734268772,41644.21798242733
a2c,split_policy_dynamics,11,52531.97222828806,49802.76385447291,55633.28689542586
a2c,split_policy_dynamics,12,66502.27516292698,60221.136782790236,70792.07845190672
a2c,split_policy_dynamics,13,81596.66758612696,74862.50954394476,86887.12240872187
a2c,split_policy_dynamics,14,100550.03465859553,96676.05966329834,105824.08525157529
a2c,split_policy_dynamics,15,119619.8686612784,116022.10135120574,123923.09734676222
a2c,split_policy_dynamics,16,135359.98105131305,130787.91472400517,140320.57923967484
a2c,split_policy_dynamics,17,152055.68774366283,146679.48062779516,156788.2933847229
a2c,split_policy_dynamics,18,169380.7791074528,163525.8817692936,174418.10590110585
a2c,split_policy_dynamics,19,181997.91103795907,176245.32414871678,187109.74927537405
a2c,split_policy_dynamics,20,196760.27792867235,191351.32522705855,202950.88758798334
a2c,split_policy_dynamics,21,210979.6585959409,205652.19519127836,217126.44239297602
a2c,split_policy_dynamics,22,224626.5538600932,217904.53076671393,232004.24361643032
a2c,split_policy_dynamics,23,237023.2029870229,230896.4364711907,245519.2310917864
a2c,split_policy_dynamics,24,249665.93811294506,240848.23606638776,259832.3950968256
a2c,split_policy_dynamics,25,373418.05619953247,357355.5751965939,393606.2664134682
a3c,adverse_stress,0,0.0,0.0,0.0
a3c,adverse_stress,1,0.0,0.0,0.0
a3c,adverse_stress,2,0.0,0.0,0.0
a3c,adverse_stress,3,0.0,0.0,0.0
a3c,adverse_stress,4,73.74538542741486,-503.86892711936855,689.6760280117055
a3c,adverse_stress,5,806.8204843157008,-860.1241527569392,2278.390617258803
a3c,adverse_stress,6,4249.928181710625,2332.8637405230415,6385.000356442767
a3c,adverse_stress,7,7248.170742667852,4272.453171145303,10024.806168926598
a3c,adverse_stress,8,15905.18245030319,10699.07518723125,20195.61278284583
a3c,adverse_stress,9,24820.29937740994,18772.026639094227,29514.842987210952
a3c,adverse_stress,10,32241.78399075437,27439.57254538858,36015.029729822316
a3c,adverse_stress,11,42689.13873574973,36334.74446501403,49154.870633409904
a3c,adverse_stress,12,58174.594283722145,51582.23819860237,64456.24197242881
a3c,adverse_stress,13,75157.85429018151,67728.84473185021,82078.58454130591
a3c,adverse_stress,14,87928.62377794484,79640.65742074003,95295.42289501232
a3c,adverse_stress,15,99725.11174283712,90236.65411672098,108484.96609286529
a3c,adverse_stress,16,115606.9188297519,105987.25725814779,124438.92681080938
a3c,adverse_stress,17,127987.08931893895,120643.72311162422,134961.86697502818
a3c,adverse_stress,18,137590.43565527408,127364.97561608003,146201.38377881816
a3c,adverse_stress,19,148584.96405919726,137913.94250048092,158979.50095097558
a3c,adverse_stress,20,158950.969038212,147026.34778504577,170146.75483608912
a3c,adverse_stress,21,168771.66064321998,154434.72340785488,182442.90445113208
a3c,adverse_stress,22,179711.60019466025,163431.82246463135,195436.6683738154
a3c,adverse_stress,23,188198.36868626377,171499.61933943068,204607.91018947025
a3c,adverse_stress,24,196733.96476905223,177712.21749586012,215543.70971177827
a3c,adverse_stress,25,287112.17731894716,252113.2122646917,318411.41529668536
a3c,base_market,0,0.0,0.0,0.0
a3c,base_market,1,0.0,0.0,0.0
a3c,base_market,2,0.0,0.0,0.0
a3c,base_market,3,0.0,0.0,0.0
a3c,base_market,4,483.5739837685255,-375.05360847439346,1259.1518161923111
a3c,base_market,5,1921.5102397126395,325.72677003836515,3358.413065880841
a3c,base_market,6,2177.993799679442,-1492.1520509498507,5200.690979427388
a3c,base_market,7,8738.574346882428,5648.042738019778,11856.186622193429
a3c,base_market,8,13754.684357495775,10634.656366044685,17041.427839509608
a3c,base_market,9,22284.73332269154,18248.306293461093,25631.35052562508
a3c,base_market,10,33075.04968826269,28335.12188180956,37604.26134358378
a3c,base_market,11,44392.758128003225,34835.08754427465,52625.814340339464
a3c,base_market,12,57374.8316100375,47522.31367586359,66353.29878440443
a3c,base_market,13,75141.19932108621,63575.46844768705,86156.10132586215
a3c,base_market,14,88239.67840897532,73901.59385316982,101035.40584763681
a3c,base_market,15,100956.19570704717,84590.99567387218,115973.59108103854
a3c,base_market,16,118484.24025110995,103624.42310458569,132673.618038603
a3c,base_market,17,132516.04035539107,116500.2967086667,148632.90850481813
a3c,base_market,18,147425.0410210835,127448.66321699262,165188.10494786804
a3c,base_market,19,163566.70721778055,141057.4960727965,185867.00763191935
a3c,base_market,20,176056.26595038048,151526.083372924,199539.7310150365
a3c,base_market,21,190962.04114198845,163771.25723919124,215676.2190581079
a3c,base_market,22,207063.5811652051,174844.7398577079,233997.73076696493
a3c,base_market,23,219177.57656015805,184102.06441336218,247366.7368438591
a3c,base_market,24,236333.16035206616,195312.98928202857,269104.28952850593
a3c,base_market,25,389042.64461907925,310348.7582634081,451532.0067681361
a3c,class_imbalance_shift,0,0.0,0.0,0.0
a3c,class_imbalance_shift,1,0.0,0.0,0.0
a3c,class_imbalance_shift,2,0.0,0.0,0.0
a3c,class_imbalance_shift,3,0.0,0.0,0.0
a3c,class_imbalance_shift,4,214.7284783130298,-306.6987188981938,680.8722602592517
a3c,class_imbalance_shift,5,973.3373235413463,-745.6536880924518,2213.736610260059
a3c,class_imbalance_shift,6,2044.019063408182,18.34548552138321,4239.989715181034
a3c,class_imbalance_shift,7,5819.559690029398,3217.7860618647,8069.12676572899
a3c,class_imbalance_shift,8,12946.082386983822,10405.381388373835,15640.66425548843
a3c,class_imbalance_shift,9,20318.578141291597,16834.93817288787,23172.950132205016
a3c,class_imbalance_shift,10,31346.094472789013,26752.50968730243,35947.480515801464
a3c,class_imbalance_shift,11,41225.82483411638,35648.66402248938,46289.95994280424
a3c,class_imbalance_shift,12,56571.37366653545,50687.81864127181,62675.98000058172
a3c,class_imbalance_shift,13,68028.111899583,60421.38306425281,74703.8906529909
a3c,class_imbalance_shift,14,84205.02158158836,75820.5483352421,92116.09530642751
a3c,class_imbalance_shift,15,94965.61608310252,86590.89413672754,104069.64830053142
a3c,class_imbalance_shift,16,109233.20158765833,99904.63807126369,120238.60074336048
a3c,class_imbalance_shift,17,122965.1349233929,111997.37155305862,136124.31654895985
a3c,class_imbalance_shift,18,136503.31219403082,123977.75851764562,149742.48129030308
a3c,class_imbalance_shift,19,149534.5550491373,134487.33917599075,164984.7753350112
a3c,class_imbalance_shift,20,164766.29469134184,143671.13440688598,185492.10774468983
a3c,class_imbalance_shift,21,180488.851309684,159114.5326399065,200699.43877424672
a3c,class_imbalance_shift,22,191182.65703664682,170074.1469815968,212593.6970844274
a3c,class_imbalance_shift,23,201031.83157268516,177604.144473965,224953.75285690665
a3c,class_imbalance_shift,24,213123.49276304853,185047.42827782786,238797.51389217083
a3c,class_imbalance_shift,25,350409.56482207193,274125.8393936541,411743.44183961477
a3c,drift,0,0.0,0.0,0.0
a3c,drift,1,0.0,0.0,0.0
a3c,drift,2,0.0,0.0,0.0
a3c,drift,3,0.0,0.0,0.0
a3c,drift,4,427.56761685408156,-172.31766118289627,1004.8107458560145
a3c,drift,5,1268.2747599840911,69.82008930263714,2697.0871362981243
a3c,drift,6,4455.127919270597,1717.5236827977947,7794.896893459162
a3c,drift,7,7825.678547004402,4895.489797772984,11138.466690809772
a3c,drift,8,12984.883795426385,10940.465281088038,14999.625060158913
a3c,drift,9,21711.43275407106,19731.489897263502,24785.164959939993
a3c,drift,10,35142.64623193015,32342.939664362668,38334.731793420724
a3c,drift,11,47311.983584344795,42508.207196419906,53929.23346346172
a3c,drift,12,60712.22999425379,53408.61205647706,67838.80196508173
a3c,drift,13,74000.79110090136,67156.02262197032,80961.98731796976
a3c,drift,14,91072.2746234584,81256.54792624358,98874.40827915048
a3c,drift,15,105854.89669380557,92719.3208973856,116844.1054786593
a3c,drift,16,120527.311163558,106321.05146412889,132430.55757691816
a3c,drift,17,134954.37093221213,118658.01927190652,149185.65955422953
a3c,drift,18,145595.1710245396,126383.46005892227,162449.42226115798
a3c,drift,19,159782.2237493949,136202.78805323795,183420.7003481306
a3c,drift,20,170754.75542730154,145831.20872770678,196790.3406942246
a3c,drift,21,184028.76849811664,158266.28472381533,212688.9059867399
a3c,drift,22,194559.0881526446,167093.1049270988,221238.71758831214
a3c,drift,23,206254.0569851809,179352.66598000555,230822.26609073463
a3c,drift,24,218299.0977343849,190606.65032786728,245868.65796273123
a3c,drift,25,347027.6228408375,277503.94865321135,398644.92036509834
a3c,noise,0,0.0,0.0,0.0
a3c,noise,1,0.0,0.0,0.0
a3c,noise,2,0.0,0.0,0.0
a3c,noise,3,0.0,0.0,0.0
a3c,noise,4,0.6696495713952307,-740.3690408619743,618.5632109991024
a3c,noise,5,555.8007968607659,-1376.1308230972552,2489.6072163423305
a3c,noise,6,3231.451263687048,698.8394466346494,4789.090294125918
a3c,noise,7,7834.363576925251,5031.711786149694,10558.508545021235
a3c,noise,8,15693.363241585661,12112.181738775225,18639.581909394343
a3c,noise,9,23960.228431788506,19231.184090995208,28256.86618486314
a3c,noise,10,34114.46478532472,28501.71716221944,38432.5118690197
a3c,noise,11,48482.53219296132,43309.866508362364,52669.069983465604
a3c,noise,12,62096.02873888793,55457.55157017517,67532.34113192992
a3c,noise,13,78041.18924037211,70072.02962951252,84741.05154637991
a3c,noise,14,93789.5027622729,86481.2946250307,101031.84912300509
a3c,noise,15,107124.48732776381,98716.55402572638,115532.05711445324
a3c,noise,16,121879.04356010382,110459.58789178652,131695.75999394731
a3c,noise,17,133515.44143936268,118774.2823106954,147347.79578951554
a3c,noise,18,148168.7154469142,128623.98037450423,164473.3304585673
a3c,noise,19,162345.8534459715,140857.04278655507,179255.27769524296
a3c,noise,20,177997.57369263147,155793.04130863238,197385.866389194
a3c,noise,21,194540.59538497977,169882.61760052067,215480.24115394434
a3c,noise,22,205756.1327557295,178557.41444413917,229004.87971836134
a3c,noise,23,219108.27284392194,189319.35140925914,244312.03812045875
a3c,noise,24,234012.8343413908,199634.72683703224,261172.7096506967
a3c,noise,25,385685.43875642936,316975.9434219686,443967.10487022443
a3c,split_policy_dynamics,0,0.0,0.0,0.0
a3c,split_policy_dynamics,1,0.0,0.0,0.0
a3c,split_policy_dynamics,2,0.0,0.0,0.0
a3c,split_policy_dynamics,3,0.0,0.0,0.0
a3c,split_policy_dynamics,4,541.7729540322713,-60.08714816529232,1066.50470052742
a3c,split_policy_dynamics,5,2087.9276282370956,1112.8163649745823,3130.780121734554
a3c,split_policy_dynamics,6,3098.888609765898,944.3852434991962,4943.621993188165
a3c,split_policy_dynamics,7,8917.759732711862,5519.897828311497,12065.603770806672
a3c,split_policy_dynamics,8,17279.19681375778,13075.098527258575,20801.33259696586
a3c,split_policy_dynamics,9,24829.96232331131,19683.047880088314,28738.069455630593
a3c,split_policy_dynamics,10,37383.57082413424,33656.3474403859,41359.632072280954
a3c,split_policy_dynamics,11,51680.29842489364,47035.415358872015,56860.374177797436
a3c,split_policy_dynamics,12,66050.3207329084,59037.54328020224,71378.40199653027
a3c,split_policy_dynamics,13,81457.1393869327,73521.87169975776,88832.59190786735
a3c,split_policy_dynamics,14,99677.82146602967,91478.45183301516,109048.78730555922
a3c,split_policy_dynamics,15,117072.9432940947,107522.12337154345,126918.59138220543
a3c,split_policy_dynamics,16,133519.80459026445,120291.0046709682,148246.10352494885
a3c,split_policy_dynamics,17,148840.7679543304,134352.84223115203,164162.73838668014
a3c,split_policy_dynamics,18,165135.58301938008,147563.25981731244,184107.995217928
a3c,split_policy_dynamics,19,177013.28596579,157436.60303417864,197850.2408654984
a3c,split_policy_dynamics,20,195191.75456406202,174746.6864223918,217943.70014026275
a3c,split_policy_dynamics,21,208134.97008047276,186892.01692505632,228210.0740767929
a3c,split_policy_dynamics,22,220412.25169369314,195161.4067675219,244508.98895372238
a3c,split_policy_dynamics,23,234091.64812875257,206714.11233492082,261117.13659446762
a3c,split_policy_dynamics,24,247189.7195558891,216342.02172704964,277385.818441165
a3c,split_policy_dynamics,25,391834.1943923661,327349.32799712784,443739.76575590874
constraint_aware_weekly,adverse_stress,0,0.0,0.0,0.0
constraint_aware_weekly,adverse_stress,1,0.0,0.0,0.0
constraint_aware_weekly,adverse_stress,2,0.0,0.0,0.0
constraint_aware_weekly,adverse_stress,3,0.0,0.0,0.0
constraint_aware_weekly,adverse_stress,4,884.6949894376079,152.70982724793464,1495.037511415825
constraint_aware_weekly,adverse_stress,5,2769.961286989376,1691.416918121745,4120.183467082933
constraint_aware_weekly,adverse_stress,6,5640.221586735944,3115.513283220344,8719.046767389867
constraint_aware_weekly,adverse_stress,7,14034.700471715812,10883.439159149055,18026.31661363676
constraint_aware_weekly,adverse_stress,8,21472.117054768005,16809.795466576972,25469.21103828108
constraint_aware_weekly,adverse_stress,9,37861.66050142141,30799.10461016471,43455.871981793265
constraint_aware_weekly,adverse_stress,10,54027.81644851336,47527.31207113274,58255.964612275755
constraint_aware_weekly,adverse_stress,11,72410.48148406706,64789.69952750117,78536.99381858023
constraint_aware_weekly,adverse_stress,12,96786.08936303582,88504.1251680237,103417.27904348676
constraint_aware_weekly,adverse_stress,13,114671.88291213768,104273.07938529777,125631.27456225477
constraint_aware_weekly,adverse_stress,14,136043.27626815232,125807.01701919314,146934.97355142987
constraint_aware_weekly,adverse_stress,15,159873.74209572747,148697.51298451648,168149.6159048802
constraint_aware_weekly,adverse_stress,16,178902.0921626404,170056.9299684436,187125.66090148865
constraint_aware_weekly,adverse_stress,17,198474.3084924481,187073.79357380746,209718.85220853385
constraint_aware_weekly,adverse_stress,18,215787.8775799922,205042.69452302935,226555.82654382064
constraint_aware_weekly,adverse_stress,19,236952.0019990113,224168.0959203997,246463.3925918062
constraint_aware_weekly,adverse_stress,20,252418.03729258323,240869.53427124323,261735.08189112015
constraint_aware_weekly,adverse_stress,21,261863.64252764705,249212.8927806155,270883.05479282275
constraint_aware_weekly,adverse_stress,22,275638.6686508685,266250.1764351899,283613.99474479596
constraint_aware_weekly,adverse_stress,23,287728.1732583427,277171.74586535455,296077.7396715301
constraint_aware_weekly,adverse_stress,24,302624.4271288248,293937.541709987,311184.1479400222
constraint_aware_weekly,adverse_stress,25,442388.8518501802,429776.4113182213,456209.510235874
constraint_aware_weekly,base_market,0,0.0,0.0,0.0
constraint_aware_weekly,base_market,1,0.0,0.0,0.0
constraint_aware_weekly,base_market,2,0.0,0.0,0.0
constraint_aware_weekly,base_market,3,0.0,0.0,0.0
constraint_aware_weekly,base_market,4,837.484663798249,248.75843593171118,1304.3460897129157
constraint_aware_weekly,base_market,5,4092.25581561348,3123.882797336116,4866.630186099384
constraint_aware_weekly,base_market,6,8017.054901078737,5481.856115728478,11216.206322730426
constraint_aware_weekly,base_market,7,13319.870990864985,10167.121736064846,16584.01546820788
constraint_aware_weekly,base_market,8,21084.93601534543,18284.694357466575,23732.432437040745
constraint_aware_weekly,base_market,9,32074.044560715363,28333.813441927578,35813.347654419216
constraint_aware_weekly,base_market,10,47252.833709274804,42855.810894611874,50671.584518531694
constraint_aware_weekly,base_market,11,65712.38758568488,61238.38910471525,70659.92369082905
constraint_aware_weekly,base_market,12,86993.80106553635,78314.14202780549,94009.82689863148
constraint_aware_weekly,base_market,13,108427.79687249144,98097.2414454112,117810.54203572196
constraint_aware_weekly,base_market,14,135573.18638675727,127443.92494598743,145611.7868618447
constraint_aware_weekly,base_market,15,158573.67355449966,151659.79973531226,168037.24837513457
constraint_aware_weekly,base_market,16,182350.79467073255,173905.26840923267,192613.97426106455
constraint_aware_weekly,base_market,17,202344.1905720601,192214.93895531632,213252.22972205136
constraint_aware_weekly,base_market,18,222579.73116284268,213077.59511862672,230034.39849418457
constraint_aware_weekly,base_market,19,245867.85077840718,233775.84986015264,256231.57388921131
constraint_aware_weekly,base_market,20,262672.0249263878,249593.73174123061,275477.76624436467
constraint_aware_weekly,base_market,21,285447.24782483093,272562.0822326512,297676.12232257717
constraint_aware_weekly,base_market,22,304263.04478504823,293716.1780091488,317144.8428807562
constraint_aware_weekly,base_market,23,327032.40796333115,316805.5403074436,338592.6226517707
constraint_aware_weekly,base_market,24,354549.2722016012,342925.2942424299,367699.0575342238
constraint_aware_weekly,base_market,25,585825.406997713,571043.6571065739,600116.4434264166
constraint_aware_weekly,class_imbalance_shift,0,0.0,0.0,0.0
constraint_aware_weekly,class_imbalance_shift,1,0.0,0.0,0.0
constraint_aware_weekly,class_imbalance_shift,2,0.0,0.0,0.0
constraint_aware_weekly,class_imbalance_shift,3,0.0,0.0,0.0
constraint_aware_weekly,class_imbalance_shift,4,527.966987848038,4.412047545566401,1070.757790857376
constraint_aware_weekly,class_imbalance_shift,5,1602.5016676706366,367.69728556423786,2478.8616237727256
constraint_aware_weekly,class_imbalance_shift,6,1994.101001008605,-322.0702070227855,4278.378437469269
constraint_aware_weekly,class_imbalance_shift,7,4910.441246075863,1288.1696704491026,8813.389875753026
constraint_aware_weekly,class_imbalance_shift,8,11237.518970869007,6157.086488623719,15080.77635532168
constraint_aware_weekly,class_imbalance_shift,9,24196.560521355903,20295.115334679238,27554.259089813684
constraint_aware_weekly,class_imbalance_shift,10,43422.151156882785,39604.77011393005,46806.17443921202
constraint_aware_weekly,class_imbalance_shift,11,59422.82501058661,54339.47762525479,63684.32980671118
constraint_aware_weekly,class_imbalance_shift,12,78659.03503818797,74774.7545700888,83602.1162676637
constraint_aware_weekly,class_imbalance_shift,13,99963.67832821142,95692.73430200275,105296.44666234497
constraint_aware_weekly,class_imbalance_shift,14,121729.57214021205,113929.82644599325,128113.63235449986
constraint_aware_weekly,class_imbalance_shift,15,142798.04170807233,134267.83334319302,151964.69511069462
constraint_aware_weekly,class_imbalance_shift,16,162475.77112510204,153083.66113593802,173742.9254450941
constraint_aware_weekly,class_imbalance_shift,17,182379.52674027413,173712.9337007867,194436.5901380982
constraint_aware_weekly,class_imbalance_shift,18,203875.98735397262,195067.27866064635,213756.29947553246
constraint_aware_weekly,class_imbalance_shift,19,226487.01419803654,215831.6600489971,235965.62055423058
constraint_aware_weekly,class_imbalance_shift,20,250098.22049544204,240972.7005410779,260638.44109363298
constraint_aware_weekly,class_imbalance_shift,21,272616.1068453831,261560.06934542643,282636.85780612926
constraint_aware_weekly,class_imbalance_shift,22,290462.0698384025,278862.70079046465,300883.08353234193
constraint_aware_weekly,class_imbalance_shift,23,311576.5077508668,297536.2487541991,326401.17040564853
constraint_aware_weekly,class_imbalance_shift,24,330161.0150856389,313824.808947775,344584.1757700283
constraint_aware_weekly,class_imbalance_shift,25,533107.9795226416,510950.6052833199,550378.1076877435
constraint_aware_weekly,drift,0,0.0,0.0,0.0
constraint_aware_weekly,drift,1,0.0,0.0,0.0
constraint_aware_weekly,drift,2,0.0,0.0,0.0
constraint_aware_weekly,drift,3,0.0,0.0,0.0
constraint_aware_weekly,drift,4,37.86579066993003,-924.3411672391285,1056.0396321247897
constraint_aware_weekly,drift,5,250.93932575738756,-1099.3297100995833,1682.2451303839848
constraint_aware_weekly,drift,6,2583.9326159491743,880.6187404727408,4331.592564553813
constraint_aware_weekly,drift,7,8126.387923097318,5718.32883565739,11488.672759294457
constraint_aware_weekly,drift,8,15359.351807479014,11917.771062729546,19550.019720224813
constraint_aware_weekly,drift,9,27041.919821832085,22504.118094945505,31488.124695784452
constraint_aware_weekly,drift,10,40577.312910463734,36147.64781553543,45112.908390101955
constraint_aware_weekly,drift,11,60924.539643551434,55072.07169735239,67563.14961984848
constraint_aware_weekly,drift,12,82122.03322992568,74579.18166331295,90412.37401343671
constraint_aware_weekly,drift,13,104759.1751190534,96468.85530142648,114082.2075878122
constraint_aware_weekly,drift,14,124964.47256611788,116105.54521037544,136051.22678743218
constraint_aware_weekly,drift,15,149816.51553764267,140734.75086714324,161521.94078712582
constraint_aware_weekly,drift,16,170732.28680490746,159962.5670674424,182217.79068896978
constraint_aware_weekly,drift,17,191944.71493515096,179991.61386017295,204823.86044928813
constraint_aware_weekly,drift,18,207685.47141625584,194391.57595656233,222080.27572352558
constraint_aware_weekly,drift,19,230919.2149793156,218940.8579256227,244188.58864404898
constraint_aware_weekly,drift,20,252170.82004969462,240247.45337487207,266271.6910071828
constraint_aware_weekly,drift,21,266741.99867263087,255718.3724656213,278162.97461804614
constraint_aware_weekly,drift,22,283355.05778270046,270009.85864438355,298305.6908100094
constraint_aware_weekly,drift,23,303279.3706173065,289456.3337861554,317319.24297788774
constraint_aware_weekly,drift,24,325528.6811533793,311526.001704618,340967.06146386696
constraint_aware_weekly,drift,25,524417.9946586713,507524.2355293397,542635.652412139
constraint_aware_weekly,noise,0,0.0,0.0,0.0
constraint_aware_weekly,noise,1,0.0,0.0,0.0
constraint_aware_weekly,noise,2,0.0,0.0,0.0
constraint_aware_weekly,noise,3,0.0,0.0,0.0
constraint_aware_weekly,noise,4,-390.9138352285376,-1089.5118995061712,356.14273507552025
constraint_aware_weekly,noise,5,566.0375159141136,-1975.6149067341719,2251.827068552377
constraint_aware_weekly,noise,6,2637.141444305836,-328.5327718989118,5090.541589988453
constraint_aware_weekly,noise,7,7927.627069158861,4534.158944430036,11059.71507064196
constraint_aware_weekly,noise,8,15157.62907697734,12609.782413323997,17720.729296852725
constraint_aware_weekly,noise,9,24736.181854487262,20805.10702395207,28025.48674567273
constraint_aware_weekly,noise,10,40333.07789071021,35987.05101016789,44477.831902918675
constraint_aware_weekly,noise,11,57568.576251818886,50386.81393976136,63452.22476144513
constraint_aware_weekly,noise,12,77172.30946328628,70698.85836325548,82421.10946102616
constraint_aware_weekly,noise,13,98238.4945264302,91271.7486123369,104387.20536557076
constraint_aware_weekly,noise,14,119609.78613072343,112023.28106596162,125944.68627011718
constraint_aware_weekly,noise,15,141601.43545685356,135082.766843777,148731.47319284838
constraint_aware_weekly,noise,16,160721.9998901539,152599.4947916011,168741.2836645018
constraint_aware_weekly,noise,17,177716.1088754506,167097.0352828167,187276.91176641444
constraint_aware_weekly,noise,18,197619.87993994987,185071.03620174457,210260.71764324862
constraint_aware_weekly,noise,19,216643.0684550881,202357.8594364899,231927.50421181435
constraint_aware_weekly,noise,20,240170.80713262258,225457.40671274206,255905.13879633028
constraint_aware_weekly,noise,21,257537.78701778513,241187.15989550075,272654.14244397235
constraint_aware_weekly,noise,22,277710.1604650339,262480.76945775363,294504.4271918721
constraint_aware_weekly,noise,23,295911.0225872018,279149.0916729163,312008.2338226293
constraint_aware_weekly,noise,24,318035.6853220908,300766.27062837087,335802.2862563192
constraint_aware_weekly,noise,25,535834.5831154954,514801.66478932335,554925.6833922921
constraint_aware_weekly,split_policy_dynamics,0,0.0,0.0,0.0
constraint_aware_weekly,split_policy_dynamics,1,0.0,0.0,0.0
constraint_aware_weekly,split_policy_dynamics,2,0.0,0.0,0.0
constraint_aware_weekly,split_policy_dynamics,3,0.0,0.0,0.0
constraint_aware_weekly,split_policy_dynamics,4,287.4270397938313,-668.4786964812554,1111.0933102164684
constraint_aware_weekly,split_policy_dynamics,5,1569.970744135485,39.00587586764583,3347.4375930999245
constraint_aware_weekly,split_policy_dynamics,6,4653.6690232234,2942.354522311564,6516.278660815121
constraint_aware_weekly,split_policy_dynamics,7,7844.762322309159,5383.887660656549,10548.496507908823
constraint_aware_weekly,split_policy_dynamics,8,19272.28870546877,15400.771420565668,22579.671127655114
constraint_aware_weekly,split_policy_dynamics,9,31310.84938122649,27554.50641270308,35156.684280903595
constraint_aware_weekly,split_policy_dynamics,10,50894.820604674984,44688.639823775426,56962.84943676606
constraint_aware_weekly,split_policy_dynamics,11,71459.28530141876,63711.449159312186,76926.4051626911
constraint_aware_weekly,split_policy_dynamics,12,95827.23961616312,82517.50008743156,105605.4122715997
constraint_aware_weekly,split_policy_dynamics,13,121051.73581028433,110229.99331440817,129351.88751288671
constraint_aware_weekly,split_policy_dynamics,14,142683.23606420666,133306.1648006941,151290.96064270192
constraint_aware_weekly,split_policy_dynamics,15,163672.4934621938,154979.75353297635,172529.92216064193
constraint_aware_weekly,split_policy_dynamics,16,186646.01676420387,175902.13028804553,194964.8773260171
constraint_aware_weekly,split_policy_dynamics,17,206381.42746046174,197511.26628175104,217632.30574610617
constraint_aware_weekly,split_policy_dynamics,18,227571.4102729673,217360.82852224074,239920.70169151286
constraint_aware_weekly,split_policy_dynamics,19,251385.23057705004,241376.0108354983,260520.71872932272
constraint_aware_weekly,split_policy_dynamics,20,275020.47116080095,259364.8219896585,284947.14626158256
constraint_aware_weekly,split_policy_dynamics,21,296740.70560997905,282314.7440581297,305789.6611965192
constraint_aware_weekly,split_policy_dynamics,22,317927.847094207,304222.1101546971,328770.7641990499
constraint_aware_weekly,split_policy_dynamics,23,341605.71881466,327663.0940363321,353114.2508651262
constraint_aware_weekly,split_policy_dynamics,24,365823.8398274589,350094.4574209473,378072.39640170016
constraint_aware_weekly,split_policy_dynamics,25,577457.044859453,556436.917073072,594115.2855015894
double_dqn,adverse_stress,0,0.0,0.0,0.0
double_dqn,adverse_stress,1,0.0,0.0,0.0
double_dqn,adverse_stress,2,0.0,0.0,0.0
double_dqn,adverse_stress,3,0.0,0.0,0.0
double_dqn,adverse_stress,4,262.15815061484574,-56.92541025849903,576.4020484126146
double_dqn,adverse_stress,5,270.64018927205166,-1130.8663358166798,1540.1783781019776
double_dqn,adverse_stress,6,2320.6340833601735,581.4911024974399,4135.350169970934
double_dqn,adverse_stress,7,4707.967751914249,2236.343706371144,8030.468206522755
double_dqn,adverse_stress,8,11680.262829412444,7097.919133689203,16965.11086301465
double_dqn,adverse_stress,9,18010.14828365709,11462.816495636831,25446.2823896451
double_dqn,adverse_stress,10,24933.55657306951,17970.069010263273,34057.120404119414
double_dqn,adverse_stress,11,32875.69139112061,22418.429773358366,45626.58434821059
double_dqn,adverse_stress,12,45556.43195897759,31094.06669098382,62430.78687395572
double_dqn,adverse_stress,13,58342.52645940122,39732.801214039326,78285.06508600975
double_dqn,adverse_stress,14,69822.15996384042,47777.30002825967,93460.91947396066
double_dqn,adverse_stress,15,80684.72451887136,56260.18797665329,105768.56945854652
double_dqn,adverse_stress,16,90591.91661419178,65007.41632504699,118863.78694042437
double_dqn,adverse_stress,17,99686.48407028649,71590.24496973309,128920.51011285899
double_dqn,adverse_stress,18,105923.07902615647,74766.87410994661,137520.1302927551
double_dqn,adverse_stress,19,115249.60094648723,82080.0880183748,149858.45654683412
double_dqn,adverse_stress,20,124557.6747595964,90280.10627023851,160428.5747894023
double_dqn,adverse_stress,21,134334.79413721393,96144.82978972585,172853.39642064666
double_dqn,adverse_stress,22,141404.36963752893,101209.38223133866,180461.15064350032
double_dqn,adverse_stress,23,148899.3860238278,106344.98175280196,189646.47599651554
double_dqn,adverse_stress,24,155840.116242676,111810.24414478014,199010.1707638052
double_dqn,adverse_stress,25,230768.71116095353,165917.63863669793,294883.69317210297
double_dqn,base_market,0,0.0,0.0,0.0
double_dqn,base_market,1,0.0,0.0,0.0
double_dqn,base_market,2,0.0,0.0,0.0
double_dqn,base_market,3,0.0,0.0,0.0
double_dqn,base_market,4,561.5940116155965,177.6082906842563,971.4171156611363
double_dqn,base_market,5,1174.0798944696983,-192.91521798993324,2383.793172939764
double_dqn,base_market,6,2989.9207233886737,583.240912253052,5418.349023718386
double_dqn,base_market,7,5571.435265360604,2795.9341379578814,9170.072803274215
double_dqn,base_market,8,9727.890143267077,5755.22284093911,13987.463439533483
double_dqn,base_market,9,14423.867951157385,9307.653631656282,21258.061834159034
double_dqn,base_market,10,22113.912486382895,14813.307077186797,28902.59732825757
double_dqn,base_market,11,29924.686696459958,19175.752981040478,40562.96775129595
double_dqn,base_market,12,39356.720144569736,24928.16086237155,51607.55093328266
double_dqn,base_market,13,49277.274711033155,33030.01033987751,64925.82248263542
double_dqn,base_market,14,60108.932751470995,41417.45960775993,78774.73644706895
double_dqn,base_market,15,70842.00714547113,47798.00635559018,93690.96530767411
double_dqn,base_market,16,82895.17820480856,56521.81043315801,107862.43361180501
double_dqn,base_market,17,94057.72874412377,65630.50597737984,121690.22211500246
double_dqn,base_market,18,104182.9033406647,71741.475737789,134697.97949656626
double_dqn,base_market,19,114068.56442389438,77373.611131487,147948.8316397832
double_dqn,base_market,20,123235.23111733618,84704.74250442864,161405.47559214509
double_dqn,base_market,21,132372.6189935274,91973.45775659652,172268.32002247934
double_dqn,base_market,22,140770.4688634265,99068.4613083234,183434.03043294454
double_dqn,base_market,23,150778.52287773552,107727.67408379845,197189.9228379753
double_dqn,base_market,24,160290.5189987239,114878.6123794281,209180.01081011054
double_dqn,base_market,25,263056.8094640306,187545.8429727153,339122.91052406945
double_dqn,class_imbalance_shift,0,0.0,0.0,0.0
double_dqn,class_imbalance_shift,1,0.0,0.0,0.0
double_dqn,class_imbalance_shift,2,0.0,0.0,0.0
double_dqn,class_imbalance_shift,3,0.0,0.0,0.0
double_dqn,class_imbalance_shift,4,493.44981614317015,269.0353439415939,703.5989924996387
double_dqn,class_imbalance_shift,5,1506.5621782326373,522.7871078888122,2562.7085953803876
double_dqn,class_imbalance_shift,6,3271.9935036662846,1893.297090398079,4938.186064422277
double_dqn,class_imbalance_shift,7,5136.646596028281,3118.6556277148943,7542.968266484635
double_dqn,class_imbalance_shift,8,9596.415407172295,5408.1440949798925,14210.47738735587
double_dqn,class_imbalance_shift,9,16110.585492978169,10382.037779860622,22723.86109766061
double_dqn,class_imbalance_shift,10,21259.564909465407,12658.220379168848,29612.613195999285
double_dqn,class_imbalance_shift,11,28229.946660856014,17085.19628915178,39043.067256450704
double_dqn,class_imbalance_shift,12,40431.84247474811,27514.8126175438,55286.29024627811
double_dqn,class_imbalance_shift,13,47978.73833571002,33470.25623954407,64034.527626341216
double_dqn,class_imbalance_shift,14,58560.47097163769,42093.73267425225,78087.99572034841
double_dqn,class_imbalance_shift,15,65762.54854782687,47515.59929768319,85476.01193545345
double_dqn,class_imbalance_shift,16,76293.0648421389,54411.358266200084,98847.48084761533
double_dqn,class_imbalance_shift,17,89474.99466180163,63137.145949012396,118024.0098968458
double_dqn,class_imbalance_shift,18,97892.69085015338,69447.92806038645,126817.50395216177
double_dqn,class_imbalance_shift,19,107036.81784292898,76347.81931418656,137803.41540798024
double_dqn,class_imbalance_shift,20,117499.63173692087,82383.11731781843,150081.93435922507
double_dqn,class_imbalance_shift,21,127958.5432604433,91882.73256644513,163780.97910057494
double_dqn,class_imbalance_shift,22,135746.8062553848,99490.91762379951,173264.8997959567
double_dqn,class_imbalance_shift,23,142977.1325494354,104329.38945773404,182603.54619116307
double_dqn,class_imbalance_shift,24,151585.4019311767,110533.26467774142,194327.031348957
double_dqn,class_imbalance_shift,25,248030.65384970265,176036.99447180144,313369.31363602675
double_dqn,drift,0,0.0,0.0,0.0
double_dqn,drift,1,0.0,0.0,0.0
double_dqn,drift,2,0.0,0.0,0.0
double_dqn,drift,3,0.0,0.0,0.0
double_dqn,drift,4,322.4552985625937,52.294166028058065,585.8745466895043
double_dqn,drift,5,819.3326650037264,-565.3292226506989,2317.5182485306873
double_dqn,drift,6,2404.4180825681815,-455.7380301523355,5178.185053976777
double_dqn,drift,7,4320.449670765371,2204.6761725319484,6674.815727430334
double_dqn,drift,8,8813.028019185183,6028.731889094464,12662.753453408946
double_dqn,drift,9,14426.98319427631,10326.619128973298,18789.86854955672
double_dqn,drift,10,21790.866411528026,14467.06879716205,29572.004736066345
double_dqn,drift,11,31867.686396007517,21707.21855100498,42123.22321773528
double_dqn,drift,12,43099.84596941805,28764.229295469468,56859.320604453904
double_dqn,drift,13,53380.910867127466,36351.04622444518,70393.55256227053
double_dqn,drift,14,64748.09703808295,42990.50736791733,84068.84095053194
double_dqn,drift,15,75356.93550482685,49261.65323554071,100615.40621223515
double_dqn,drift,16,86397.79706183549,56781.86690292429,113585.69160942924
double_dqn,drift,17,96736.18205720304,62813.04679316535,127422.59678752476
double_dqn,drift,18,104787.36885454158,67499.39325852302,138634.87865492832
double_dqn,drift,19,114553.45032844176,73211.81612673892,150399.7501281934
double_dqn,drift,20,123321.41762518008,79765.08938234391,160502.93506739062
double_dqn,drift,21,132454.22707281905,87361.77296045083,172386.6827263515
double_dqn,drift,22,141964.44780202385,93055.63958671616,184495.77145259918
double_dqn,drift,23,149972.9274536818,96129.40970566073,192943.98534619293
double_dqn,drift,24,157760.13933441797,103826.81405533945,201890.877779691
double_dqn,drift,25,240280.44545678303,162949.90616046634,308496.03418256354
double_dqn,noise,0,0.0,0.0,0.0
double_dqn,noise,1,0.0,0.0,0.0
double_dqn,noise,2,0.0,0.0,0.0
double_dqn,noise,3,0.0,0.0,0.0
double_dqn,noise,4,-3.2145840796854728,-760.2871366019936,550.8656538746216
double_dqn,noise,5,822.7766568544075,-492.7610400171363,1990.7447764236274
double_dqn,noise,6,2758.586100992869,1179.5735286588672,4347.43156307329
double_dqn,noise,7,5832.746884718176,3462.1313241749394,8183.647914331006
double_dqn,noise,8,10553.365106719188,6727.594531185003,15232.163721659423
double_dqn,noise,9,15901.382320792278,11594.22729794637,20763.19782058726
double_dqn,noise,10,24164.78325523656,17809.508600783334,31037.216892365213
double_dqn,noise,11,36542.657702122124,27765.43877965861,46441.55869753599
double_dqn,noise,12,49667.28915875501,37770.58235646624,62280.346718937864
double_dqn,noise,13,63459.66671878227,48318.54337582867,81369.41619283511
double_dqn,noise,14,73159.16103771712,55208.10344960059,93664.78332633992
double_dqn,noise,15,84807.92436527579,63812.26815654597,107869.32126678992
double_dqn,noise,16,96419.62987485852,73799.69285023444,123011.44328706477
double_dqn,noise,17,106200.17819205915,80637.16779116435,134915.9441212321
double_dqn,noise,18,117721.47937234078,87971.35380428642,150227.03474910036
double_dqn,noise,19,129820.66202514252,97083.96701417553,165140.68484501186
double_dqn,noise,20,141322.85812991028,106260.42641893658,178319.0865499844
double_dqn,noise,21,151742.64946853157,115429.89809833211,188898.10313271653
double_dqn,noise,22,161990.6884611693,123433.9274400568,200819.99711716248
double_dqn,noise,23,173299.45913380364,134130.2303199398,213647.2938222167
double_dqn,noise,24,183171.02769828463,143880.86166763355,225298.9380092674
double_dqn,noise,25,303317.70078638993,238922.72550773356,367683.2326478314
double_dqn,split_policy_dynamics,0,0.0,0.0,0.0
double_dqn,split_policy_dynamics,1,0.0,0.0,0.0
double_dqn,split_policy_dynamics,2,0.0,0.0,0.0
double_dqn,split_policy_dynamics,3,0.0,0.0,0.0
double_dqn,split_policy_dynamics,4,251.5917169680744,-257.15187801259685,634.3176586416503
double_dqn,split_policy_dynamics,5,1339.9896485195998,588.5624001221407,1847.849896893722
double_dqn,split_policy_dynamics,6,1569.5476039213263,61.36993674263749,2784.141799113564
double_dqn,split_policy_dynamics,7,5120.165313706635,2499.9092279148426,7356.272950077545
double_dqn,split_policy_dynamics,8,11186.191340169571,7265.021948027702,15004.979912445915
double_dqn,split_policy_dynamics,9,16466.201110109007,9816.92189259408,24520.560388650236
double_dqn,split_policy_dynamics,10,25682.45634602568,17887.08983217448,36160.575791099654
double_dqn,split_policy_dynamics,11,35732.65378783247,24679.391171904677,49282.43295358698
double_dqn,split_policy_dynamics,12,45042.32215720273,31308.111914740053,61165.83298020739
double_dqn,split_policy_dynamics,13,56698.28007335297,38503.06686268073,76080.7968207951
double_dqn,split_policy_dynamics,14,66447.39864475897,44473.92406014884,88580.62631308998
double_dqn,split_policy_dynamics,15,77512.03786270107,51579.104570197516,102990.1962710325
double_dqn,split_policy_dynamics,16,90078.56782311096,60151.12063847328,121554.80395709997
double_dqn,split_policy_dynamics,17,100081.23931218793,66942.43827663774,133229.06456303853
double_dqn,split_policy_dynamics,18,111751.27824573872,75748.62731239325,148163.6494773215
double_dqn,split_policy_dynamics,19,120914.72500296292,81980.06749703707,161470.01373823133
double_dqn,split_policy_dynamics,20,132519.74665428468,87811.54151805969,176836.2548220373
double_dqn,split_policy_dynamics,21,141571.1538076718,94641.62808481573,187840.11222215032
double_dqn,split_policy_dynamics,22,152601.28598952756,102314.89666499443,203144.1193611444
double_dqn,split_policy_dynamics,23,160841.246041416,108722.90668354744,213015.38473941098
double_dqn,split_policy_dynamics,24,170100.22588323682,113927.3280861424,225220.65097184537
double_dqn,split_policy_dynamics,25,267344.46519253246,180194.0414813312,352662.3840150741
dqn,adverse_stress,0,0.0,0.0,0.0
dqn,adverse_stress,1,0.0,0.0,0.0
dqn,adverse_stress,2,0.0,0.0,0.0
dqn,adverse_stress,3,0.0,0.0,0.0
dqn,adverse_stress,4,261.59965819285713,-148.19247222793643,630.698097379971
dqn,adverse_stress,5,1475.0167906088827,-4.361236377414934,3028.4470077508863
dqn,adverse_stress,6,4362.265195412887,2706.7333258744147,6469.157955117002
dqn,adverse_stress,7,7046.0866028552855,4689.485513841794,10522.575916571963
dqn,adverse_stress,8,15151.496243869828,10046.984398083016,21494.866023525483
dqn,adverse_stress,9,25096.785686121817,18215.673171891598,34122.50133041256
dqn,adverse_stress,10,34498.0907774869,26313.806968658206,44469.834360923836
dqn,adverse_stress,11,44664.47921624727,33818.79752190315,57559.86068256762
dqn,adverse_stress,12,60782.46792631262,46890.80327739365,77922.29839676771
dqn,adverse_stress,13,78255.78125181007,60944.04472181154,98806.13396446788
dqn,adverse_stress,14,93151.58170626283,71970.14217066855,119100.06564647338
dqn,adverse_stress,15,107212.80049854513,84288.45155592191,136834.74149739443
dqn,adverse_stress,16,122570.59629612211,96717.90825009295,153913.19919738977
dqn,adverse_stress,17,133644.92664040314,106713.70248058993,168381.58191689086
dqn,adverse_stress,18,142013.17642480886,112503.78062197354,178460.71671305527
dqn,adverse_stress,19,155013.16169934013,121513.26670780964,193522.75138684176
dqn,adverse_stress,20,166722.81497330207,133831.2375398268,205063.17512685445
dqn,adverse_stress,21,177679.3964000673,142482.27767581894,218896.63531039987
dqn,adverse_stress,22,188911.8477700774,151326.59777992338,232819.16228306867
dqn,adverse_stress,23,198363.26856314347,161326.92915029923,242067.9431205364
dqn,adverse_stress,24,207530.11130300062,167810.86346591724,255576.9449675958
dqn,adverse_stress,25,303337.727721865,250725.2538222018,377619.87269779295
dqn,base_market,0,0.0,0.0,0.0
dqn,base_market,1,0.0,0.0,0.0
dqn,base_market,2,0.0,0.0,0.0
dqn,base_market,3,0.0,0.0,0.0
dqn,base_market,4,716.9913426692775,386.7412434386062,1061.158323993846
dqn,base_market,5,1438.0996300118184,45.6390000616783,2565.958627753517
dqn,base_market,6,3573.7928548223263,916.1782469440201,5981.990423297551
dqn,base_market,7,6897.5862946806765,3504.53943750833,11325.296938575277
dqn,base_market,8,13038.404465013404,9029.266959225612,18755.423268414554
dqn,base_market,9,21090.704132259718,16399.237727592146,28365.274488256433
dqn,base_market,10,31799.549442444182,25608.695565176786,40915.57165298108
dqn,base_market,11,42106.6869786135,33063.0023015919,53654.634391262465
dqn,base_market,12,54045.58941750825,43336.3637240869,68622.4924289581
dqn,base_market,13,68416.17730592556,53473.23164160694,86954.69832878748
dqn,base_market,14,83041.454526561,66232.27524516128,105187.79866192518
dqn,base_market,15,97328.97655134177,78817.09796600882,121874.49464539065
dqn,base_market,16,116364.36875170546,95288.38427182511,147129.98072260048
dqn,base_market,17,130336.29686256441,106387.32909741237,162624.9751550774
dqn,base_market,18,143316.83328284274,115623.05542983003,181464.59683980723
dqn,base_market,19,155689.18654888278,127389.39898223754,196022.13215916534
dqn,base_market,20,169760.98724594805,138427.19289255058,213070.2189617527
dqn,base_market,21,183392.56373613185,149392.04975215302,229779.07158267996
dqn,base_market,22,197072.8831008176,160316.15905432223,247259.41822660813
dqn,base_market,23,211112.33806880531,170321.74584664794,266859.72666902613
dqn,base_market,24,224494.43540056588,182071.75941765215,283142.6092835961
dqn,base_market,25,368498.1668155146,298057.8987437036,466367.06114491785
dqn,class_imbalance_shift,0,0.0,0.0,0.0
dqn,class_imbalance_shift,1,0.0,0.0,0.0
dqn,class_imbalance_shift,2,0.0,0.0,0.0
dqn,class_imbalance_shift,3,0.0,0.0,0.0
dqn,class_imbalance_shift,4,569.3896960364301,365.1635471326992,765.9809539856903
dqn,class_imbalance_shift,5,2138.808822761635,1210.822412084452,3091.4235583056166
dqn,class_imbalance_shift,6,4414.704554357906,2905.674557899248,6387.993687409987
dqn,class_imbalance_shift,7,8359.644419279633,5936.749116832608,11939.138142845773
dqn,class_imbalance_shift,8,14058.765247036448,9692.133456887615,19121.93898893442
dqn,class_imbalance_shift,9,22826.32701054837,16552.209455525448,30856.62828512587
dqn,class_imbalance_shift,10,31045.89028259889,22177.16609490679,42409.05156573423
dqn,class_imbalance_shift,11,39847.09184764309,29841.06279516924,52564.47629638768
dqn,class_imbalance_shift,12,56783.821197029414,43835.39808763378,74883.35945492762
dqn,class_imbalance_shift,13,68063.64881894623,53632.91079783437,87743.46731858526
dqn,class_imbalance_shift,14,84054.75472734525,66371.69341461295,108804.69479045636
dqn,class_imbalance_shift,15,93195.48827867315,74096.23635652859,120092.13773957103
dqn,class_imbalance_shift,16,104969.89628385719,83464.96933779796,135414.86385761923
dqn,class_imbalance_shift,17,123603.53083429912,97514.1992756117,160789.97388073136
dqn,class_imbalance_shift,18,134345.93007468127,107770.21787547562,173182.30672623118
dqn,class_imbalance_shift,19,146498.69989715892,116907.3660513324,190077.5947529866
dqn,class_imbalance_shift,20,160588.68562596253,128477.73320820696,207571.89747798126
dqn,class_imbalance_shift,21,175512.12627921518,140585.64100563945,226218.703413165
dqn,class_imbalance_shift,22,184828.89321965465,146451.80245357688,239786.91131679728
dqn,class_imbalance_shift,23,194598.46450765416,155324.38349106448,250720.1644565322
dqn,class_imbalance_shift,24,206317.86879810478,165999.6931957858,265434.94799021713
dqn,class_imbalance_shift,25,339234.6549549096,270070.18573365064,431503.411509162
dqn,drift,0,0.0,0.0,0.0
dqn,drift,1,0.0,0.0,0.0
dqn,drift,2,0.0,0.0,0.0
dqn,drift,3,0.0,0.0,0.0
dqn,drift,4,510.488344768314,241.93982378495312,785.2726505690518
dqn,drift,5,764.3606771145505,-640.4866185510216,2491.581036741032
dqn,drift,6,2777.2225659709916,-491.10755950367945,6238.894199795811
dqn,drift,7,6510.102925205033,4268.470059944893,9993.056723047443
dqn,drift,8,13556.313730782384,10765.186111945812,17531.573726726496
dqn,drift,9,21241.02352619411,16734.483869543532,27601.4963420051
dqn,drift,10,31853.564093307,25351.078693631847,41006.19689594063
dqn,drift,11,45966.709500686324,36701.70286414656,58874.967459641375
dqn,drift,12,61784.94270762655,51156.447493588574,79056.49607934056
dqn,drift,13,75336.99287751612,62487.54714345215,95823.01314118956
dqn,drift,14,89127.31951201182,72150.28906521644,112012.7676015273
dqn,drift,15,104338.12401179707,86478.81559564058,131119.70650477547
dqn,drift,16,118446.92299773735,98168.19114891015,148970.55875877984
dqn,drift,17,129534.08205421471,103005.27636105167,162642.02945891902
dqn,drift,18,140261.66872644814,112517.07603429075,175769.05123847624
dqn,drift,19,154380.11641565015,125172.57499681802,193856.59664596562
dqn,drift,20,166921.72833087665,135419.17127606078,210203.15516648226
dqn,drift,21,179735.5958872156,147694.3443830144,226362.81749608874
dqn,drift,22,190704.11856945723,154451.6131281931,239493.9973929484
dqn,drift,23,201029.7472462185,160372.72750414073,255000.6321489798
dqn,drift,24,213451.70467308184,173040.25859016742,271782.5424124003
dqn,drift,25,332791.0214803585,265774.7655595805,421635.9432253267
dqn,noise,0,0.0,0.0,0.0
dqn,noise,1,0.0,0.0,0.0
dqn,noise,2,0.0,0.0,0.0
dqn,noise,3,0.0,0.0,0.0
dqn,noise,4,-62.13198114800773,-759.882773307846,580.5190519879601
dqn,noise,5,317.14996488841854,-1659.8903783634148,2175.524023505665
dqn,noise,6,2144.2144902721557,-566.9130043023717,4262.058764495008
dqn,noise,7,5661.093102468682,2917.681365354953,8129.748978902157
dqn,noise,8,12201.4971963818,9084.031843187493,16274.273462189958
dqn,noise,9,18406.013276865055,14569.492781208322,23496.64754260965
dqn,noise,10,28711.31297500343,23487.822899021106,34581.222339154556
dqn,noise,11,45136.89320503568,39102.70515354703,54377.35369484025
dqn,noise,12,61232.91530525736,52631.70632618777,72723.55376454024
dqn,noise,13,77890.06519468156,66266.77657690684,94322.34732481523
dqn,noise,14,91482.30142502568,78540.77634835063,111118.86285511067
dqn,noise,15,107088.24383764032,91811.72595989087,128772.61189119991
dqn,noise,16,121926.98376414872,105477.83915098195,145790.46997463208
dqn,noise,17,134057.62993791656,116985.91166303295,159443.52341019455
dqn,noise,18,147448.05797564736,127368.20777689188,177006.76864470934
dqn,noise,19,162311.00118731704,138394.01311324848,195263.6299276433
dqn,noise,20,176577.106880325,152183.86982522038,211931.9386477704
dqn,noise,21,189554.98952927647,164594.5840752283,225404.52769664742
dqn,noise,22,203699.33044643735,178308.91594916093,242360.57282555857
dqn,noise,23,216948.54690236776,189576.13899963986,257596.54334218378
dqn,noise,24,228451.7583160952,199959.69174148512,269958.7095411392
dqn,noise,25,376768.2647705223,324797.06235359854,447767.95995345677
dqn,split_policy_dynamics,0,0.0,0.0,0.0
dqn,split_policy_dynamics,1,0.0,0.0,0.0
dqn,split_policy_dynamics,2,0.0,0.0,0.0
dqn,split_policy_dynamics,3,0.0,0.0,0.0
dqn,split_policy_dynamics,4,94.69902122760668,-435.18730953763196,663.7204493925211
dqn,split_policy_dynamics,5,1634.028062673255,765.2565070157949,2456.224301656103
dqn,split_policy_dynamics,6,2274.6691251367047,570.4725109200308,3834.5577289517196
dqn,split_policy_dynamics,7,7359.186571881695,5029.963410117039,9726.36748217643
dqn,split_policy_dynamics,8,16137.127776759551,12575.633962713064,20468.105542751884
dqn,split_policy_dynamics,9,23487.68332389921,17650.11121775829,31232.20436480584
dqn,split_policy_dynamics,10,35307.53001311976,27974.35871191582,46578.613955995665
dqn,split_policy_dynamics,11,46042.22839175708,36979.003757199556,58269.35778603065
dqn,split_policy_dynamics,12,60111.83438223739,47090.400215635644,75606.78683908688
dqn,split_policy_dynamics,13,73858.73816155056,57738.200325158665,95170.79377709242
dqn,split_policy_dynamics,14,85908.89968416597,66383.44154342702,109761.97047069923
dqn,split_policy_dynamics,15,99877.3911336995,79002.2123087332,127599.72568789934
dqn,split_policy_dynamics,16,116961.16191268947,91316.6704665263,151826.5347890869
dqn,split_policy_dynamics,17,132505.08169869403,104595.89860207582,170008.66233448684
dqn,split_policy_dynamics,18,147399.1453326768,117885.63158185779,189368.23848125606
dqn,split_policy_dynamics,19,162218.30681755464,130105.8490833529,208188.51652387186
dqn,split_policy_dynamics,20,177970.7397380031,140839.95498192662,227632.1261877737
dqn,split_policy_dynamics,21,189736.2525548516,150793.90224758143,241519.76998563958
dqn,split_policy_dynamics,22,203005.39737738032,161866.96006996106,260911.9133844891
dqn,split_policy_dynamics,23,215351.52724419933,171850.69003772017,273079.504987888
dqn,split_policy_dynamics,24,229791.06394615144,183147.5785802706,290845.8669222599
dqn,split_policy_dynamics,25,366238.51064948033,289479.6475231421,464206.01095908886
ppo,adverse_stress,0,0.0,0.0,0.0
ppo,adverse_stress,1,0.0,0.0,0.0
ppo,adverse_stress,2,0.0,0.0,0.0
ppo,adverse_stress,3,0.0,0.0,0.0
ppo,adverse_stress,4,-243.15075151362223,-974.6159035262909,350.2263026198491
ppo,adverse_stress,5,750.9958399100527,-945.029551346111,2538.3976435534637
ppo,adverse_stress,6,4018.787024160085,1814.2115781063753,5832.010050564286
ppo,adverse_stress,7,7469.029291006201,4586.2754182232575,9815.966381352675
ppo,adverse_stress,8,16895.933497951875,12611.129334927618,20702.777542730826
ppo,adverse_stress,9,26911.38157311486,22306.310524943114,30832.69853289588
ppo,adverse_stress,10,36590.50981011423,32829.977310588816,39890.14057218017
ppo,adverse_stress,11,47911.6354971611,41443.8365768383,52106.53426480993
ppo,adverse_stress,12,65787.66914406333,59315.07177548373,70720.5650070384
ppo,adverse_stress,13,82689.3217280002,75338.11280469748,88581.81820510609
ppo,adverse_stress,14,97669.84993502816,89698.7601682827,106863.7238003285
ppo,adverse_stress,15,112547.95419945107,102410.00327954174,122667.05308494791
ppo,adverse_stress,16,128918.6605080797,118236.74884851051,138740.32260003668
ppo,adverse_stress,17,142536.01923302567,133969.51541502762,151086.3444426373
ppo,adverse_stress,18,154066.0971561662,144758.85355265345,162724.56616274247
ppo,adverse_stress,19,168419.67994881948,155745.17361538825,179785.0391281797
ppo,adverse_stress,20,181301.03014088774,169707.4433043737,191498.0457364438
ppo,adverse_stress,21,192820.72509473932,178867.6322828043,205650.8398494581
ppo,adverse_stress,22,206423.24166507917,193867.64513560146,217886.8570118098
ppo,adverse_stress,23,213525.75251423402,200066.1355577053,227874.16155216523
ppo,adverse_stress,24,223514.25750030912,208122.44772027232,238712.85015013212
ppo,adverse_stress,25,325497.4115521174,309315.44948489877,346261.5374104267
ppo,base_market,0,0.0,0.0,0.0
ppo,base_market,1,0.0,0.0,0.0
ppo,base_market,2,0.0,0.0,0.0
ppo,base_market,3,0.0,0.0,0.0
ppo,base_market,4,768.0460642852746,-8.927733527637411,1314.0486830918517
ppo,base_market,5,1761.7911217311612,473.99333805130277,3186.7743436806136
ppo,base_market,6,3583.7686244334623,425.83743637588543,6552.783830072149
ppo,base_market,7,10010.422361783836,6429.021265124333,13162.758952678276
ppo,base_market,8,16682.51594811884,13194.053853245137,20068.958629083892
ppo,base_market,9,25276.952431415662,22657.7813863685,27846.35830756328
ppo,base_market,10,36157.7129511833,33339.011708440485,38924.17921436235
ppo,base_market,11,47790.20324530572,41829.863164621376,53491.803588611794
ppo,base_market,12,62195.26981968924,56686.92644429799,67912.09990322731
ppo,base_market,13,79369.50479996834,74671.97279217209,84595.72414006604
ppo,base_market,14,94283.70155639613,88954.00872489864,99993.56504513683
ppo,base_market,15,108301.35021850344,102770.35785505775,114351.90932964701
ppo,base_market,16,126440.93159552466,121913.84004693595,131314.2297154552
ppo,base_market,17,142127.09095991097,135692.8444679055,149263.77055912165
ppo,base_market,18,156723.10150710552,149076.52079041398,163833.79662952144
ppo,base_market,19,172065.98005170538,164259.87806208467,179463.99958738146
ppo,base_market,20,186339.52963777678,178637.17793431893,194565.94132321564
ppo,base_market,21,199876.6444218139,191735.6582427739,207008.50255427364
ppo,base_market,22,215034.95426839835,206280.6256438834,223687.0011571913
ppo,base_market,23,227898.58357511228,218942.92535231714,237137.12858730083
ppo,base_market,24,243003.12036108715,232630.59054665596,253079.8693597196
ppo,base_market,25,389654.34390121064,377103.0559714635,400375.4091755982
ppo,class_imbalance_shift,0,0.0,0.0,0.0
ppo,class_imbalance_shift,1,0.0,0.0,0.0
ppo,class_imbalance_shift,2,0.0,0.0,0.0
ppo,class_imbalance_shift,3,0.0,0.0,0.0
ppo,class_imbalance_shift,4,166.6440353652558,-452.18985857763806,655.8423730357644
ppo,class_imbalance_shift,5,1611.185469211756,479.1243114186583,2779.1753811751637
ppo,class_imbalance_shift,6,3439.7587015792037,2146.3644043105164,5198.410977566061
ppo,class_imbalance_shift,7,7283.876044409607,5113.935225093291,9522.780218922866
ppo,class_imbalance_shift,8,14032.11113342902,10963.018515135087,17466.046147005607
ppo,class_imbalance_shift,9,22743.482531802398,18968.02907108115,27226.285260847326
ppo,class_imbalance_shift,10,33309.33962858627,28419.365027781907,38379.114613523234
ppo,class_imbalance_shift,11,43611.84474412646,37991.36349106587,49170.9052589666
ppo,class_imbalance_shift,12,59576.22235608642,53864.150714959374,64893.5338484016
ppo,class_imbalance_shift,13,73797.4795637735,68145.23025140289,79197.63377479695
ppo,class_imbalance_shift,14,89852.0894859371,83492.20801043556,96276.09671571782
ppo,class_imbalance_shift,15,102793.73007175258,96175.4798336456,109747.1753227487
ppo,class_imbalance_shift,16,117707.5688789065,110540.68319545119,124888.86863535694
ppo,class_imbalance_shift,17,132928.91807106094,125257.02474194698,142819.46230705502
ppo,class_imbalance_shift,18,144877.5924971879,135930.3976253604,154552.50585684326
ppo,class_imbalance_shift,19,158871.35391457597,149026.54502040715,168610.2851146658
ppo,class_imbalance_shift,20,174192.3107399282,163462.4323376769,182437.2242470102
ppo,class_imbalance_shift,21,188485.21397929298,176834.80522531364,197282.73231955746
ppo,class_imbalance_shift,22,200072.2145921373,189673.33367745273,208773.04007778873
ppo,class_imbalance_shift,23,210783.74612053134,199182.85153267081,220847.27928902174
ppo,class_imbalance_shift,24,221998.9214356681,210581.41037876916,232679.4186351474
ppo,class_imbalance_shift,25,358004.748854189,344407.98714887735,372857.31315743347
ppo,drift,0,0.0,0.0,0.0
ppo,drift,1,0.0,0.0,0.0
ppo,drift,2,0.0,0.0,0.0
ppo,drift,3,0.0,0.0,0.0
ppo,drift,4,403.93904590168205,-173.71593672210895,946.4161255537279
ppo,drift,5,1294.2155321337877,-27.663394151250998,2871.9141857214413
ppo,drift,6,4653.989274434679,1682.0958727327227,7412.113788319422
ppo,drift,7,7646.472477467261,4626.228259338982,10353.65658814274
ppo,drift,8,14565.731565730484,12122.324163566183,17267.357616168814
ppo,drift,9,24075.133760026645,21179.491749844572,27382.98610089261
ppo,drift,10,38189.87769692334,34645.87686348472,42972.66709608565
ppo,drift,11,53411.018325290934,48221.48994680808,59565.482602849064
ppo,drift,12,68561.24991056109,61239.89497187208,76713.03779251508
ppo,drift,13,81803.20207293615,74855.36001636728,90752.38389112696
ppo,drift,14,98490.85798999965,92822.4143483903,105504.62126486095
ppo,drift,15,114975.0371551809,107426.51728927161,123751.90823590154
ppo,drift,16,130396.59731563297,123356.00523281275,138700.35042285602
ppo,drift,17,142012.1642652343,132791.95716850762,150588.35887862573
ppo,drift,18,155811.62895558483,146040.1013114064,163887.85966055712
ppo,drift,19,170429.84179200974,162125.980076014,178178.25040268616
ppo,drift,20,182622.17649803663,173053.49571742016,192910.0698485144
ppo,drift,21,196879.3200912207,186868.37021853,208427.86872143918
ppo,drift,22,209015.52807452634,199176.14642148933,217593.76655718382
ppo,drift,23,218653.1659476218,206262.05858988123,228205.92593005227
ppo,drift,24,233429.778589278,223444.89392994993,243650.41736777994
ppo,drift,25,356424.12401355215,341914.91537976085,367222.46428183187
ppo,noise,0,0.0,0.0,0.0
ppo,noise,1,0.0,0.0,0.0
ppo,noise,2,0.0,0.0,0.0
ppo,noise,3,0.0,0.0,0.0
ppo,noise,4,-38.28102921218584,-748.9707993880886,627.5879335563486
ppo,noise,5,648.2857735791781,-830.5148391425192,2016.4559946963095
ppo,noise,6,3199.762521484847,1217.9058445361,4748.675561259326
ppo,noise,7,7629.975622017903,5478.674871934387,10092.36192240483
ppo,noise,8,15876.773674500902,12511.132635106656,18978.884843975462
ppo,noise,9,24132.505453350295,18469.7917433633,28363.46925932823
ppo,noise,10,34651.96426897667,28844.41537563568,39174.58762061559
ppo,noise,11,49679.3986520665,43290.464108829925,54491.491091167205
ppo,noise,12,65535.72578951631,58530.698864296886,71138.84980021746
ppo,noise,13,82053.80274476601,74254.32371266844,88271.36463236673
ppo,noise,14,96472.92183775979,88988.84475618646,103946.57807881235
ppo,noise,15,112104.43427704525,104833.47329842583,120157.87343968119
ppo,noise,16,126666.77760968068,118266.9532351888,135731.22662288268
ppo,noise,17,139682.08438534717,130774.48381398642,149987.47099781223
ppo,noise,18,154389.8266318886,144959.04621970133,164896.8761148834
ppo,noise,19,169507.6467921758,159350.92622578065,181230.3185155178
ppo,noise,20,185169.2933325103,174333.60999956346,196593.78339143054
ppo,noise,21,198858.15223496125,187799.72831044797,210124.920483345
ppo,noise,22,211385.46943302787,200824.72049479967,221747.1384896287
ppo,noise,23,225291.5904222295,212178.36724095052,237139.89562712106
ppo,noise,24,240296.92548031782,227977.9668599467,251852.74673554613
ppo,noise,25,389200.6823192096,378135.8600037556,399666.4931570371
ppo,split_policy_dynamics,0,0.0,0.0,0.0
ppo,split_policy_dynamics,1,0.0,0.0,0.0
ppo,split_policy_dynamics,2,0.0,0.0,0.0
ppo,split_policy_dynamics,3,0.0,0.0,0.0
ppo,split_policy_dynamics,4,292.58353575807274,-566.0446585292558,856.3344224104058
ppo,split_policy_dynamics,5,1921.9083998114575,507.2779015138709,3044.5011791565
ppo,split_policy_dynamics,6,2018.5940258181645,-683.8386908422304,4334.480395251996
ppo,split_policy_dynamics,7,8081.170147599997,4837.385072672895,10735.941069413875
ppo,split_policy_dynamics,8,16539.1364038391,14125.663435409408,18709.510303438383
ppo,split_policy_dynamics,9,24725.099481101573,21826.003791384304,27239.735864068985
ppo,split_policy_dynamics,10,39260.883536482586,36854.52933456681,42431.85770239906
ppo,split_policy_dynamics,11,53771.23112554456,50795.855067705146,57170.74065603774
ppo,split_policy_dynamics,12,68471.12222812674,64655.549696246424,72486.93930381116
ppo,split_policy_dynamics,13,82772.93247269515,76319.81807325929,88815.7908518006
ppo,split_policy_dynamics,14,100248.30159551586,94986.28168180025,105471.63478139303
ppo,split_policy_dynamics,15,118576.80480821907,114514.72266253408,122683.9405458046
ppo,split_policy_dynamics,16,135166.13961231557,129433.97934941076,141528.96011881027
ppo,split_policy_dynamics,17,152213.52582627969,146924.78140860965,158536.46438251977
ppo,split_policy_dynamics,18,169427.2050813717,164218.54971573772,175174.1392993977
ppo,split_policy_dynamics,19,182984.1319325911,176992.4543366919,189933.38178793545
ppo,split_policy_dynamics,20,200637.04244699873,193972.34031502673,207972.01303868715
ppo,split_policy_dynamics,21,214880.54793682892,208248.11066589723,220804.50737420103
ppo,split_policy_dynamics,22,230005.79703429597,222628.6458315885,237323.54701629747
ppo,split_policy_dynamics,23,243372.39077341693,236219.5603141479,251025.2941258992
ppo,split_policy_dynamics,24,258285.37779475903,250404.65947641988,266052.0368310966
ppo,split_policy_dynamics,25,398297.8738077283,389050.4816584276,409066.47959135607
profit_oriented,adverse_stress,0,0.0,0.0,0.0
profit_oriented,adverse_stress,1,0.0,0.0,0.0
profit_oriented,adverse_stress,2,0.0,0.0,0.0
profit_oriented,adverse_stress,3,0.0,0.0,0.0
profit_oriented,adverse_stress,4,884.6949894376079,152.70982724793464,1495.037511415825
profit_oriented,adverse_stress,5,2769.961286989376,1691.416918121745,4120.183467082933
profit_oriented,adverse_stress,6,5654.561010808872,3144.1145366325095,8719.046767389867
profit_oriented,adverse_stress,7,14091.118479489349,10968.817073134442,18052.47233263008
profit_oriented,adverse_stress,8,21600.82313735275,16863.54179305456,25701.40406273503
profit_oriented,adverse_stress,9,38016.98926152532,30931.643812649218,43554.14832734843
profit_oriented,adverse_stress,10,54214.25149600071,47786.80762890373,58490.61920336382
profit_oriented,adverse_stress,11,72635.35384780014,64966.80647797804,78938.78679228673
profit_oriented,adverse_stress,12,96971.02585917017,88679.27439783832,103637.30620601073
profit_oriented,adverse_stress,13,114636.88198060634,104324.17255885091,125639.24854635476
profit_oriented,adverse_stress,14,136111.373297998,125956.06760866378,146878.88045023437
profit_oriented,adverse_stress,15,159586.72843100157,148610.3872024681,167707.92585652007
profit_oriented,adverse_stress,16,178554.6284917814,169804.03269017025,187048.07250561137
profit_oriented,adverse_stress,17,198323.9678397158,187266.26167918323,209069.13631468604
profit_oriented,adverse_stress,18,215692.1302864822,204572.39063060036,226016.1080241575
profit_oriented,adverse_stress,19,236808.56510669968,224410.44981613097,246495.1459577716
profit_oriented,adverse_stress,20,252338.86481030588,241284.98525750937,261363.44015473078
profit_oriented,adverse_stress,21,261904.8816561475,249699.71795669646,270655.635917594
profit_oriented,adverse_stress,22,274880.1848127391,265847.5568071067,282263.910395329
profit_oriented,adverse_stress,23,286991.4012182475,276421.2432534466,295466.1674160736
profit_oriented,adverse_stress,24,301624.6005316758,293008.27532082354,309437.18572631595
profit_oriented,adverse_stress,25,442055.94466514327,430367.7825830411,455296.51795249933
profit_oriented,base_market,0,0.0,0.0,0.0
profit_oriented,base_market,1,0.0,0.0,0.0
profit_oriented,base_market,2,0.0,0.0,0.0
profit_oriented,base_market,3,0.0,0.0,0.0
profit_oriented,base_market,4,682.8871752907362,71.27756896556068,1134.9806941052511
profit_oriented,base_market,5,3990.073092643605,3057.6365887567313,4806.860485936451
profit_oriented,base_market,6,7971.380280033055,5472.372106050631,10996.58456364649
profit_oriented,base_market,7,13560.721522805847,10272.820525505393,16899.92652246498
profit_oriented,base_market,8,21378.064108291608,18345.116061844477,24302.69807924762
profit_oriented,base_market,9,32451.52061591156,28544.24077025029,36469.32251591397
profit_oriented,base_market,10,47717.67286920784,43294.920889539884,51187.59208554402
profit_oriented,base_market,11,66261.0101893594,61593.08917928346,71246.56713854907
profit_oriented,base_market,12,87481.35467715118,78901.54504890807,94376.3155652855
profit_oriented,base_market,13,108890.27851946815,98097.28308384371,118501.64494130026
profit_oriented,base_market,14,136118.19403892505,127530.31471341781,145862.9112025691
profit_oriented,base_market,15,159118.68120666742,152280.07867365857,168600.86166093033
profit_oriented,base_market,16,182895.8023229003,174197.11579071393,192981.92364939593
profit_oriented,base_market,17,202889.19822422788,192772.8081991578,213615.68504119694
profit_oriented,base_market,18,223138.20037097228,213619.602038012,230403.19414967552
profit_oriented,base_market,19,246426.31998653684,234057.67564213506,257100.9953038513
profit_oriented,base_market,20,263230.49413451744,250216.43984920607,275740.12900529546
profit_oriented,base_market,21,285800.3300226147,272979.89098098245,298478.08102703665
profit_oriented,base_market,22,304656.68480104534,293637.2723309517,317640.5883794768
profit_oriented,base_market,23,327459.92775108345,317465.54985036806,338719.77622050646
profit_oriented,base_market,24,354976.7919893535,343389.5880618638,367826.2111029595
profit_oriented,base_market,25,586239.2436694681,571214.6467377825,600922.3178292946
profit_oriented,class_imbalance_shift,0,0.0,0.0,0.0
profit_oriented,class_imbalance_shift,1,0.0,0.0,0.0
profit_oriented,class_imbalance_shift,2,0.0,0.0,0.0
profit_oriented,class_imbalance_shift,3,0.0,0.0,0.0
profit_oriented,class_imbalance_shift,4,527.966987848038,4.412047545566401,1070.757790857376
profit_oriented,class_imbalance_shift,5,1624.0764710804463,420.02254945411704,2478.8616237727256
profit_oriented,class_imbalance_shift,6,2072.290463944261,-260.3399906253123,4364.980137593393
profit_oriented,class_imbalance_shift,7,5003.831374489707,1505.1356883579838,8869.562281786111
profit_oriented,class_imbalance_shift,8,11255.209877221632,6042.576176327284,15107.637583823554
profit_oriented,class_imbalance_shift,9,24273.528954837257,20489.285583836674,27635.178292168937
profit_oriented,class_imbalance_shift,10,43600.42127647743,39967.69909402023,47016.82558292714
profit_oriented,class_imbalance_shift,11,59657.87716159257,54800.30043565518,63834.15028731039
profit_oriented,class_imbalance_shift,12,78912.96292170137,75219.52388675923,83788.757981554
profit_oriented,class_imbalance_shift,13,100258.36272438499,95807.44465016446,105402.50758957
profit_oriented,class_imbalance_shift,14,122112.024152307,114060.52759779766,128841.02051237511
profit_oriented,class_imbalance_shift,15,143151.02366442344,134629.70028077986,152133.32054649232
profit_oriented,class_imbalance_shift,16,162828.75308145315,153461.85647962993,174089.65137766002
profit_oriented,class_imbalance_shift,17,182732.50869662524,173837.07637540414,194783.97049529236
profit_oriented,class_imbalance_shift,18,204228.96931032374,195450.14788086034,214101.72615437442
profit_oriented,class_imbalance_shift,19,226988.9524101982,216385.52832651633,236141.04507547696
profit_oriented,class_imbalance_shift,20,250611.74885051453,241531.17823825032,261114.3789052925
profit_oriented,class_imbalance_shift,21,273129.18384731637,261841.18046375597,282955.4356766826
profit_oriented,class_imbalance_shift,22,291040.66701093694,279249.4847113288,301160.3950425083
profit_oriented,class_imbalance_shift,23,311914.09111957427,297579.10113204893,326157.9814388871
profit_oriented,class_imbalance_shift,24,330542.9021589417,314003.78513390734,345021.7887473649
profit_oriented,class_imbalance_shift,25,533623.2894035177,510621.9494326731,551695.5627458101
profit_oriented,drift,0,0.0,0.0,0.0
profit_oriented,drift,1,0.0,0.0,0.0
profit_oriented,drift,2,0.0,0.0,0.0
profit_oriented,drift,3,0.0,0.0,0.0
profit_oriented,drift,4,37.86579066993003,-924.3411672391285,1056.0396321247897
profit_oriented,drift,5,296.66549157847857,-962.2470372408472,1682.2451303839848
profit_oriented,drift,6,2508.873675057522,880.6187404727408,4254.682209006272
profit_oriented,drift,7,8089.531904050232,5762.924129897528,11511.431106652613
profit_oriented,drift,8,15170.538478675206,11937.454659114726,18980.715761124124
profit_oriented,drift,9,27015.116909175627,22620.707339744356,31116.706511705775
profit_oriented,drift,10,40550.428935077696,36201.19436633909,45192.29913904071
profit_oriented,drift,11,61044.488454106926,55215.90018496122,67623.58996158234
profit_oriented,drift,12,82288.12787668107,74705.58098301626,90533.6728798494
profit_oriented,drift,13,104958.3102139661,96781.90425096391,114210.87250136801
profit_oriented,drift,14,125064.24908152281,116128.89989823713,136278.6957556109
profit_oriented,drift,15,149916.29205304754,140760.59996789004,161720.29614163504
profit_oriented,drift,16,171079.27577068677,160182.8057850361,182372.42466769562
profit_oriented,drift,17,192310.44565751453,180622.42172716407,204896.97319562186
profit_oriented,drift,18,208051.20213861947,194409.3939487659,222369.71491258172
profit_oriented,drift,19,231301.82251635904,219834.89375802514,244226.52471041493
profit_oriented,drift,20,252599.2560914054,240958.26533336838,266399.4657645266
profit_oriented,drift,21,266902.29496883036,255933.6672316525,278056.901440168
profit_oriented,drift,22,283591.90822565777,270199.09398632776,298286.54317682347
profit_oriented,drift,23,303520.7731516776,289334.49238029186,317143.21111868205
profit_oriented,drift,24,325791.84247897565,312318.8470595699,341012.6835639822
profit_oriented,drift,25,526083.6154309701,509716.84902452445,544675.5261574994
profit_oriented,noise,0,0.0,0.0,0.0
profit_oriented,noise,1,0.0,0.0,0.0
profit_oriented,noise,2,0.0,0.0,0.0
profit_oriented,noise,3,0.0,0.0,0.0
profit_oriented,noise,4,-390.9138352285376,-1089.5118995061712,356.14273507552025
profit_oriented,noise,5,566.0375159141136,-1975.6149067341719,2251.827068552377
profit_oriented,noise,6,2637.141444305836,-328.5327718989118,5090.541589988453
profit_oriented,noise,7,7927.627069158861,4534.158944430036,11059.71507064196
profit_oriented,noise,8,15068.151603214608,12536.670226152608,17720.729296852725
profit_oriented,noise,9,24678.344755222028,20747.248582777625,28025.48674567273
profit_oriented,noise,10,40303.958153694264,35901.87577939625,44448.712165902725
profit_oriented,noise,11,57602.84213517152,50420.22317603018,63486.49064479777
profit_oriented,noise,12,77246.19861739069,70846.63667146431,82421.10946102616
profit_oriented,noise,13,98364.57978854369,91593.5312125449,104387.20536557076
profit_oriented,noise,14,119638.88631795316,112092.31866809425,125973.05895266616
profit_oriented,noise,15,141622.1372185883,135048.42368129757,148696.83491315748
profit_oriented,noise,16,160886.80617143758,153012.5025620873,168709.73680390374
profit_oriented,noise,17,177914.65181506448,167464.47875903398,187633.05149041396
profit_oriented,noise,18,197869.23241773722,185489.51196898613,210467.10122841212
profit_oriented,noise,19,216920.78690192275,202554.24969543482,232091.1080044461
profit_oriented,noise,20,240464.26023497016,225532.59544484696,256203.91010315623
profit_oriented,noise,21,257869.32833667146,241248.26166572422,273024.27056726225
profit_oriented,noise,22,278161.02385587915,263145.3626657187,295099.9696854552
profit_oriented,noise,23,296384.18083813466,279564.9669939298,312683.67154761264
profit_oriented,noise,24,318508.84357302374,301496.07630209235,336474.04528899794
profit_oriented,noise,25,536454.6396239856,514964.2723430304,555841.9908433747
profit_oriented,split_policy_dynamics,0,0.0,0.0,0.0
profit_oriented,split_policy_dynamics,1,0.0,0.0,0.0
profit_oriented,split_policy_dynamics,2,0.0,0.0,0.0
profit_oriented,split_policy_dynamics,3,0.0,0.0,0.0
profit_oriented,split_policy_dynamics,4,340.86173978661304,-666.7413287157606,1164.5280102092502
profit_oriented,split_policy_dynamics,5,1654.4000035035058,73.03429205412012,3441.744025286439
profit_oriented,split_policy_dynamics,6,4767.044018695909,2944.6130250620176,6571.354912785853
profit_oriented,split_policy_dynamics,7,7725.998394195194,5288.462369385474,10310.968651680892
profit_oriented,split_policy_dynamics,8,19226.403101825348,15205.608247935137,22540.065034304494
profit_oriented,split_policy_dynamics,9,31156.700497169153,27555.02116545929,35209.46838116381
profit_oriented,split_policy_dynamics,10,50808.89304733509,44726.71084724581,56856.48709452818
profit_oriented,split_policy_dynamics,11,71594.31053393419,64637.34918908561,76819.71068466718
profit_oriented,split_policy_dynamics,12,95864.56608311221,83604.0201960109,105089.69114108529
profit_oriented,split_policy_dynamics,13,121185.04410971269,111406.88763679234,129503.25739516834
profit_oriented,split_policy_dynamics,14,142719.14949816457,133455.48047371363,151504.94798817975
profit_oriented,split_policy_dynamics,15,163753.46154210326,154798.59198213293,172754.22690761965
profit_oriented,split_policy_dynamics,16,186761.2691920365,175347.9465762927,194930.7026558088
profit_oriented,split_policy_dynamics,17,206525.97587501447,197053.79794672166,217967.67581874024
profit_oriented,split_policy_dynamics,18,227733.00326558194,217385.375715684,240363.2539510997
profit_oriented,split_policy_dynamics,19,251709.44657063656,241451.67312555684,261011.3942546377
profit_oriented,split_policy_dynamics,20,275384.61000258586,259420.57459991597,285057.0674239665
profit_oriented,split_policy_dynamics,21,297163.5728280299,282428.27311351907,306243.0178673925
profit_oriented,split_policy_dynamics,22,318283.9363299865,303916.3758508884,329671.2574819963
profit_oriented,split_policy_dynamics,23,341901.62285473454,327297.1745368186,353596.5746202148
profit_oriented,split_policy_dynamics,24,366156.62720690825,349771.436578622,378485.0630373109
profit_oriented,split_policy_dynamics,25,577956.2379501867,557353.6964674873,594738.1036571396
risk_aware_weekly,adverse_stress,0,0.0,0.0,0.0
risk_aware_weekly,adverse_stress,1,0.0,0.0,0.0
risk_aware_weekly,adverse_stress,2,0.0,0.0,0.0
risk_aware_weekly,adverse_stress,3,0.0,0.0,0.0
risk_aware_weekly,adverse_stress,4,351.50911860013497,-254.32925342264636,915.9360638613455
risk_aware_weekly,adverse_stress,5,2199.4083327684484,482.1357705183132,3487.2236398567293
risk_aware_weekly,adverse_stress,6,5256.218790249633,3068.0648829779198,7028.958761422548
risk_aware_weekly,adverse_stress,7,7454.138815758302,4930.016498855412,9654.768238400362
risk_aware_weekly,adverse_stress,8,14173.907978898373,10353.87471830446,18000.126274960807
risk_aware_weekly,adverse_stress,9,25181.212131293385,19157.801015683002,30847.911192352778
risk_aware_weekly,adverse_stress,10,36579.71312841328,31352.752929024817,42188.76794936739
risk_aware_weekly,adverse_stress,11,51192.17378564239,46085.71160783258,55248.11615452951
risk_aware_weekly,adverse_stress,12,67721.98792788049,61992.430004819114,72036.36918053852
risk_aware_weekly,adverse_stress,13,85918.16795101172,78881.69119905923,91126.10493506056
risk_aware_weekly,adverse_stress,14,100336.82349698477,91172.16830610581,108695.27590786066
risk_aware_weekly,adverse_stress,15,119262.15448114551,109220.94856718917,128255.5898148986
risk_aware_weekly,adverse_stress,16,133644.60055064716,125576.63757341335,142967.89028625982
risk_aware_weekly,adverse_stress,17,148498.2428046435,137179.33817584702,159941.79433341825
risk_aware_weekly,adverse_stress,18,163685.13355983654,152868.02923235254,173479.7090402014
risk_aware_weekly,adverse_stress,19,173738.62340802647,161698.46443204943,186375.92067935606
risk_aware_weekly,adverse_stress,20,188988.49904467925,176779.02704255565,201584.56173616936
risk_aware_weekly,adverse_stress,21,199870.94403016727,190288.72454135158,210341.26957050964
risk_aware_weekly,adverse_stress,22,211694.51495098378,199752.6529552092,224668.9767839316
risk_aware_weekly,adverse_stress,23,225303.61565063102,212106.5107835272,236039.3410653344
risk_aware_weekly,adverse_stress,24,239610.46106308218,225018.12986304917,252250.40426968553
risk_aware_weekly,adverse_stress,25,341282.4766922816,320469.0232413662,361120.9887398309
risk_aware_weekly,base_market,0,0.0,0.0,0.0
risk_aware_weekly,base_market,1,0.0,0.0,0.0
risk_aware_weekly,base_market,2,0.0,0.0,0.0
risk_aware_weekly,base_market,3,0.0,0.0,0.0
risk_aware_weekly,base_market,4,166.50544626961232,-760.6254234095267,820.8049311080583
risk_aware_weekly,base_market,5,1262.5309152632506,275.2281824590093,2109.7145789587867
risk_aware_weekly,base_market,6,4223.167721054845,1804.7895682033206,5902.413446815722
risk_aware_weekly,base_market,7,9177.3313548747,7533.864868478729,10599.02789098318
risk_aware_weekly,base_market,8,15899.665773437146,13582.891852914758,18584.91570861852
risk_aware_weekly,base_market,9,26447.590996609728,23432.011391350257,29667.04241058755
risk_aware_weekly,base_market,10,40866.99797674629,36422.39964767965,45666.21225575625
risk_aware_weekly,base_market,11,57621.386546246584,52374.30040929606,65746.53190599364
risk_aware_weekly,base_market,12,73731.63926892176,66395.269694418,83585.70784541882
risk_aware_weekly,base_market,13,90283.09686446904,83377.907446557,99639.3835127727
risk_aware_weekly,base_market,14,105295.15420910146,98411.601770797,115499.36579977663
risk_aware_weekly,base_market,15,125303.44925717147,116411.0239228745,135845.37313535722
risk_aware_weekly,base_market,16,141102.142868455,131133.32465523938,152831.31240260263
risk_aware_weekly,base_market,17,155248.46714172626,143751.00350976517,167233.49271918077
risk_aware_weekly,base_market,18,173181.12887667087,161876.7672417946,185134.12745397908
risk_aware_weekly,base_market,19,188004.7714049931,175375.2426924792,200477.57991493348
risk_aware_weekly,base_market,20,204494.24125793972,190530.76640799892,219055.3015815297
risk_aware_weekly,base_market,21,218735.07160758425,203514.09281208864,233902.68378739557
risk_aware_weekly,base_market,22,234748.89380448897,219773.26710110652,248582.3221200659
risk_aware_weekly,base_market,23,249245.79084151704,235711.30656460256,260713.24228204382
risk_aware_weekly,base_market,24,264923.0249582135,252556.46760790204,275035.09839367797
risk_aware_weekly,base_market,25,429716.7250487338,414402.83531079075,441704.9100029234
risk_aware_weekly,class_imbalance_shift,0,0.0,0.0,0.0
risk_aware_weekly,class_imbalance_shift,1,0.0,0.0,0.0
risk_aware_weekly,class_imbalance_shift,2,0.0,0.0,0.0
risk_aware_weekly,class_imbalance_shift,3,0.0,0.0,0.0
risk_aware_weekly,class_imbalance_shift,4,-563.3351601361093,-1279.0934164507257,90.99694863639115
risk_aware_weekly,class_imbalance_shift,5,-881.0255438650257,-2426.9252585809068,430.9486746760257
risk_aware_weekly,class_imbalance_shift,6,1233.3281208658268,-975.7326994003515,3288.9458676508016
risk_aware_weekly,class_imbalance_shift,7,5107.592743749196,1496.3508240564897,8548.574730568125
risk_aware_weekly,class_imbalance_shift,8,11495.738309433744,8197.817530964641,14829.342244387997
risk_aware_weekly,class_imbalance_shift,9,21075.19441013901,17804.1176457545,24015.73485263817
risk_aware_weekly,class_imbalance_shift,10,34994.12809779874,30197.22858967396,39589.18485512025
risk_aware_weekly,class_imbalance_shift,11,48269.09835697303,42487.02750666924,53384.7585450507
risk_aware_weekly,class_imbalance_shift,12,64509.87825870957,59420.66623286752,69748.82018556597
risk_aware_weekly,class_imbalance_shift,13,82283.9069624724,75680.47303870117,87758.11599387712
risk_aware_weekly,class_imbalance_shift,14,100330.12363601309,93692.23744722712,106451.59559372444
risk_aware_weekly,class_imbalance_shift,15,119099.86038589274,113670.81312926348,123622.48631923296
risk_aware_weekly,class_imbalance_shift,16,133311.2239495086,126447.94088813294,139942.74331534543
risk_aware_weekly,class_imbalance_shift,17,146039.100347281,137255.78352847442,153782.654196773
risk_aware_weekly,class_imbalance_shift,18,161953.2955328224,152468.1503709185,169172.6302400132
risk_aware_weekly,class_imbalance_shift,19,177058.71348636423,168143.98947814835,184459.5915218155
risk_aware_weekly,class_imbalance_shift,20,195047.81576946672,186697.53053020535,202001.380531747
risk_aware_weekly,class_imbalance_shift,21,208220.0649568824,198151.29520157512,216802.61347040147
risk_aware_weekly,class_imbalance_shift,22,223425.7384164726,214339.34058869292,232933.53053845247
risk_aware_weekly,class_imbalance_shift,23,236232.01280750692,227513.8707023183,246252.36733386692
risk_aware_weekly,class_imbalance_shift,24,251233.78981845386,242287.47963392758,260883.96347659072
risk_aware_weekly,class_imbalance_shift,25,391378.60379051976,376858.911053339,406478.80085916596
risk_aware_weekly,drift,0,0.0,0.0,0.0
risk_aware_weekly,drift,1,0.0,0.0,0.0
risk_aware_weekly,drift,2,0.0,0.0,0.0
risk_aware_weekly,drift,3,0.0,0.0,0.0
risk_aware_weekly,drift,4,264.00373864797365,-740.3965386135909,1061.2503961828181
risk_aware_weekly,drift,5,1543.8504042510233,379.19823222466835,2763.4158870619285
risk_aware_weekly,drift,6,4508.88295669851,2986.5853858276273,6133.887336410698
risk_aware_weekly,drift,7,8910.063674893978,5329.6553972358515,12776.310280121845
risk_aware_weekly,drift,8,17188.937614453065,13416.004684254987,20759.874664615534
risk_aware_weekly,drift,9,26489.96311563636,22233.631797642745,29656.422267535698
risk_aware_weekly,drift,10,38866.54662788895,33729.121734876826,43571.362359790764
risk_aware_weekly,drift,11,54256.701704551604,49539.57030395898,59007.541371734544
risk_aware_weekly,drift,12,71415.07669422527,63887.85572908819,77371.14534290246
risk_aware_weekly,drift,13,88923.56182250644,82318.7050739866,95110.85299002011
risk_aware_weekly,drift,14,104017.58658415086,97999.42577679052,111555.94757204675
risk_aware_weekly,drift,15,118342.21564406989,111896.32359793485,124570.87151808353
risk_aware_weekly,drift,16,137693.6669497779,131159.6610299417,144587.5049469348
risk_aware_weekly,drift,17,154826.62818646652,147943.79071984233,162606.39336822476
risk_aware_weekly,drift,18,169494.8492490873,163923.12823316813,177203.0702252602
risk_aware_weekly,drift,19,183377.8100965761,177105.73712103313,192343.60207601392
risk_aware_weekly,drift,20,197555.8198803404,191661.5241951838,206034.6710060291
risk_aware_weekly,drift,21,210109.65320749852,203702.8601528736,218299.4141870682
risk_aware_weekly,drift,22,226101.49259093896,219294.73875637073,234427.22336086447
risk_aware_weekly,drift,23,241525.02888856467,233376.98649252567,250727.00597216905
risk_aware_weekly,drift,24,253685.9440342467,246737.49007161328,262468.5467720253
risk_aware_weekly,drift,25,398114.3690698626,384953.54472038045,412768.91098274116
risk_aware_weekly,noise,0,0.0,0.0,0.0
risk_aware_weekly,noise,1,0.0,0.0,0.0
risk_aware_weekly,noise,2,0.0,0.0,0.0
risk_aware_weekly,noise,3,0.0,0.0,0.0
risk_aware_weekly,noise,4,594.2668946483387,-62.92454584503494,1032.5225340450686
risk_aware_weekly,noise,5,2267.923767772556,1177.795723935961,3212.1579822890562
risk_aware_weekly,noise,6,5107.737228081645,2783.9240060954935,7210.727228750224
risk_aware_weekly,noise,7,8525.727154437653,6112.521629957075,11553.750095908847
risk_aware_weekly,noise,8,16754.789756273905,14204.031949229646,19561.104954734452
risk_aware_weekly,noise,9,28210.490395145927,25855.699151162476,31103.559111036095
risk_aware_weekly,noise,10,42018.13933757031,39035.12212010495,45150.481351382274
risk_aware_weekly,noise,11,56013.471172492216,51539.16840375041,60304.40559280774
risk_aware_weekly,noise,12,74127.66482006891,68337.25446315316,78871.89955752973
risk_aware_weekly,noise,13,95263.82919748704,89392.85132113655,100669.27305144201
risk_aware_weekly,noise,14,112897.81038675533,106981.06280233886,120143.13965755963
risk_aware_weekly,noise,15,130237.22292152182,123459.4452464691,137868.43966867815
risk_aware_weekly,noise,16,150903.21441269372,143462.3933301614,159284.29359776573
risk_aware_weekly,noise,17,171689.87152001404,164053.1066219589,178427.81922134443
risk_aware_weekly,noise,18,188117.2650089946,178649.869566061,195130.02501783313
risk_aware_weekly,noise,19,201941.87275238047,191745.45264026165,210558.15873478563
risk_aware_weekly,noise,20,218689.4541109117,206842.49774429065,228097.69637099866
risk_aware_weekly,noise,21,234031.27130196846,226274.2055943411,243210.94607108153
risk_aware_weekly,noise,22,250722.27816140323,242523.96671779623,260384.74716316865
risk_aware_weekly,noise,23,263155.80908991647,253247.79819696883,272923.97802863986
risk_aware_weekly,noise,24,277415.0224980723,266910.8889847664,288440.344254882
risk_aware_weekly,noise,25,431976.3712553811,419941.99180284946,445359.88696113136
risk_aware_weekly,split_policy_dynamics,0,0.0,0.0,0.0
risk_aware_weekly,split_policy_dynamics,1,0.0,0.0,0.0
risk_aware_weekly,split_policy_dynamics,2,0.0,0.0,0.0
risk_aware_weekly,split_policy_dynamics,3,0.0,0.0,0.0
risk_aware_weekly,split_policy_dynamics,4,902.4897645861015,358.03362061525985,1276.4676523755095
risk_aware_weekly,split_policy_dynamics,5,3105.9953145143954,1828.2395856889655,4036.4095751428626
risk_aware_weekly,split_policy_dynamics,6,6188.05940099027,3892.733110573294,7860.632804693182
risk_aware_weekly,split_policy_dynamics,7,11407.11972811936,6948.079008336378,15322.260074745913
risk_aware_weekly,split_policy_dynamics,8,18583.987162882946,14861.883346108409,22380.946034672834
risk_aware_weekly,split_policy_dynamics,9,25704.902109338644,21032.94933766493,29650.795003337797
risk_aware_weekly,split_policy_dynamics,10,40406.76957843851,34528.3101617794,46098.404754359944
risk_aware_weekly,split_policy_dynamics,11,56698.29172869541,51819.995839004936,62690.680092156836
risk_aware_weekly,split_policy_dynamics,12,78473.02653749885,73361.95341947247,84341.1128336623
risk_aware_weekly,split_policy_dynamics,13,98766.96208022913,92779.27079778351,105190.70297314771
risk_aware_weekly,split_policy_dynamics,14,116942.43745814024,110192.80647098785,123005.66146520716
risk_aware_weekly,split_policy_dynamics,15,131720.55079443453,125739.9500335909,138984.88063039118
risk_aware_weekly,split_policy_dynamics,16,151644.63556819162,144715.40658638053,157894.77789298975
risk_aware_weekly,split_policy_dynamics,17,168644.67531146997,161940.92521524744,174352.0732000519
risk_aware_weekly,split_policy_dynamics,18,185424.34842792546,175520.96451512535,194334.28201468234
risk_aware_weekly,split_policy_dynamics,19,198091.75446577673,189036.51422034492,206381.68921187054
risk_aware_weekly,split_policy_dynamics,20,216143.00048573638,203872.568635318,225683.48122746684
risk_aware_weekly,split_policy_dynamics,21,232787.2023325559,221124.1651570243,242097.51014049715
risk_aware_weekly,split_policy_dynamics,22,247409.9843988036,235331.474978239,258408.0957385093
risk_aware_weekly,split_policy_dynamics,23,263138.6378567843,249947.13824927606,274872.14578565606
risk_aware_weekly,split_policy_dynamics,24,281443.81685733347,268537.53726773406,293045.67204633297
risk_aware_weekly,split_policy_dynamics,25,427749.3664779468,416723.28664022736,439259.2764833383
sac,adverse_stress,0,0.0,0.0,0.0
sac,adverse_stress,1,0.0,0.0,0.0
sac,adverse_stress,2,0.0,0.0,0.0
sac,adverse_stress,3,0.0,0.0,0.0
sac,adverse_stress,4,54.25218755847575,-641.7006883487352,670.001112869596
sac,adverse_stress,5,1293.9455190517265,-810.3479308349573,3140.3576357395123
sac,adverse_stress,6,5065.478780207691,1973.8816737833606,7933.051598785156
sac,adverse_stress,7,9919.858979455077,6608.309185301039,13112.014509971405
sac,adverse_stress,8,20467.192176961875,14878.04585026289,25723.280429369683
sac,adverse_stress,9,32732.211998392242,25083.132350460728,40608.64932791711
sac,adverse_stress,10,43555.216596284,36857.22280169247,50912.022906617574
sac,adverse_stress,11,56925.48738238582,48022.46719208489,67197.09203678434
sac,adverse_stress,12,77651.25425013292,67861.79138941082,89535.03776169456
sac,adverse_stress,13,98192.49318621219,85524.32552565097,111822.30079247245
sac,adverse_stress,14,114929.0463079285,101959.16181256468,127769.04455559544
sac,adverse_stress,15,131315.0128528872,117351.8398408992,146867.87462051617
sac,adverse_stress,16,149355.77762089318,132314.81526427067,169396.8566188381
sac,adverse_stress,17,164766.31968107508,147321.5390357852,187826.6325224004
sac,adverse_stress,18,176484.28028437812,156844.99503661916,200619.79113671443
sac,adverse_stress,19,189561.69718776827,167074.49128844435,215368.34123675956
sac,adverse_stress,20,201842.41374616025,178474.6243792621,229211.99890320934
sac,adverse_stress,21,213313.05416066744,190684.99535706514,239639.44207530707
sac,adverse_stress,22,229169.08180432543,203889.9508758411,258524.96191889193
sac,adverse_stress,23,240457.68740926008,213079.86913480615,273779.80087680696
sac,adverse_stress,24,249835.22059182552,221578.9090507316,281838.74750543985
sac,adverse_stress,25,358777.15416030324,312945.84876865265,412049.15118452744
sac,base_market,0,0.0,0.0,0.0
sac,base_market,1,0.0,0.0,0.0
sac,base_market,2,0.0,0.0,0.0
sac,base_market,3,0.0,0.0,0.0
sac,base_market,4,583.2851887390917,-344.0598357109562,1418.2481169718012
sac,base_market,5,1219.2356997187928,-1372.9027113111088,3439.1971779189535
sac,base_market,6,2603.1156290484123,-1080.7837541465158,5930.98701717996
sac,base_market,7,8973.37177176434,3991.596906960082,12950.249087178956
sac,base_market,8,16388.13963548194,11112.522722638108,20364.901955533573
sac,base_market,9,26027.20545604988,19952.176342124894,31454.242422935975
sac,base_market,10,42064.153843824744,34969.862241573064,47268.449910512856
sac,base_market,11,54454.91852870133,43196.026822171916,63728.64240201909
sac,base_market,12,73129.39375470518,62209.579287644745,81092.52482044886
sac,base_market,13,92560.8182358916,78210.85329821297,102934.70787376135
sac,base_market,14,109314.70905673267,94095.18441269603,120666.23145247887
sac,base_market,15,125901.7654681731,107984.60632654729,138947.55280230189
sac,base_market,16,148150.9130345698,128341.63092162581,164560.51094192444
sac,base_market,17,164995.74547419007,143200.93682983867,185118.6874700948
sac,base_market,18,179997.62439570413,156108.2329731197,201389.71592393928
sac,base_market,19,198889.78609690358,170404.4651709067,221027.2126458353
sac,base_market,20,215716.08890651565,186047.83488048497,241402.49740046798
sac,base_market,21,232605.8662515902,199083.12027687873,263146.6403519933
sac,base_market,22,252464.28027144648,215204.22671889976,286917.9970112609
sac,base_market,23,269446.8592484964,230948.7117621411,307399.765434722
sac,base_market,24,289897.2497241104,245635.77986317597,331553.81941247516
sac,base_market,25,475470.4666658758,392082.82307228766,548409.07384868
sac,class_imbalance_shift,0,0.0,0.0,0.0
sac,class_imbalance_shift,1,0.0,0.0,0.0
sac,class_imbalance_shift,2,0.0,0.0,0.0
sac,class_imbalance_shift,3,0.0,0.0,0.0
sac,class_imbalance_shift,4,372.03223245794976,-191.92965426262015,896.0179272674444
sac,class_imbalance_shift,5,1626.2645505075773,-262.11497231908123,3202.311637295641
sac,class_imbalance_shift,6,3251.7767388390857,872.7827738847762,5645.801556863858
sac,class_imbalance_shift,7,8802.190228285743,4818.877981806673,12554.867491717821
sac,class_imbalance_shift,8,15911.653857239318,12478.627198522252,18767.172243535544
sac,class_imbalance_shift,9,23553.141286114387,20434.898038005627,26733.639301460546
sac,class_imbalance_shift,10,36664.52128071897,31128.514366978754,41730.48971748831
sac,class_imbalance_shift,11,47232.70035758225,40915.218560537105,53491.82916746213
sac,class_imbalance_shift,12,68558.20857339051,59796.56497127131,77042.93582521641
sac,class_imbalance_shift,13,85955.15939032457,71495.48109847841,98739.6004195556
sac,class_imbalance_shift,14,107640.02425342913,91643.30072598455,120992.33157539749
sac,class_imbalance_shift,15,121625.84376788283,103869.71655757465,136337.4879553981
sac,class_imbalance_shift,16,137300.6381248068,115672.50053250775,155920.2743531504
sac,class_imbalance_shift,17,155955.06229845338,131355.50826903802,175958.59746713657
sac,class_imbalance_shift,18,171763.2835399993,143469.2721985117,194873.92562827945
sac,class_imbalance_shift,19,186955.3426164081,156713.25481110482,213117.06419802143
sac,class_imbalance_shift,20,207687.31588425988,171826.73217064107,238533.37278488523
sac,class_imbalance_shift,21,227958.43437361275,189074.5164556607,260357.34387680894
sac,class_imbalance_shift,22,240368.93692288888,199365.42299399865,271903.329405532
sac,class_imbalance_shift,23,253020.52395909745,209298.58900992956,289243.65965897444
sac,class_imbalance_shift,24,266746.2837870769,221279.46221132038,301683.62951697386
sac,class_imbalance_shift,25,435224.87833338906,347457.19628028426,506683.47455308324
sac,drift,0,0.0,0.0,0.0
sac,drift,1,0.0,0.0,0.0
sac,drift,2,0.0,0.0,0.0
sac,drift,3,0.0,0.0,0.0
sac,drift,4,579.5834451073796,-36.824731692587825,1157.336289631826
sac,drift,5,896.2437321843273,-654.3594825133291,3012.9086571425
sac,drift,6,4603.65330889757,1536.1253326356775,8178.822669978307
sac,drift,7,8646.596086982703,5338.709443037572,12387.62525861102
sac,drift,8,15414.082432676942,12433.286360732181,18414.18980934168
sac,drift,9,25715.567903250198,19251.978744762615,31116.377753488938
sac,drift,10,42037.065661540444,34852.38738933174,49912.38689281244
sac,drift,11,57286.27365957769,47024.829731980884,67885.73131060848
sac,drift,12,75468.7913587154,63018.661958354925,89469.89326341567
sac,drift,13,90160.99033431051,76790.90695366255,103747.60460874204
sac,drift,14,111883.53574174402,95217.84203039741,127618.70284400471
sac,drift,15,131447.3951180403,109750.70468484316,150303.6954341335
sac,drift,16,149806.01554821958,127449.35219950166,171046.08692875592
sac,drift,17,164840.22367795373,137759.20642147612,184950.91539096728
sac,drift,18,180316.04740477164,151914.81289972962,206122.91711678833
sac,drift,19,200439.00057038237,169586.74377941925,228110.18299750885
sac,drift,20,213995.1035356948,181901.0505236458,247652.9095550731
sac,drift,21,231194.9184878564,196636.6899604992,265768.8728052477
sac,drift,22,243392.62293746741,206413.94043586496,279150.9953798042
sac,drift,23,256676.49351858872,219320.0982117028,291932.1028308589
sac,drift,24,274772.82290121977,234957.10313089867,310957.34003697085
sac,drift,25,437552.69466532784,359862.99710712064,501584.81665154785
sac,noise,0,0.0,0.0,0.0
sac,noise,1,0.0,0.0,0.0
sac,noise,2,0.0,0.0,0.0
sac,noise,3,0.0,0.0,0.0
sac,noise,4,-153.82675662032358,-1008.5165755529349,553.8034579492684
sac,noise,5,717.3856050814526,-914.1149072598452,2461.060821106405
sac,noise,6,3787.131119519235,1511.6934568965655,5741.22231850099
sac,noise,7,6288.815602762929,4247.359137860158,8084.054577683665
sac,noise,8,14362.060578907896,10736.288110047144,17495.45337865622
sac,noise,9,23101.645534623083,18139.48881926143,27149.96623219924
sac,noise,10,36935.429114409075,30014.242235236004,42743.6078030617
sac,noise,11,56388.86319129937,48859.03702379396,62840.26503477385
sac,noise,12,75837.6888329102,68376.59041655433,85224.97881903815
sac,noise,13,95312.77133547522,85477.73690204152,106784.81413010844
sac,noise,14,111820.48483787787,99112.57309747588,125465.27852307908
sac,noise,15,130246.03369095038,113174.9094531586,146271.33797453786
sac,noise,16,148834.64679295997,128619.367801986,166163.1846827261
sac,noise,17,164109.84577942765,141551.8172999068,183089.03721892243
sac,noise,18,181888.32227204632,156568.7615261002,199029.4140946663
sac,noise,19,198932.61283765474,170915.2436682232,216615.01253099708
sac,noise,20,215964.93720887264,183661.07336319942,236963.3810673855
sac,noise,21,236979.19704098286,200615.53835094234,263040.96358960756
sac,noise,22,252443.61672597323,211458.48208208784,280752.2960983929
sac,noise,23,268848.450147616,229735.65670508955,299164.6284071838
sac,noise,24,286678.3809643066,243322.5393872795,319291.38102882507
sac,noise,25,466486.87732985034,397982.2294069027,520229.4355546637
sac,split_policy_dynamics,0,0.0,0.0,0.0
sac,split_policy_dynamics,1,0.0,0.0,0.0
sac,split_policy_dynamics,2,0.0,0.0,0.0
sac,split_policy_dynamics,3,0.0,0.0,0.0
sac,split_policy_dynamics,4,579.5355368782948,-257.93174411185004,1178.5952562759194
sac,split_policy_dynamics,5,2538.1801000686187,1321.023953390711,3624.6527108864084
sac,split_policy_dynamics,6,3560.5677114335126,1045.1887733179278,5307.214712573518
sac,split_policy_dynamics,7,10513.819670175848,5712.590631658048,14091.02614377892
sac,split_policy_dynamics,8,19417.016383651968,14158.431023494015,23699.33700854784
sac,split_policy_dynamics,9,30148.187307530203,24694.730488323385,35063.459915268264
sac,split_policy_dynamics,10,47659.52067322615,40886.07867140885,53366.054771449424
sac,split_policy_dynamics,11,61753.12227720714,54296.16673579178,68314.27158829971
sac,split_policy_dynamics,12,77824.60405482868,67493.36029897713,85271.78480473282
sac,split_policy_dynamics,13,97344.63909877562,83858.40689183798,107535.75287432669
sac,split_policy_dynamics,14,116963.89171332917,102535.9863095914,130379.60687924264
sac,split_policy_dynamics,15,140044.64205672898,124139.46309766741,155345.16946575194
sac,split_policy_dynamics,16,161684.0961552919,141084.119391705,180145.14152683667
sac,split_policy_dynamics,17,181148.573895629,160084.39407347882,203187.5130755336
sac,split_policy_dynamics,18,201263.4039342342,178290.60065067877,223550.97152880297
sac,split_policy_dynamics,19,217524.44768564298,191996.59758609787,241402.0159819199
sac,split_policy_dynamics,20,237478.24066426465,209765.14091435695,266447.55299560487
sac,split_policy_dynamics,21,253097.192614733,221012.89137774307,282327.4693895339
sac,split_policy_dynamics,22,270436.41538638796,239178.6997839003,301531.281275667
sac,split_policy_dynamics,23,287765.60483530565,252364.00692767557,323013.19202016894
sac,split_policy_dynamics,24,306734.8747543061,269557.3394361349,346858.9373701042
sac,split_policy_dynamics,25,479231.0693336921,406706.59842645755,542290.3695263084
split_policy_static,adverse_stress,0,0.0,0.0,0.0
split_policy_static,adverse_stress,1,0.0,0.0,0.0
split_policy_static,adverse_stress,2,0.0,0.0,0.0
split_policy_static,adverse_stress,3,0.0,0.0,0.0
split_policy_static,adverse_stress,4,351.50911860013497,-254.32925342264636,915.9360638613455
split_policy_static,adverse_stress,5,2199.4083327684484,482.1357705183132,3487.2236398567293
split_policy_static,adverse_stress,6,5256.218790249633,3068.0648829779198,7028.958761422548
split_policy_static,adverse_stress,7,7454.138815758302,4930.016498855412,9654.768238400362
split_policy_static,adverse_stress,8,14173.907978898373,10353.87471830446,18000.126274960807
split_policy_static,adverse_stress,9,25181.212131293385,19157.801015683002,30847.911192352778
split_policy_static,adverse_stress,10,36579.71312841328,31352.752929024817,42188.76794936739
split_policy_static,adverse_stress,11,51192.17378564239,46085.71160783258,55248.11615452951
split_policy_static,adverse_stress,12,67750.7475809797,62037.09623701655,72036.36918053852
split_policy_static,adverse_stress,13,86020.65288814354,79049.29229520015,91126.10493506056
split_policy_static,adverse_stress,14,100645.93619522262,91652.04946534075,108695.27590786066
split_policy_static,adverse_stress,15,119858.09585448814,110424.86160989843,128255.5898148986
split_policy_static,adverse_stress,16,134297.76202339723,126211.9642124803,142967.89028625982
split_policy_static,adverse_stress,17,148928.1807715523,138692.8428595795,160211.46346428661
split_policy_static,adverse_stress,18,164477.52787555172,153666.15811470753,174690.3592421388
split_policy_static,adverse_stress,19,175099.7536628826,163453.64960687587,186375.92067935606
split_policy_static,adverse_stress,20,190850.44838092473,178535.25679242096,201994.74837799152
split_policy_static,adverse_stress,21,202005.5730192609,194157.3979497469,210936.86781306256
split_policy_static,adverse_stress,22,213840.00610390087,204043.6352610435,224668.9767839316
split_policy_static,adverse_stress,23,227365.504802738,216199.75780908653,237908.85901362993
split_policy_static,adverse_stress,24,242115.22186940094,229997.7051396908,253012.74757502516
split_policy_static,adverse_stress,25,348321.0817765914,328004.10087615537,366157.67676636414
split_policy_static,base_market,0,0.0,0.0,0.0
split_policy_static,base_market,1,0.0,0.0,0.0
split_policy_static,base_market,2,0.0,0.0,0.0
split_policy_static,base_market,3,0.0,0.0,0.0
split_policy_static,base_market,4,166.50544626961232,-760.6254234095267,820.8049311080583
split_policy_static,base_market,5,1262.5309152632506,275.2281824590093,2109.7145789587867
split_policy_static,base_market,6,4223.167721054845,1804.7895682033206,5902.413446815722
split_policy_static,base_market,7,9177.3313548747,7533.864868478729,10599.02789098318
split_policy_static,base_market,8,15899.665773437146,13582.891852914758,18584.91570861852
split_policy_static,base_market,9,26447.590996609728,23432.011391350257,29667.04241058755
split_policy_static,base_market,10,40866.99797674629,36422.39964767965,45666.21225575625
split_policy_static,base_market,11,57621.386546246584,52374.30040929606,65746.53190599364
split_policy_static,base_market,12,73731.63926892176,66395.269694418,83585.70784541882
split_policy_static,base_market,13,90283.09686446904,83377.907446557,99639.3835127727
split_policy_static,base_market,14,105295.15420910146,98411.601770797,115499.36579977663
split_policy_static,base_market,15,125303.44925717147,116411.0239228745,135845.37313535722
split_policy_static,base_market,16,141102.142868455,131133.32465523938,152831.31240260263
split_policy_static,base_market,17,155248.46714172626,143751.00350976517,167233.49271918077
split_policy_static,base_market,18,173181.12887667087,161876.7672417946,185134.12745397908
split_policy_static,base_market,19,188004.7714049931,175375.2426924792,200477.57991493348
split_policy_static,base_market,20,204494.24125793972,190530.76640799892,219055.3015815297
split_policy_static,base_market,21,218735.07160758425,203514.09281208864,233902.68378739557
split_policy_static,base_market,22,234748.89380448897,219773.26710110652,248582.3221200659
split_policy_static,base_market,23,249245.79084151704,235711.30656460256,260713.24228204382
split_policy_static,base_market,24,264923.0249582135,252556.46760790204,275035.09839367797
split_policy_static,base_market,25,429716.7250487338,414402.83531079075,441704.9100029234
split_policy_static,class_imbalance_shift,0,0.0,0.0,0.0
split_policy_static,class_imbalance_shift,1,0.0,0.0,0.0
split_policy_static,class_imbalance_shift,2,0.0,0.0,0.0
split_policy_static,class_imbalance_shift,3,0.0,0.0,0.0
split_policy_static,class_imbalance_shift,4,-563.3351601361093,-1279.0934164507257,90.99694863639115
split_policy_static,class_imbalance_shift,5,-881.0255438650257,-2426.9252585809068,430.9486746760257
split_policy_static,class_imbalance_shift,6,1233.3281208658268,-975.7326994003515,3288.9458676508016
split_policy_static,class_imbalance_shift,7,5107.592743749196,1496.3508240564897,8548.574730568125
split_policy_static,class_imbalance_shift,8,11495.738309433744,8197.817530964641,14829.342244387997
split_policy_static,class_imbalance_shift,9,21075.19441013901,17804.1176457545,24015.73485263817
split_policy_static,class_imbalance_shift,10,34994.12809779874,30197.22858967396,39589.18485512025
split_policy_static,class_imbalance_shift,11,48269.09835697303,42487.02750666924,53384.7585450507
split_policy_static,class_imbalance_shift,12,64509.87825870957,59420.66623286752,69748.82018556597
split_policy_static,class_imbalance_shift,13,82283.9069624724,75680.47303870117,87758.11599387712
split_policy_static,class_imbalance_shift,14,100330.12363601309,93692.23744722712,106451.59559372444
split_policy_static,class_imbalance_shift,15,119177.34670081468,113748.29944418541,123622.48631923296
split_policy_static,class_imbalance_shift,16,133443.99967653185,126645.84950953965,139946.06270852103
split_policy_static,class_imbalance_shift,17,146152.4315858894,137482.44600569122,153785.4874777382
split_policy_static,class_imbalance_shift,18,162146.1406181661,152853.8405416059,169360.65419822332
split_policy_static,class_imbalance_shift,19,177364.84859365458,168756.25969272904,184459.5915218155
split_policy_static,class_imbalance_shift,20,195875.98530519914,188353.8696016701,202404.31668697429
split_policy_static,class_imbalance_shift,21,209326.01662392044,200456.55614812873,216802.61347040147
split_policy_static,class_imbalance_shift,22,224528.46122998637,215480.40698029232,232933.53053845247
split_policy_static,class_imbalance_shift,23,237583.3055727229,229196.3732399438,246252.36733386692
split_policy_static,class_imbalance_shift,24,252780.1890155786,245332.31577552253,261248.18893850807
split_policy_static,class_imbalance_shift,25,394368.17173688585,384828.7964459075,406478.80085916596
split_policy_static,drift,0,0.0,0.0,0.0
split_policy_static,drift,1,0.0,0.0,0.0
split_policy_static,drift,2,0.0,0.0,0.0
split_policy_static,drift,3,0.0,0.0,0.0
split_policy_static,drift,4,264.00373864797365,-740.3965386135909,1061.2503961828181
split_policy_static,drift,5,1543.8504042510233,379.19823222466835,2763.4158870619285
split_policy_static,drift,6,4508.88295669851,2986.5853858276273,6133.887336410698
split_policy_static,drift,7,8910.063674893978,5329.6553972358515,12776.310280121845
split_policy_static,drift,8,17188.937614453065,13416.004684254987,20759.874664615534
split_policy_static,drift,9,26489.96311563636,22233.631797642745,29656.422267535698
split_policy_static,drift,10,38866.54662788895,33729.121734876826,43571.362359790764
split_policy_static,drift,11,54256.701704551604,49539.57030395898,59007.541371734544
split_policy_static,drift,12,71415.07669422527,63887.85572908819,77371.14534290246
split_policy_static,drift,13,88958.39608566597,82411.1208518673,95110.85299002011
split_policy_static,drift,14,104067.56093120277,98122.98279417053,111555.94757204675
split_policy_static,drift,15,118452.94797954825,112225.08529099476,124570.87151808353
split_policy_static,drift,16,137798.40317348417,131507.4794394097,144587.5049469348
split_policy_static,drift,17,154961.38510886065,148085.28548835617,162606.39336822476
split_policy_static,drift,18,169675.3927375242,164127.56288435473,177203.0702252602
split_policy_static,drift,19,183410.93149340813,177138.85851786507,192343.60207601392
split_policy_static,drift,20,198227.3244627862,192366.84074525023,206077.279891287
split_policy_static,drift,21,211144.64163192463,205509.727045663,218588.39130931682
split_policy_static,drift,22,227367.92871515313,221271.76545843572,234915.83556606906
split_policy_static,drift,23,243141.4908394979,236044.1940829837,252190.00793034091
split_policy_static,drift,24,255237.62515735938,248394.43577550704,263157.13913247327
split_policy_static,drift,25,401041.8843706841,390462.5826924958,412768.91098274116
split_policy_static,noise,0,0.0,0.0,0.0
split_policy_static,noise,1,0.0,0.0,0.0
split_policy_static,noise,2,0.0,0.0,0.0
split_policy_static,noise,3,0.0,0.0,0.0
split_policy_static,noise,4,594.2668946483387,-62.92454584503494,1032.5225340450686
split_policy_static,noise,5,2267.923767772556,1177.795723935961,3212.1579822890562
split_policy_static,noise,6,5107.737228081645,2783.9240060954935,7210.727228750224
split_policy_static,noise,7,8525.727154437653,6112.521629957075,11553.750095908847
split_policy_static,noise,8,16754.789756273905,14204.031949229646,19561.104954734452
split_policy_static,noise,9,28210.490395145927,25855.699151162476,31103.559111036095
split_policy_static,noise,10,42018.13933757031,39035.12212010495,45150.481351382274
split_policy_static,noise,11,56013.471172492216,51539.16840375041,60304.40559280774
split_policy_static,noise,12,74127.66482006891,68337.25446315316,78871.89955752973
split_policy_static,noise,13,95263.82919748704,89392.85132113655,100669.27305144201
split_policy_static,noise,14,112897.81038675533,106981.06280233886,120143.13965755963
split_policy_static,noise,15,130237.22292152182,123459.4452464691,137868.43966867815
split_policy_static,noise,16,150903.21441269372,143462.3933301614,159284.29359776573
split_policy_static,noise,17,171689.87152001404,164053.1066219589,178427.81922134443
split_policy_static,noise,18,188117.2650089946,178649.869566061,195130.02501783313
split_policy_static,noise,19,201941.87275238047,191745.45264026165,210558.15873478563
split_policy_static,noise,20,218689.4541109117,206842.49774429065,228097.69637099866
split_policy_static,noise,21,234031.27130196846,226274.2055943411,243210.94607108153
split_policy_static,noise,22,250722.27816140323,242523.96671779623,260384.74716316865
split_policy_static,noise,23,263155.80908991647,253247.79819696883,272923.97802863986
split_policy_static,noise,24,277415.0224980723,266910.8889847664,288440.344254882
split_policy_static,noise,25,431976.3712553811,419941.99180284946,445359.88696113136
split_policy_static,split_policy_dynamics,0,0.0,0.0,0.0
split_policy_static,split_policy_dynamics,1,0.0,0.0,0.0
split_policy_static,split_policy_dynamics,2,0.0,0.0,0.0
split_policy_static,split_policy_dynamics,3,0.0,0.0,0.0
split_policy_static,split_policy_dynamics,4,902.4897645861015,358.03362061525985,1276.4676523755095
split_policy_static,split_policy_dynamics,5,3105.9953145143954,1828.2395856889655,4036.4095751428626
split_policy_static,split_policy_dynamics,6,6188.05940099027,3892.733110573294,7860.632804693182
split_policy_static,split_policy_dynamics,7,11407.11972811936,6948.079008336378,15322.260074745913
split_policy_static,split_policy_dynamics,8,18583.987162882946,14861.883346108409,22380.946034672834
split_policy_static,split_policy_dynamics,9,25704.902109338644,21032.94933766493,29650.795003337797
split_policy_static,split_policy_dynamics,10,40406.76957843851,34528.3101617794,46098.404754359944
split_policy_static,split_policy_dynamics,11,56698.29172869541,51819.995839004936,62690.680092156836
split_policy_static,split_policy_dynamics,12,78473.02653749885,73361.95341947247,84341.1128336623
split_policy_static,split_policy_dynamics,13,98766.96208022913,92779.27079778351,105190.70297314771
split_policy_static,split_policy_dynamics,14,116942.43745814024,110192.80647098785,123005.66146520716
split_policy_static,split_policy_dynamics,15,131720.55079443453,125739.9500335909,138984.88063039118
split_policy_static,split_policy_dynamics,16,151644.63556819162,144715.40658638053,157894.77789298975
split_policy_static,split_policy_dynamics,17,168644.67531146997,161940.92521524744,174352.0732000519
split_policy_static,split_policy_dynamics,18,185424.34842792546,175520.96451512535,194334.28201468234
split_policy_static,split_policy_dynamics,19,198091.75446577673,189036.51422034492,206381.68921187054
split_policy_static,split_policy_dynamics,20,216143.00048573638,203872.568635318,225683.48122746684
split_policy_static,split_policy_dynamics,21,232787.2023325559,221124.1651570243,242097.51014049715
split_policy_static,split_policy_dynamics,22,247409.9843988036,235331.474978239,258408.0957385093
split_policy_static,split_policy_dynamics,23,263138.6378567843,249947.13824927606,274872.14578565606
split_policy_static,split_policy_dynamics,24,281443.81685733347,268537.53726773406,293045.67204633297
split_policy_static,split_policy_dynamics,25,427749.3664779468,416723.28664022736,439259.2764833383
static_threshold,adverse_stress,0,0.0,0.0,0.0
static_threshold,adverse_stress,1,0.0,0.0,0.0
static_threshold,adverse_stress,2,0.0,0.0,0.0
static_threshold,adverse_stress,3,0.0,0.0,0.0
static_threshold,adverse_stress,4,460.17791459288827,-36.04708044232075,994.7995297795671
static_threshold,adverse_stress,5,2326.651330875957,1022.8912060779018,3411.7559007281407
static_threshold,adverse_stress,6,5846.307611386602,3621.3242732984795,7855.875525594319
static_threshold,adverse_stress,7,8090.5562092351,4770.602892390043,10947.46857178732
static_threshold,adverse_stress,8,15456.709510537119,11399.862463077607,19513.82948713433
static_threshold,adverse_stress,9,27920.65360430775,22650.63322858777,32907.32352941555
static_threshold,adverse_stress,10,39868.91748037808,33916.87462538881,45011.75117824516
static_threshold,adverse_stress,11,56285.46191242312,51548.07844176904,59877.48541671418
static_threshold,adverse_stress,12,73556.61222416152,67891.35170725294,77640.19838962644
static_threshold,adverse_stress,13,92533.52382225396,84979.9741997375,97997.38430786658
static_threshold,adverse_stress,14,107971.01534778792,99190.39844670815,115146.63299751426
static_threshold,adverse_stress,15,129190.93823503342,119836.87146647944,136637.54946267174
static_threshold,adverse_stress,16,145499.76392475437,136275.56049757285,154168.5220046694
static_threshold,adverse_stress,17,161151.29733956378,149776.22960015005,171596.642482111
static_threshold,adverse_stress,18,176825.5031687951,166581.69402928257,186445.67046128082
static_threshold,adverse_stress,19,187267.3748692466,175984.49624774905,197576.56502325312
static_threshold,adverse_stress,20,204182.9298299208,192916.8408384321,213971.13444852334
static_threshold,adverse_stress,21,214921.12136781937,205498.983435437,223783.24364622668
static_threshold,adverse_stress,22,226697.8103782276,214795.8602883041,236710.6235097857
static_threshold,adverse_stress,23,240628.03269697248,226813.28427989673,249905.2944936406
static_threshold,adverse_stress,24,255395.85299288828,242839.92135973944,265277.91329675267
static_threshold,adverse_stress,25,372353.5854874808,353912.273140375,390636.28901798767
static_threshold,base_market,0,0.0,0.0,0.0
static_threshold,base_market,1,0.0,0.0,0.0
static_threshold,base_market,2,0.0,0.0,0.0
static_threshold,base_market,3,0.0,0.0,0.0
static_threshold,base_market,4,86.7718260088559,-861.8526916468744,773.0022682295012
static_threshold,base_market,5,1632.8408775986218,885.1003298653708,2407.64083352251
static_threshold,base_market,6,4729.082515840329,2036.5776667466093,6716.500511818537
static_threshold,base_market,7,10194.226760431737,7860.6548044417395,12375.317585661385
static_threshold,base_market,8,16697.733326780126,13351.398236429994,19917.58594287703
static_threshold,base_market,9,27299.060804370554,22928.24737580574,31394.62858034332
static_threshold,base_market,10,41248.9268635674,36522.75942645079,46719.74445330577
static_threshold,base_market,11,59331.217783495114,52937.04314679867,66761.59849913939
static_threshold,base_market,12,76764.55344898581,70174.38888096526,85362.0967251075
static_threshold,base_market,13,94158.94457154442,88026.81273637521,103420.08362820884
static_threshold,base_market,14,111675.049259867,103573.29816575313,122645.76606337851
static_threshold,base_market,15,131763.42505771047,121920.3859272427,143588.5007454986
static_threshold,base_market,16,148399.9379427349,136330.46438068725,159140.26928212316
static_threshold,base_market,17,164477.3402806037,152573.63908076342,175603.44252940075
static_threshold,base_market,18,184081.4866715829,172096.8193246747,194242.83020396967
static_threshold,base_market,19,199829.44577101638,186217.081901549,210713.5438884072
static_threshold,base_market,20,217115.23978092792,203577.80868962817,229428.91322516723
static_threshold,base_market,21,234456.4624920902,219314.74891381117,247944.906695831
static_threshold,base_market,22,251837.45910420766,236959.61603571704,263917.0915766408
static_threshold,base_market,23,268207.8174603831,254346.41944222085,279379.8266465373
static_threshold,base_market,24,285573.9526324659,272802.6283562202,296965.91334463394
static_threshold,base_market,25,473210.3787359887,459344.25613221293,486126.2156647052
static_threshold,class_imbalance_shift,0,0.0,0.0,0.0
static_threshold,class_imbalance_shift,1,0.0,0.0,0.0
static_threshold,class_imbalance_shift,2,0.0,0.0,0.0
static_threshold,class_imbalance_shift,3,0.0,0.0,0.0
static_threshold,class_imbalance_shift,4,-446.9738927519984,-1344.916037471582,230.5872589136106
static_threshold,class_imbalance_shift,5,-920.6352670651621,-3000.100220276278,674.1917392353685
static_threshold,class_imbalance_shift,6,1388.577412161875,-858.5875622488747,3231.1527537902525
static_threshold,class_imbalance_shift,7,5312.080298172714,1650.1207467044092,8930.458582361496
static_threshold,class_imbalance_shift,8,11613.278473674096,8256.975355483164,14708.947753595918
static_threshold,class_imbalance_shift,9,21074.401717299043,17332.972384800887,24295.74475928258
static_threshold,class_imbalance_shift,10,34720.70484254497,30010.056971331553,39924.441018684
static_threshold,class_imbalance_shift,11,48216.67093371678,41664.71321167752,53890.15366983238
static_threshold,class_imbalance_shift,12,67288.08445477775,62780.81590832596,71943.74798629146
static_threshold,class_imbalance_shift,13,86361.67962434377,80327.68442146205,94159.1964249642
static_threshold,class_imbalance_shift,14,106578.89842746015,99874.92884712813,113880.75333544835
static_threshold,class_imbalance_shift,15,126913.60463470436,118531.83559312864,133575.12847611037
static_threshold,class_imbalance_shift,16,144131.82096617567,135439.89037490354,153185.86348657578
static_threshold,class_imbalance_shift,17,158205.6556514312,148869.99673072083,167538.54401600495
static_threshold,class_imbalance_shift,18,176683.71793275466,167712.3611574001,184955.23766978935
static_threshold,class_imbalance_shift,19,193488.77348668218,183898.6965579457,202456.09949186284
static_threshold,class_imbalance_shift,20,214098.40983417328,205375.98198003077,223789.459541826
static_threshold,class_imbalance_shift,21,229592.19636658332,219242.63200132942,240980.06730449587
static_threshold,class_imbalance_shift,22,246658.9134507083,235509.0627172083,257615.69197430694
static_threshold,class_imbalance_shift,23,262056.44280226246,251062.2379568607,273056.79453529173
static_threshold,class_imbalance_shift,24,279405.09525676275,269244.75000566867,290483.4017520418
static_threshold,class_imbalance_shift,25,441409.90383768507,428187.5345782113,460116.2845530782
static_threshold,drift,0,0.0,0.0,0.0
static_threshold,drift,1,0.0,0.0,0.0
static_threshold,drift,2,0.0,0.0,0.0
static_threshold,drift,3,0.0,0.0,0.0
static_threshold,drift,4,160.3954950479313,-808.4301621899979,963.4311942645004
static_threshold,drift,5,1633.504714106776,487.30607205134686,2781.3638093468903
static_threshold,drift,6,5166.313265433842,3568.947298171239,7041.272804165596
static_threshold,drift,7,9611.888802692018,5677.176059828387,13774.912447594817
static_threshold,drift,8,18172.227321302464,14387.656088572741,21714.112987085864
static_threshold,drift,9,28252.83532756502,23438.797181632326,32035.42661295869
static_threshold,drift,10,41517.81913526804,36067.820538093605,46922.05969319681
static_threshold,drift,11,57776.57501043106,51566.53834514336,63556.74685003684
static_threshold,drift,12,74329.6608364962,65250.26490872681,82340.61628053144
static_threshold,drift,13,92585.9671568044,84192.38340152823,100670.9497887275
static_threshold,drift,14,110228.29130513256,102925.24097567365,118220.48953266666
static_threshold,drift,15,125553.18426106994,117015.99861921542,134666.2127957249
static_threshold,drift,16,147228.52118951868,140013.6095686877,154688.45713637938
static_threshold,drift,17,165933.74114404805,159837.83002990656,174288.81843425962
static_threshold,drift,18,181129.90725053695,174649.09709937198,190534.94123602202
static_threshold,drift,19,196323.42902571915,189041.27038541713,203575.13120211402
static_threshold,drift,20,211145.16511324802,204932.31420037852,218569.0396313141
static_threshold,drift,21,225324.2108153037,218646.92330809883,231789.6458326166
static_threshold,drift,22,243879.90225194092,237560.9101742485,250937.69751039098
static_threshold,drift,23,260730.67656469042,253080.4093657033,268786.48496687243
static_threshold,drift,24,274494.7592073479,269131.7765656139,279934.1509603904
static_threshold,drift,25,439299.490904096,427267.1742828546,452568.13517587783
static_threshold,noise,0,0.0,0.0,0.0
static_threshold,noise,1,0.0,0.0,0.0
static_threshold,noise,2,0.0,0.0,0.0
static_threshold,noise,3,0.0,0.0,0.0
static_threshold,noise,4,521.8584144504142,-147.3453821135318,1030.6226466368244
static_threshold,noise,5,2071.7075615617928,1176.8043596584532,2854.4521345425887
static_threshold,noise,6,4919.014562975447,2295.4072305715727,7346.411785196159
static_threshold,noise,7,7559.020896393187,5096.478710162136,10495.68498808551
static_threshold,noise,8,15586.800419345665,12957.17045103425,18164.69246377996
static_threshold,noise,9,26752.65742197915,24371.628737051073,30023.12671497544
static_threshold,noise,10,42014.05892375725,38747.610292279154,45840.45708137714
static_threshold,noise,11,56440.785621005896,51785.51515958391,61654.16915677312
static_threshold,noise,12,75592.68624220988,69221.3944572244,80962.69883078511
static_threshold,noise,13,98149.04514871952,91615.29814766264,104401.12532040277
static_threshold,noise,14,116096.6453569479,109151.45980177738,124382.84003722199
static_threshold,noise,15,133570.08455067046,125622.45962258281,142857.68484659848
static_threshold,noise,16,154790.81594456662,145196.5174310751,165083.50816064395
static_threshold,noise,17,176116.85179887878,167064.52429846406,183782.37721275273
static_threshold,noise,18,193159.27544845967,184118.40027870942,200546.75823631298
static_threshold,noise,19,208182.73326100304,197764.9051330453,217523.2051134284
static_threshold,noise,20,225410.16998168477,213368.21996299428,235459.95594948283
static_threshold,noise,21,242841.17525410745,232140.65707810989,254165.24736281822
static_threshold,noise,22,260547.6594123398,249392.92495963338,270313.0851004667
static_threshold,noise,23,273094.7085728953,261391.5321578799,283355.25785097113
static_threshold,noise,24,288225.29444227036,276808.65049662493,300668.4591824102
static_threshold,noise,25,459362.3131662303,444096.8996889849,475484.9901824712
static_threshold,split_policy_dynamics,0,0.0,0.0,0.0
static_threshold,split_policy_dynamics,1,0.0,0.0,0.0
static_threshold,split_policy_dynamics,2,0.0,0.0,0.0
static_threshold,split_policy_dynamics,3,0.0,0.0,0.0
static_threshold,split_policy_dynamics,4,811.8720764352616,319.6344653397606,1189.6309661911207
static_threshold,split_policy_dynamics,5,2546.222331193278,895.3455195582457,3725.0618044991857
static_threshold,split_policy_dynamics,6,5857.661251850739,3458.166935911084,7792.089563730272
static_threshold,split_policy_dynamics,7,11519.224721075938,7006.810414650636,15708.20955961649
static_threshold,split_policy_dynamics,8,18734.855058373607,14645.6425333056,22512.895145267838
static_threshold,split_policy_dynamics,9,26447.617751117275,21742.216632635525,31784.4820031245
static_threshold,split_policy_dynamics,10,41332.52954704314,35665.645048512415,47762.11153544395
static_threshold,split_policy_dynamics,11,59625.22796756302,55071.562375162895,64713.21676342136
static_threshold,split_policy_dynamics,12,81684.98519710003,77381.28329964644,86532.29792006731
static_threshold,split_policy_dynamics,13,103337.53970849518,97928.15331230508,108311.50764529577
static_threshold,split_policy_dynamics,14,123348.11793036053,118413.01385740365,128112.19971281965
static_threshold,split_policy_dynamics,15,139079.14577320172,134133.86135110972,144777.30367516956
static_threshold,split_policy_dynamics,16,161316.98173505583,156388.02064019878,166251.3916465655
static_threshold,split_policy_dynamics,17,179951.14267364997,173970.87703159993,184962.488438592
static_threshold,split_policy_dynamics,18,198426.4829034342,191167.39563288374,205508.41544736404
static_threshold,split_policy_dynamics,19,211407.8848481956,203346.0767005171,219883.2880369152
static_threshold,split_policy_dynamics,20,230684.54560617835,220663.8621582192,240509.49989264924
static_threshold,split_policy_dynamics,21,249513.3629102216,240132.89671815746,258753.43235530978
static_threshold,split_policy_dynamics,22,264612.39321093744,253658.30884297699,275829.97018746386
static_threshold,split_policy_dynamics,23,282293.0829975097,269445.7034407558,293528.4199268994
static_threshold,split_policy_dynamics,24,302985.13848201826,290883.9463448279,313704.42759738344
static_threshold,split_policy_dynamics,25,468008.31196634093,453357.4786398866,481828.63402480475
