controller,scenario_name,interactive_week,cumulative_reward_mean,cumulative_reward_ci_lower,cumulative_reward_ci_upper
a2c,adverse_stress,0,-178.23723689767067,-221.45419334518812,-130.00334466138924
a2c,adverse_stress,1,-420.5819069468353,-493.13867725085396,-349.6915868214416
a2c,adverse_stress,2,-696.5836531450369,-793.3363506502545,-570.6666802968018
a2c,adverse_stress,3,-976.8086887961799,-1081.0549763047452,-832.7868525117727
a2c,adverse_stress,4,-1348.712804705092,-2252.648644103096,-585.4834355875624
a2c,adverse_stress,5,-886.9866890348808,-3241.404704709544,1422.7020998351475
a2c,adverse_stress,6,2723.612581413313,32.686206077959525,5397.537177176542
a2c,adverse_stress,7,6211.032427816851,3205.0875520838035,8463.181726477771
a2c,adverse_stress,8,17519.690779198816,12613.741017659651,21941.224801996545
a2c,adverse_stress,9,30791.387606704982,24275.640174353357,36495.473131127306
a2c,adverse_stress,10,40475.690037486784,34506.260407579044,46079.65302725088
a2c,adverse_stress,11,54730.95438282133,46142.970343398956,61638.87953160612
a2c,adverse_stress,12,75772.71307198335,64837.025412487106,85044.86328575974
a2c,adverse_stress,13,95923.84283447424,83130.07919785246,108183.73745036469
a2c,adverse_stress,14,113586.93002372906,100054.35326851891,126140.67352568451
a2c,adverse_stress,15,131141.7839769523,115805.90871595945,143713.7847411575
a2c,adverse_stress,16,150273.28298861554,132713.01739065428,164347.36101801012
a2c,adverse_stress,17,167211.51912325228,151546.09361740295,180581.5330494034
a2c,adverse_stress,18,178679.9741526268,163669.2443607357,192175.366825843
a2c,adverse_stress,19,195289.26486437468,176648.3077001411,213172.359617107
a2c,adverse_stress,20,208936.33234227242,190374.6890289969,224742.07850818956
a2c,adverse_stress,21,222389.59880922028,202140.15863953318,240859.09265319785
a2c,adverse_stress,22,237781.46381059094,216486.9300742838,255756.48583329679
a2c,adverse_stress,23,247615.5961284336,224728.6050022791,266924.51116448396
a2c,adverse_stress,24,258405.23270359982,232335.05972860195,279274.56594156055
a2c,adverse_stress,25,367550.584260808,353921.2620711291,384418.4702656856
a2c,base_market,0,-220.5281037233007,-264.32387862959496,-179.33083317396222
a2c,base_market,1,-526.9168639515048,-612.8182162986444,-427.3851890276995
a2c,base_market,2,-824.2277691450486,-937.9080793808282,-686.7171471363545
a2c,base_market,3,-1146.936509534837,-1285.1197691025477,-975.6373465899682
a2c,base_market,4,-921.6084905335541,-2045.7928563427506,-57.62325891274252
a2c,base_market,5,-390.34915206990974,-2501.641557769012,1661.0450982653767
a2c,base_market,6,883.8051334285778,-3590.717174701836,4549.205598847981
a2c,base_market,7,7802.922903334347,3931.7007919444873,11226.140931102032
a2c,base_market,8,15253.144985579578,10802.282199023879,18637.29015817369
a2c,base_market,9,24375.527656623988,20633.740105775614,28319.05172999752
a2c,base_market,10,37368.725953686655,34303.81039543399,40795.95711537908
a2c,base_market,11,51252.92309904862,44687.86199460353,57897.694432078904
a2c,base_market,12,69993.06500938356,62848.50132755686,76670.99084321808
a2c,base_market,13,89340.52737754071,81557.52144021187,97422.55339778839
a2c,base_market,14,107662.76661947358,97608.40465392351,116357.18707257515
a2c,base_market,15,125972.54645126336,113479.76739676218,136055.74258366888
a2c,base_market,16,147987.8336607853,136961.99551960453,157537.25253909724
a2c,base_market,17,163966.44159961524,151299.30779358192,175652.39363540983
a2c,base_market,18,179199.80681685315,165768.21682879425,190490.5222508883
a2c,base_market,19,198660.47391318702,184493.45568796174,210877.23483706047
a2c,base_market,20,213895.4331855162,201741.66198036246,225691.14351528295
a2c,base_market,21,228470.56225845325,214122.81681110372,240490.17370608958
a2c,base_market,22,244863.69893547983,229273.41618098653,260142.06920970557
a2c,base_market,23,259668.02312335916,244782.90630709982,275601.8963960105
a2c,base_market,24,277142.66439552937,260732.10092434008,296353.7589431594
a2c,base_market,25,439557.15692238923,407590.35234765016,472941.59131477156
a2c,class_imbalance_shift,0,-238.3795129846411,-292.5133992868429,-170.33627687175237
a2c,class_imbalance_shift,1,-427.4245938395945,-498.78463144182996,-318.0214173962895
a2c,class_imbalance_shift,2,-669.5837640728018,-765.6932185681709,-495.9218303865172
a2c,class_imbalance_shift,3,-942.0064628659189,-1069.5180953166525,-766.5673566799001
a2c,class_imbalance_shift,4,-991.6081123591944,-1893.6296862203906,-239.49069622935286
a2c,class_imbalance_shift,5,525.6260580732651,-1101.4084958278752,2101.382315486489
a2c,class_imbalance_shift,6,2907.894048765753,824.4861309541391,4559.572550830317
a2c,class_imbalance_shift,7,7850.048868951876,5418.064790558655,10912.298161951201
a2c,class_imbalance_shift,8,14702.317690960337,10403.713476324718,19816.539990467423
a2c,class_imbalance_shift,9,24457.694241090165,19856.170712913306,29156.567390699696
a2c,class_imbalance_shift,10,37196.219182669265,32100.2713383705,44248.99651511151
a2c,class_imbalance_shift,11,47991.50301354829,40857.82861795466,56740.26728951259
a2c,class_imbalance_shift,12,67388.86931971097,59129.11975407765,75435.64213490373
a2c,class_imbalance_shift,13,82775.51432506421,75772.42333269253,90582.51930286255
a2c,class_imbalance_shift,14,101214.57354933547,93235.44104950862,110210.50051919262
a2c,class_imbalance_shift,15,116335.61940632072,109446.34236184307,122453.54511602287
a2c,class_imbalance_shift,16,133819.26850676356,124611.52331474879,140682.88328324776
a2c,class_imbalance_shift,17,150399.23279801264,140108.02026648525,157786.85832692988
a2c,class_imbalance_shift,18,165076.61386432924,155402.25997487953,172758.479471047
a2c,class_imbalance_shift,19,180044.03938347512,167406.58578092288,189326.00182248684
a2c,class_imbalance_shift,20,198972.63836093445,187017.12423580737,207061.69065095903
a2c,class_imbalance_shift,21,217129.80303491096,206268.88255072982,226425.08439176145
a2c,class_imbalance_shift,22,229166.1781298489,220371.64664907783,238137.548317253
a2c,class_imbalance_shift,23,240861.04777226018,231684.1515953489,251829.06776960546
a2c,class_imbalance_shift,24,253521.04106426655,243189.86482795,265580.15965368575
a2c,class_imbalance_shift,25,408585.2462187582,382523.68927985,439301.5146192358
a2c,drift,0,-272.6387035362839,-322.91199622845784,-220.7783823920479
a2c,drift,1,-542.6897193647518,-602.4497723348059,-478.3734826595887
a2c,drift,2,-853.6328194710733,-940.6455511290662,-739.1220003119416
a2c,drift,3,-1157.3457491697993,-1294.7994076705752,-985.7983559719985
a2c,drift,4,-967.0099897675836,-1760.50236459376,68.10362488705414
a2c,drift,5,-446.7080845436089,-2161.46916926088,1323.3383350240933
a2c,drift,6,3364.1270008409356,-508.1853973585705,6378.511342151539
a2c,drift,7,6807.744506828,3571.2054134634386,10347.777011772929
a2c,drift,8,14032.826473011082,11475.403540879992,17446.06897176323
a2c,drift,9,24308.63831099912,20573.232246010324,28851.0828133862
a2c,drift,10,40198.53984757745,36775.84061835973,44161.2065175972
a2c,drift,11,54806.57078792231,49704.94902613223,59430.53930392902
a2c,drift,12,71922.71489117906,64268.68450584171,79797.2089531093
a2c,drift,13,88887.29623274825,81658.75016204007,96808.77133151965
a2c,drift,14,108955.31827162603,102140.37845360023,116465.67126154131
a2c,drift,15,127764.2768840959,118135.51751743733,136966.3661984109
a2c,drift,16,147098.05797629026,136727.20190341162,155882.67449859277
a2c,drift,17,161510.29752080972,150366.31415815494,173221.10752586313
a2c,drift,18,176146.85363184471,164479.21066188408,186865.04491189794
a2c,drift,19,192396.97378787864,177218.1490720101,204805.63032505038
a2c,drift,20,206258.1245035086,190686.47846542302,217547.54501249085
a2c,drift,21,222840.23816189563,206546.39320549896,235335.89291809255
a2c,drift,22,237290.8929772535,223575.46950400673,248983.28254944299
a2c,drift,23,249614.34719694362,235835.64913301953,261022.38756216344
a2c,drift,24,267769.8737521818,255751.03220158856,279903.3294279052
a2c,drift,25,408421.58035160025,385301.23739730445,430613.91012336203
a2c,noise,0,-245.5755172714086,-301.43108534586537,-206.74851591137477
a2c,noise,1,-567.0947897524126,-622.0607780525891,-517.031687876774
a2c,noise,2,-865.1473840156132,-934.1317804403365,-798.0796394264489
a2c,noise,3,-1168.3357375342202,-1238.5050162478901,-1105.2172733833388
a2c,noise,4,-1464.9257491030628,-2638.967083049747,-636.0476424284012
a2c,noise,5,-1157.9151657596706,-3739.1576052886103,963.2603234696334
a2c,noise,6,2178.989213302111,21.796924683697924,4451.638143086867
a2c,noise,7,6767.086179434372,3589.0958810633842,9508.192251073944
a2c,noise,8,15108.763349379684,11144.302168777644,18921.966668726982
a2c,noise,9,24791.53967293835,19147.189006972985,30706.437767745545
a2c,noise,10,37376.45863123663,29822.72669699074,44371.469536531855
a2c,noise,11,56408.959445814486,48313.59821289369,63947.50073865726
a2c,noise,12,74480.13858691246,64692.73809495863,83516.56943467872
a2c,noise,13,94777.75022735262,82565.04054783197,106211.67414473218
a2c,noise,14,110150.7644161834,98933.0187572043,121491.37062166647
a2c,noise,15,127741.73060016887,116709.70039678509,138709.73267023638
a2c,noise,16,146470.4292039213,131565.41611826755,159861.6244248789
a2c,noise,17,160286.82005742576,143531.07386617878,174211.91597448438
a2c,noise,18,177945.5465577291,159697.65805526703,191988.30955606655
a2c,noise,19,194997.89418836194,175627.29436149987,210749.43409884596
a2c,noise,20,212542.96259275323,190128.57507667597,228043.73669329687
a2c,noise,21,232798.51623366572,211619.73120091957,247926.6072597971
a2c,noise,22,246860.77953647752,225927.5240130437,261519.73288573133
a2c,noise,23,262088.90433726643,243645.24402049053,277279.42497172405
a2c,noise,24,280184.86715118814,266306.91637976345,294225.25784417527
a2c,noise,25,451951.83146366343,437247.0961978307,467859.81884956255
a2c,split_policy_dynamics,0,-233.43288710352908,-268.16143127873306,-194.85253361623288
a2c,split_policy_dynamics,1,-551.9764977295418,-619.9437210506309,-472.4282071206574
a2c,split_policy_dynamics,2,-860.9963288219745,-981.8556814632955,-738.4119224073603
a2c,split_policy_dynamics,3,-1258.8726710851959,-1415.5807614013245,-1100.9140155801056
a2c,split_policy_dynamics,4,-1253.4760531288887,-2023.8898598074427,-620.5427437178583
a2c,split_policy_dynamics,5,261.3336158685057,-1094.9850976848759,1248.6205474951323
a2c,split_policy_dynamics,6,1272.7799243218567,-1699.7008026752305,3565.4842302406996
a2c,split_policy_dynamics,7,7737.169344743824,3710.5516562859602,10803.441936627747
a2c,split_policy_dynamics,8,16723.508207099494,12796.382254545142,19336.93849024278
a2c,split_policy_dynamics,9,26002.022094519172,21178.82623973628,30247.00249672649
a2c,split_policy_dynamics,10,44554.51915457924,40981.33991686819,48247.634472387195
a2c,split_policy_dynamics,11,61184.06859712722,56702.97016828488,64669.23485919497
a2c,split_policy_dynamics,12,78281.28010465302,71807.38864367755,85181.22116166633
a2c,split_policy_dynamics,13,96840.89995522948,87487.34320143431,103984.98346213346
a2c,split_policy_dynamics,14,120120.05175020565,113549.07183794503,126590.52744137976
a2c,split_policy_dynamics,15,143589.29264394756,137113.6652324437,149694.34686046606
a2c,split_policy_dynamics,16,163000.40362799686,155570.4676390414,170757.23175102595
a2c,split_policy_dynamics,17,183569.16715209745,176664.86009864113,191085.819392186
a2c,split_policy_dynamics,18,204944.893196178,197820.57688629726,212699.49133145026
a2c,split_policy_dynamics,19,220450.77667034816,213649.43767592707,228676.4511312547
a2c,split_policy_dynamics,20,238631.4401120946,230231.43329476225,247205.85706117822
a2c,split_policy_dynamics,21,256166.2629005872,248686.3314787407,264060.76236316044
a2c,split_policy_dynamics,22,272977.2297340525,264875.8552598736,281690.60769312613
a2c,split_policy_dynamics,23,288185.6373409988,278676.89069615386,296552.725704283
a2c,split_policy_dynamics,24,303680.6644619557,292782.4323571956,313509.27139276516
a2c,split_policy_dynamics,25,457756.8895971617,437676.42227421043,478330.72042344016
a3c,adverse_stress,0,-151.28174738480195,-202.1968286685681,-90.91611355466006
a3c,adverse_stress,1,-605.7692833060461,-850.9234111242378,-311.3855445696356
a3c,adverse_stress,2,-869.2686778853935,-1202.645399564623,-482.1743513892228
a3c,adverse_stress,3,-1107.9113527076638,-1595.0894212907228,-644.8591674955153
a3c,adverse_stress,4,-1435.4863186873438,-2783.1089775048545,-404.1904483242902
a3c,adverse_stress,5,-866.219346826244,-2857.3673242835903,1340.020030304586
a3c,adverse_stress,6,3116.3552937210684,503.75943879864263,5699.711112802774
a3c,adverse_stress,7,6401.194089335633,3073.33778608583,9799.391345830585
a3c,adverse_stress,8,16713.202506000747,11121.86416261855,21745.100777159118
a3c,adverse_stress,9,27278.910170361643,20732.255335808313,33028.6362749957
a3c,adverse_stress,10,35959.7699385144,30590.03329293827,40902.75694105913
a3c,adverse_stress,11,48368.81048180169,40266.24927321697,55997.36937952585
a3c,adverse_stress,12,67055.76064793339,58780.82989501557,74321.9729711372
a3c,adverse_stress,13,87434.85022133317,78208.67689713261,94071.7287361664
a3c,adverse_stress,14,102596.74658899945,92626.200006789,111630.8960231265
a3c,adverse_stress,15,116717.65713078312,103723.9209471088,127938.95020208567
a3c,adverse_stress,16,135704.5356320283,125116.7528678695,146630.6763675173
a3c,adverse_stress,17,150385.53051688842,141446.0996214057,157252.19513554213
a3c,adverse_stress,18,161628.84171448115,151624.76820316867,170019.68589219236
a3c,adverse_stress,19,174604.79220619865,163378.27502206952,185908.20075451053
a3c,adverse_stress,20,186851.88324867075,175079.40442974117,197783.79557327696
a3c,adverse_stress,21,198421.05269237372,184000.3641867123,212596.19205544627
a3c,adverse_stress,22,211432.8960512957,197018.8584290945,225393.29120139033
a3c,adverse_stress,23,221407.46296330457,207001.81023178314,238288.7747898231
a3c,adverse_stress,24,231432.00543296002,214160.04970462873,250792.07647871177
a3c,adverse_stress,25,343607.18093163514,309070.1141083036,375598.6575470948
a3c,base_market,0,-112.04186160333275,-155.77981070803295,-68.72677118580249
a3c,base_market,1,-592.7637705380492,-843.6433937606338,-296.35723342921045
a3c,base_market,2,-862.6971042759384,-1218.5773655524802,-410.76187127575923
a3c,base_market,3,-1167.672135232716,-1642.3785501782293,-607.640980019805
a3c,base_market,4,-982.3792440725625,-2053.3280408561805,-116.88523506430026
a3c,base_market,5,394.2531801336883,-2081.1573229225414,2126.0295184107495
a3c,base_market,6,296.6684130050115,-3945.267967434102,3712.160989570859
a3c,base_market,7,8070.831201130602,3999.3967727650274,11404.29513069012
a3c,base_market,8,13764.45042131791,10070.793403048096,17544.904947224964
a3c,base_market,9,23872.03341959357,19465.272741997444,28564.5912484973
a3c,base_market,10,36755.582233960085,31690.40922467011,41790.38656742171
a3c,base_market,11,50247.16252523093,40348.0092216095,59608.60434616975
a3c,base_market,12,65840.1362375299,55928.36068555149,74379.54818240347
a3c,base_market,13,87181.97112310956,73809.22691452698,100347.59606414555
a3c,base_market,14,102756.11774229676,85539.56205144417,116847.33356866494
a3c,base_market,15,117768.84668413752,98199.24986957648,134447.8844481363
a3c,base_market,16,138981.33901622187,118882.71571662204,156992.6640854479
a3c,base_market,17,155588.4262419778,131879.25532177385,175597.65218563078
a3c,base_market,18,173433.855965974,147116.16434745674,194703.289641495
a3c,base_market,19,192708.01890648543,165791.6868519497,219045.45123887496
a3c,base_market,20,207424.54716942844,180895.98722276476,235858.574938285
a3c,base_market,21,225226.47956943454,196748.2344028382,254301.23654256732
a3c,base_market,22,244524.22745976827,211728.65272734856,275558.3209437557
a3c,base_market,23,258930.90073492192,225741.1070818277,293510.6154480248
a3c,base_market,24,279512.90034885466,243702.26444882058,318107.50005721557
a3c,base_market,25,469172.32339965017,397911.9547096992,541466.9742324913
a3c,class_imbalance_shift,0,-505.59110317053745,-759.6218249381708,-257.9862127445174
a3c,class_imbalance_shift,1,-752.3169115546889,-1063.124855903687,-429.7670752908422
a3c,class_imbalance_shift,2,-1082.41813457269,-1530.3299125986211,-638.3648910144533
a3c,class_imbalance_shift,3,-1446.3738497871516,-2058.153458273539,-771.7785347280992
a3c,class_imbalance_shift,4,-1353.773164563573,-2548.6872109059004,-389.9214311229068
a3c,class_imbalance_shift,5,-783.5020618234284,-3678.871215183964,1576.726194184914
a3c,class_imbalance_shift,6,327.6509884610278,-3151.3313741839,2932.055950849787
a3c,class_imbalance_shift,7,4726.25276054051,717.6098693903916,7801.057348929158
a3c,class_imbalance_shift,8,13231.014659151515,8692.130439325643,17561.26066083028
a3c,class_imbalance_shift,9,21814.123616729055,17540.099953392906,26410.196819703895
a3c,class_imbalance_shift,10,35016.451782604665,29485.48327308259,39974.52898782142
a3c,class_imbalance_shift,11,46626.34411877291,40315.30935250981,52140.94698473467
a3c,class_imbalance_shift,12,65179.20094352647,58839.326867634074,71604.60846565016
a3c,class_imbalance_shift,13,78594.11822818412,71543.95333980967,85725.84573856682
a3c,class_imbalance_shift,14,98132.78195665487,89824.6048771178,104499.36871689236
a3c,class_imbalance_shift,15,110705.20043834635,100575.41719879842,119854.1013868363
a3c,class_imbalance_shift,16,127837.74716753287,116139.36942673301,136730.63112772137
a3c,class_imbalance_shift,17,144203.05160629805,128486.43573474204,155785.72672673775
a3c,class_imbalance_shift,18,160253.85386463403,143854.7720221771,174109.8260380519
a3c,class_imbalance_shift,19,175682.49115465189,155570.6430760726,191759.54531731975
a3c,class_imbalance_shift,20,193955.3323831229,168416.27612519515,212586.32947153726
a3c,class_imbalance_shift,21,212842.9051030491,186333.34991931767,232748.55846350393
a3c,class_imbalance_shift,22,225358.6693064886,197118.769881903,246647.9764293917
a3c,class_imbalance_shift,23,236955.80947196798,206795.8402282812,261425.87790376446
a3c,class_imbalance_shift,24,251377.00211902047,220257.6344893081,278526.92460444506
a3c,class_imbalance_shift,25,421941.9784164997,346945.55321658857,496802.3839610406
a3c,drift,0,-137.75830141139863,-200.6176015545116,-70.4509318917499
a3c,drift,1,-625.2119592071514,-838.954313233398,-338.2458656320792
a3c,drift,2,-898.8370808326363,-1202.0131341752501,-454.5550264825715
a3c,drift,3,-1003.7444770744718,-1305.6189286869621,-574.444812790937
a3c,drift,4,-964.9152049656456,-2039.283718912677,220.43824653188932
a3c,drift,5,-168.02599762433556,-2280.727062621012,1885.4571880230271
a3c,drift,6,3416.1472215970957,-715.5003529340203,7011.222826462228
a3c,drift,7,7256.278061131924,3016.5174020073696,12055.840486746287
a3c,drift,8,13296.856053805774,10177.34880247054,17361.827949283943
a3c,drift,9,23708.257969307884,20941.823389277146,27297.62336352894
a3c,drift,10,39881.585739417096,36990.8411449613,42918.24989839434
a3c,drift,11,54322.223178004126,47353.66664505472,60266.78112741853
a3c,drift,12,70433.33294859629,60209.535997655534,78964.7480917787
a3c,drift,13,86369.20086995796,76766.76689403634,93707.50256006166
a3c,drift,14,106879.57786437175,95575.14703565092,115843.15789328945
a3c,drift,15,124547.548572567,107922.68437118742,136376.84250517742
a3c,drift,16,142147.76234208338,126255.63396322753,156250.43974529026
a3c,drift,17,159403.74241175936,139424.26635990743,174843.73662020988
a3c,drift,18,171982.1580251383,151990.94176232518,187842.9663758893
a3c,drift,19,189010.25054879417,166062.66166868916,210789.4014145388
a3c,drift,20,202067.31271177102,179369.70188808895,221619.7287042321
a3c,drift,21,217826.46280784105,191752.53371918586,239826.0092555947
a3c,drift,22,230142.9627314829,205225.89748396765,252973.25624192637
a3c,drift,23,243958.8008606938,220333.9769119397,266952.99082649767
a3c,drift,24,258333.43939493885,234941.8224303126,282987.6940211075
a3c,drift,25,418039.4067655595,353287.9941398997,489734.8268579286
a3c,noise,0,-267.5690261955702,-457.68798929505704,-98.94543067608079
a3c,noise,1,-671.7919162589563,-931.7324826503614,-425.0526135022048
a3c,noise,2,-993.6255217933654,-1379.3500163819663,-638.7445141897794
a3c,noise,3,-1349.6010928140797,-1818.8375028245684,-888.8277415106342
a3c,noise,4,-1724.9527703677793,-2603.101800498955,-839.0315598890389
a3c,noise,5,-1337.3983354920144,-3850.9328733910825,468.76320479817866
a3c,noise,6,1459.2105252733306,-799.5941075496629,3741.7705827429327
a3c,noise,7,6862.312561784449,3941.1902228024564,9654.923378984078
a3c,noise,8,16209.674899830561,12442.191811506473,20459.003187249913
a3c,noise,9,25903.68406482948,19914.53081879439,32430.696537299496
a3c,noise,10,38114.04989517396,29727.17061853632,46248.65311381571
a3c,noise,11,55395.91429632061,48751.54872542714,62458.41612346914
a3c,noise,12,71641.8380376812,60630.3546872682,80838.53121294932
a3c,noise,13,90859.8883946822,77948.19969510137,102354.49518076246
a3c,noise,14,109819.75187807075,96969.6418113147,121870.90373729062
a3c,noise,15,125783.91440334666,111911.91907726732,138226.23894663464
a3c,noise,16,143458.83024317937,123804.21138947355,158115.75160848667
a3c,noise,17,157244.99800209186,133475.50831065758,175249.63387611767
a3c,noise,18,175045.09360336608,148007.56690169757,197741.21469207556
a3c,noise,19,192140.1684941475,166212.33205018795,214920.93603904612
a3c,noise,20,210987.11134392794,182559.76568564636,239477.6129204965
a3c,noise,21,230978.07675127327,202166.31315347785,260145.69673491202
a3c,noise,22,244351.3108025459,216320.00089632216,273893.1803514563
a3c,noise,23,260396.4909999961,230894.01940768142,292734.906916335
a3c,noise,24,278328.00952758064,249293.34983236692,312689.30680836353
a3c,noise,25,466840.7192332192,400747.63803802937,531092.8977565605
a3c,split_policy_dynamics,0,-120.45462458443001,-164.58244233268613,-83.48894151528225
a3c,split_policy_dynamics,1,-606.65327685395,-836.9840326290778,-354.1980206143823
a3c,split_policy_dynamics,2,-889.159472971227,-1225.0826300407005,-530.6200196185496
a3c,split_policy_dynamics,3,-1144.310744061888,-1547.600852585931,-683.1896058434771
a3c,split_policy_dynamics,4,-926.0162207765998,-1572.6969754184443,-484.6818129673512
a3c,split_policy_dynamics,5,625.4032797615978,-834.196278315624,1982.0871027736737
a3c,split_policy_dynamics,6,1394.3018059362446,-1670.8057284568563,4134.143164039203
a3c,split_policy_dynamics,7,8230.068313477706,3727.004167058986,11616.494903179755
a3c,split_policy_dynamics,8,18168.238579573383,12724.440855296269,21697.792535646808
a3c,split_policy_dynamics,9,27050.701014744787,22338.173877495326,31404.537142262227
a3c,split_policy_dynamics,10,42162.55523293734,36282.646560316636,46569.716281924244
a3c,split_policy_dynamics,11,59342.99799441205,55351.18019483207,62440.74822091904
a3c,split_policy_dynamics,12,76594.26765337112,69018.09392146335,82487.8479002132
a3c,split_policy_dynamics,13,94950.61405371834,84854.80014504367,101486.67342994158
a3c,split_policy_dynamics,14,116882.90975138715,108782.67143197816,123664.24738026601
a3c,split_policy_dynamics,15,137764.5491363643,129276.54345152155,145686.61226824764
a3c,split_policy_dynamics,16,157478.91568347285,146298.01756863148,168075.3613672684
a3c,split_policy_dynamics,17,175786.9869932161,162079.2954027644,190183.02470461556
a3c,split_policy_dynamics,18,195326.21464907867,178797.29387615083,211487.83690312132
a3c,split_policy_dynamics,19,209294.5656998935,191252.5105371843,225859.7123253256
a3c,split_policy_dynamics,20,231307.94437784873,212449.74998725372,250572.677884747
a3c,split_policy_dynamics,21,246573.4275618269,226974.7526610821,267962.8522247741
a3c,split_policy_dynamics,22,261196.39012544477,239031.8908233578,286882.2847469021
a3c,split_policy_dynamics,23,277623.70916866127,252621.46992355303,306595.3803247329
a3c,split_policy_dynamics,24,293291.510794199,262239.67349135247,326070.7881743201
a3c,split_policy_dynamics,25,473054.6572963102,408044.39635185385,544044.4991875537
constraint_aware_weekly,adverse_stress,0,-1038.092429472821,-1079.8346867603475,-988.8351695920907
constraint_aware_weekly,adverse_stress,1,-2099.666994647242,-2138.013595791087,-2051.7880294684605
constraint_aware_weekly,adverse_stress,2,-3121.302222383157,-3192.4714844222262,-3026.437336837006
constraint_aware_weekly,adverse_stress,3,-4186.528131854227,-4263.473107663473,-4088.08363602025
constraint_aware_weekly,adverse_stress,4,-4129.958429945769,-5041.966940192408,-3290.8974531292824
constraint_aware_weekly,adverse_stress,5,-2832.7034121462107,-4229.417373406818,-1303.125926898149
constraint_aware_weekly,adverse_stress,6,-381.766511943588,-3714.194362673276,3781.4163658804914
constraint_aware_weekly,adverse_stress,7,8984.546403500524,5052.965430854484,13321.3235971519
constraint_aware_weekly,adverse_stress,8,17097.954485110484,11987.495223433272,22114.742835345667
constraint_aware_weekly,adverse_stress,9,36303.33699877736,28368.839536576408,43832.83002825684
constraint_aware_weekly,adverse_stress,10,55386.767323450396,46975.51684234106,61459.63505087098
constraint_aware_weekly,adverse_stress,11,77177.66267318887,66907.43210041792,86096.19512180664
constraint_aware_weekly,adverse_stress,12,106380.75129233242,97522.95346459752,113821.10299995332
constraint_aware_weekly,adverse_stress,13,127407.20531681919,113833.47743425796,138586.98598587967
constraint_aware_weekly,adverse_stress,14,152890.83990926816,136993.5065773423,164558.84845819368
constraint_aware_weekly,adverse_stress,15,181464.0458511448,164629.56357605392,192645.03927945346
constraint_aware_weekly,adverse_stress,16,204146.98789299827,189497.64650179193,214311.76634100228
constraint_aware_weekly,adverse_stress,17,227496.47933681204,211872.6872501607,240894.4511893139
constraint_aware_weekly,adverse_stress,18,248081.08224729405,232894.49868278368,260933.63491987952
constraint_aware_weekly,adverse_stress,19,273417.6775440337,256603.7839296906,288754.2403556261
constraint_aware_weekly,adverse_stress,20,291696.95449568983,275066.137590226,306334.5984602957
constraint_aware_weekly,adverse_stress,21,302543.7643451346,287152.64412961225,316107.2288158024
constraint_aware_weekly,adverse_stress,22,318752.57953182264,304916.0538154584,330969.59488543944
constraint_aware_weekly,adverse_stress,23,332930.01787186094,320168.89837708796,345936.50769857713
constraint_aware_weekly,adverse_stress,24,350527.09948715405,338947.81475369073,362595.34906124044
constraint_aware_weekly,adverse_stress,25,523842.38443902996,509112.38991976547,542174.6957420738
constraint_aware_weekly,base_market,0,-1038.046328925376,-1073.731524967235,-999.0360481817456
constraint_aware_weekly,base_market,1,-2121.812217067619,-2161.9186756595686,-2077.0835124673285
constraint_aware_weekly,base_market,2,-3218.7704722975286,-3254.6492853042464,-3181.2369263738105
constraint_aware_weekly,base_market,3,-4307.129432714998,-4361.785017975989,-4257.064725983786
constraint_aware_weekly,base_market,4,-4352.985769963949,-4960.815367761935,-3807.168360156975
constraint_aware_weekly,base_market,5,-1378.9865950274004,-2737.8261500015706,154.40124509166307
constraint_aware_weekly,base_market,6,2433.1364141267964,-1009.2200858081344,7005.180721783575
constraint_aware_weekly,base_market,7,7936.125544563994,3102.20059031463,13787.680940788336
constraint_aware_weekly,base_market,8,16496.873836505958,11096.633412784115,21479.524584868715
constraint_aware_weekly,base_market,9,29096.020663452375,23813.972770645174,35163.20928514939
constraint_aware_weekly,base_market,10,46864.048509927554,41284.639883332005,51892.93863511612
constraint_aware_weekly,base_market,11,68723.08231205116,62558.09095621156,74483.61887793173
constraint_aware_weekly,base_market,12,94048.09110245033,82002.29175727931,101702.32384658507
constraint_aware_weekly,base_market,13,119561.44901957118,105958.1971417093,129684.19402460182
constraint_aware_weekly,base_market,14,152144.4405769522,139825.3829351913,162120.31716831954
constraint_aware_weekly,base_market,15,179532.11714833148,167160.9746615873,189937.6581076474
constraint_aware_weekly,base_market,16,207934.0505401391,194022.5771424533,219243.74458593052
constraint_aware_weekly,base_market,17,231659.09318945746,217037.90625802532,241899.72947880864
constraint_aware_weekly,base_market,18,255684.86324141733,241769.79154516532,265450.0174719623
constraint_aware_weekly,base_market,19,283563.2700544262,267339.6815097988,295391.1847203395
constraint_aware_weekly,base_market,20,303328.82271074766,286614.8957504334,318215.40030357946
constraint_aware_weekly,base_market,21,330549.60079151177,313374.8219742869,345859.2972264043
constraint_aware_weekly,base_market,22,352850.83478687634,337124.3483684246,367889.0869996155
constraint_aware_weekly,base_market,23,380056.64815247705,366612.1585009347,393601.29526326776
constraint_aware_weekly,base_market,24,413079.25294303126,398438.1029422431,428955.3367139039
constraint_aware_weekly,base_market,25,700234.6112268404,678769.0418395904,720265.1851600751
constraint_aware_weekly,class_imbalance_shift,0,-1093.195083316171,-1115.436630047484,-1062.386861558684
constraint_aware_weekly,class_imbalance_shift,1,-2158.7267980882657,-2210.1025983558025,-2110.3943007010407
constraint_aware_weekly,class_imbalance_shift,2,-3167.267742747128,-3246.6882490227154,-3085.868949062081
constraint_aware_weekly,class_imbalance_shift,3,-4249.282003639583,-4330.19314534074,-4181.987974756706
constraint_aware_weekly,class_imbalance_shift,4,-4649.792813751029,-5387.537610189294,-3865.2577659043145
constraint_aware_weekly,class_imbalance_shift,5,-4361.92165757539,-5630.60331423948,-3327.4174964570066
constraint_aware_weekly,class_imbalance_shift,6,-4969.835189316181,-7802.065587355925,-2083.3741912742926
constraint_aware_weekly,class_imbalance_shift,7,-2388.060092907811,-6665.3035161121825,2183.658135849237
constraint_aware_weekly,class_imbalance_shift,8,4399.696111636765,-288.25454620682586,9237.012799340016
constraint_aware_weekly,class_imbalance_shift,9,19425.60424583219,15356.69698938472,24048.61971818063
constraint_aware_weekly,class_imbalance_shift,10,42155.04193716863,37768.09670144591,47188.755585107174
constraint_aware_weekly,class_imbalance_shift,11,60925.990087897,55178.90181520231,67707.62430493553
constraint_aware_weekly,class_imbalance_shift,12,83702.05568857316,78093.11877847037,90657.29054349959
constraint_aware_weekly,class_imbalance_shift,13,108994.44935332173,101899.34135573357,115877.94185677076
constraint_aware_weekly,class_imbalance_shift,14,134879.4756699069,123092.05436555181,144689.3726573009
constraint_aware_weekly,class_imbalance_shift,15,159943.5906619944,147609.2594897806,170449.91392874497
constraint_aware_weekly,class_imbalance_shift,16,183246.7565336127,170823.2829887519,200808.25224319703
constraint_aware_weekly,class_imbalance_shift,17,206867.5627733166,192592.02077304258,223722.68831579934
constraint_aware_weekly,class_imbalance_shift,18,232502.39209417757,220936.9719009232,248991.4996972608
constraint_aware_weekly,class_imbalance_shift,19,259537.15671659054,248259.9833131503,274873.87820987194
constraint_aware_weekly,class_imbalance_shift,20,287829.18273224833,276927.9888346156,299966.84201983723
constraint_aware_weekly,class_imbalance_shift,21,314794.256320648,300663.4167101733,329636.4328757445
constraint_aware_weekly,class_imbalance_shift,22,335925.18940272735,321777.48958207533,352844.7789810142
constraint_aware_weekly,class_imbalance_shift,23,361117.5990210289,345260.51182181464,379627.0145722366
constraint_aware_weekly,class_imbalance_shift,24,383156.53121333773,364116.8737902435,403951.334614657
constraint_aware_weekly,class_imbalance_shift,25,634972.5641866316,614615.2177680488,655912.8736473473
constraint_aware_weekly,drift,0,-1073.456937150162,-1099.5469792173587,-1041.3471114905674
constraint_aware_weekly,drift,1,-2113.6475308556237,-2158.576175032346,-2065.762311485233
constraint_aware_weekly,drift,2,-3175.194117231086,-3227.5488957607668,-3123.2991114091974
constraint_aware_weekly,drift,3,-4252.178670419584,-4320.465562804805,-4178.6391365805885
constraint_aware_weekly,drift,4,-5298.468104943639,-6765.42332846112,-4172.8761249086965
constraint_aware_weekly,drift,5,-6115.266963053063,-7627.4957256430525,-4593.7794440645075
constraint_aware_weekly,drift,6,-4313.982605394913,-6359.68682483493,-2446.031698000543
constraint_aware_weekly,drift,7,1476.658895359332,-1820.950699219912,4833.1171931427925
constraint_aware_weekly,drift,8,9396.041472833602,4092.7267724739127,14731.582790422875
constraint_aware_weekly,drift,9,22790.045765633044,17207.24074364173,30547.97805903865
constraint_aware_weekly,drift,10,38471.740973619795,32886.14681866476,45381.690813749585
constraint_aware_weekly,drift,11,62573.79890205691,55683.87321253944,69704.12656623285
constraint_aware_weekly,drift,12,87718.44922457433,77625.24586238991,96856.71351396528
constraint_aware_weekly,drift,13,114785.04367446822,103177.72034974801,126268.61032998508
constraint_aware_weekly,drift,14,138781.40485721885,127281.7255913532,151051.3425387153
constraint_aware_weekly,drift,15,168542.0785953044,154470.9507127775,180780.43176656752
constraint_aware_weekly,drift,16,193345.1592273818,177370.4272629367,205634.37215316104
constraint_aware_weekly,drift,17,218520.3459947603,199967.84992307005,229545.22780688928
constraint_aware_weekly,drift,18,236845.09350099447,218549.66811100615,252676.25957199064
constraint_aware_weekly,drift,19,264489.3365930174,250616.11195039167,277348.8074073648
constraint_aware_weekly,drift,20,289731.5364091928,275129.5403702691,302737.3423567897
constraint_aware_weekly,drift,21,306722.3101595936,292985.13806242234,319547.25480583386
constraint_aware_weekly,drift,22,326274.7876566749,311027.029232408,340791.08084230585
constraint_aware_weekly,drift,23,349914.8760186618,331832.93865153426,364817.2699038538
constraint_aware_weekly,drift,24,376340.27987186966,358040.0765643301,391235.2404347991
constraint_aware_weekly,drift,25,623026.2507098839,604745.3228359232,639607.8976487515
constraint_aware_weekly,noise,0,-939.7480174407598,-965.651065305956,-907.1816462908557
constraint_aware_weekly,noise,1,-1876.0926899602473,-1921.944146878285,-1821.2292452648487
constraint_aware_weekly,noise,2,-2833.5226697825624,-2897.0825931205613,-2753.9128562813344
constraint_aware_weekly,noise,3,-3797.4055021958666,-3880.769165618264,-3717.3766875756755
constraint_aware_weekly,noise,4,-5266.626622678291,-6140.130158986079,-4357.730786526432
constraint_aware_weekly,noise,5,-5038.686350096904,-8187.245257371629,-3021.845245643603
constraint_aware_weekly,noise,6,-3447.69000986292,-7092.337503512092,-301.1630072434163
constraint_aware_weekly,noise,7,2167.630288561991,-2205.470638194295,5678.185736617823
constraint_aware_weekly,noise,8,10197.251071305924,7016.071878867011,13359.57105472988
constraint_aware_weekly,noise,9,21197.314788331485,15546.368489169336,24998.9645886104
constraint_aware_weekly,noise,10,39585.982897585105,34646.50943773571,44395.00754275343
constraint_aware_weekly,noise,11,59951.51678716362,52973.631435281284,66209.95163808958
constraint_aware_weekly,noise,12,83228.09134265767,76743.21530893208,88725.4374046112
constraint_aware_weekly,noise,13,108329.61934966432,101088.69129224344,116274.30297148433
constraint_aware_weekly,noise,14,133870.55949338988,123505.46992822275,143489.08308629494
constraint_aware_weekly,noise,15,160168.01239286002,148864.08107796832,171242.3500229917
constraint_aware_weekly,noise,16,182904.7460470416,172368.64995325546,194212.54942390716
constraint_aware_weekly,noise,17,202987.71405963003,189666.7897804698,214273.89352564627
constraint_aware_weekly,noise,18,226657.80845911868,211783.88655796667,243909.53938810204
constraint_aware_weekly,noise,19,249248.12529895597,232358.09941047124,269033.5257756104
constraint_aware_weekly,noise,20,277527.36313921964,259604.05910845508,298491.64567423187
constraint_aware_weekly,noise,21,298120.088329716,278693.330087871,319131.5459693196
constraint_aware_weekly,noise,22,322228.37190058077,301351.09869725246,342710.4292129119
constraint_aware_weekly,noise,23,343872.2277042324,318420.24047354195,368138.3364546596
constraint_aware_weekly,noise,24,370404.44261963386,345162.0784392313,397390.78201238683
constraint_aware_weekly,noise,25,640951.3787137029,606643.5761278793,672389.6221960183
constraint_aware_weekly,split_policy_dynamics,0,-1049.452291278226,-1088.318412486322,-1014.3670518768864
constraint_aware_weekly,split_policy_dynamics,1,-2131.65477313949,-2164.258653133499,-2098.8708104553
constraint_aware_weekly,split_policy_dynamics,2,-3211.3614360318693,-3259.6417754261297,-3152.674329011489
constraint_aware_weekly,split_policy_dynamics,3,-4286.137267820991,-4327.830362438039,-4241.389646492376
constraint_aware_weekly,split_policy_dynamics,4,-4985.507599181595,-6273.685674702803,-3874.289352460198
constraint_aware_weekly,split_policy_dynamics,5,-4438.937175024318,-6290.465720608287,-2646.0608688652674
constraint_aware_weekly,split_policy_dynamics,6,-1680.9212774395016,-3756.132062724943,477.14515870364914
constraint_aware_weekly,split_policy_dynamics,7,1159.6190831432784,-1901.02730429766,3503.0678989454273
constraint_aware_weekly,split_policy_dynamics,8,14275.095877944792,9154.589225585756,18819.147460020482
constraint_aware_weekly,split_policy_dynamics,9,28128.117942240322,23323.909712769317,32602.13763618185
constraint_aware_weekly,split_policy_dynamics,10,51346.15393848013,43761.01006337478,57589.960800853325
constraint_aware_weekly,split_policy_dynamics,11,75808.44635673257,68901.69360862706,81593.62606228632
constraint_aware_weekly,split_policy_dynamics,12,104869.5488229862,93073.69564143293,115667.11716964186
constraint_aware_weekly,split_policy_dynamics,13,135058.85326699747,122538.87268385656,144599.59780598877
constraint_aware_weekly,split_policy_dynamics,14,160766.62014679864,147353.18831043056,170446.85221722693
constraint_aware_weekly,split_policy_dynamics,15,185675.18244759823,173119.40886371964,195268.09767492107
constraint_aware_weekly,split_policy_dynamics,16,213156.80631100418,200638.4297860268,224543.59031391333
constraint_aware_weekly,split_policy_dynamics,17,236515.61604051603,224622.445879362,247665.73747772418
constraint_aware_weekly,split_policy_dynamics,18,261688.9066717683,247332.83860339283,275286.79483087646
constraint_aware_weekly,split_policy_dynamics,19,290039.86178806826,277090.4715206411,301977.68071659026
constraint_aware_weekly,split_policy_dynamics,20,318120.1798035184,302372.40042751713,330693.1386945972
constraint_aware_weekly,split_policy_dynamics,21,343942.3935147719,328025.8230561896,356727.8918792654
constraint_aware_weekly,split_policy_dynamics,22,369168.38541455084,351372.6653037669,383171.8021219735
constraint_aware_weekly,split_policy_dynamics,23,397510.1129117061,380052.57256175176,412021.88605932175
constraint_aware_weekly,split_policy_dynamics,24,426459.0428029033,407461.66019616596,442184.3550107733
constraint_aware_weekly,split_policy_dynamics,25,689169.7874252173,660520.3877986054,710954.6386026483
double_dqn,adverse_stress,0,-499.0465552396624,-583.3884796834634,-407.90744129875
double_dqn,adverse_stress,1,-943.2465404598283,-1126.2552701068478,-742.7643511733976
double_dqn,adverse_stress,2,-1416.1826587518228,-1683.0059347199679,-1131.2026469809887
double_dqn,adverse_stress,3,-1849.6688049749666,-2221.2896076573934,-1447.3600979246312
double_dqn,adverse_stress,4,-1964.0855036072087,-2649.807720832806,-1454.0261380046838
double_dqn,adverse_stress,5,-2369.5213330291513,-3740.6160164861535,-1114.0878994876823
double_dqn,adverse_stress,6,-303.44257342755935,-2185.812677149914,1444.9509771223645
double_dqn,adverse_stress,7,2205.9628701173056,-1266.4813314212884,5627.443187551013
double_dqn,adverse_stress,8,10397.666404801117,4761.189367280633,16004.472414307078
double_dqn,adverse_stress,9,17850.654432455038,9677.096576560243,25716.2447635008
double_dqn,adverse_stress,10,26012.837943018003,15555.915513803255,35569.83150422083
double_dqn,adverse_stress,11,35457.36850364662,21611.741374109304,49073.081517261686
double_dqn,adverse_stress,12,50762.357041914045,30907.74447359354,69367.03319228764
double_dqn,adverse_stress,13,66205.9874233459,42205.774987614335,88703.73631519091
double_dqn,adverse_stress,14,80034.64755327361,49881.522090852566,107448.36812660747
double_dqn,adverse_stress,15,93095.30507497503,58154.733809142206,123191.36346697276
double_dqn,adverse_stress,16,105014.86461671577,67210.31569032058,140075.56489189365
double_dqn,adverse_stress,17,115901.68587619024,76254.37623194412,151485.01643781058
double_dqn,adverse_stress,18,123229.39267526231,81422.6050341005,161507.0498823885
double_dqn,adverse_stress,19,134380.3469707033,90884.27837540345,176567.09960568883
double_dqn,adverse_stress,20,145510.2659574248,95576.08634964013,189792.027584635
double_dqn,adverse_stress,21,157175.54754717983,103386.61472021443,207926.6075358844
double_dqn,adverse_stress,22,165526.88689282862,110273.8176457886,217054.79730042338
double_dqn,adverse_stress,23,174440.91868814128,119561.92257356312,232036.09033049498
double_dqn,adverse_stress,24,182596.2938201346,121600.5497638993,240436.4635985027
double_dqn,adverse_stress,25,275578.487625135,189471.70824903436,359184.8208168283
double_dqn,base_market,0,-478.6071942044891,-569.4775775011191,-381.3495930454605
double_dqn,base_market,1,-974.1393098510498,-1181.6837024464703,-751.828916382789
double_dqn,base_market,2,-1467.8575188472323,-1806.1003061446372,-1120.5531241809442
double_dqn,base_market,3,-1954.4086806646608,-2421.213019810241,-1505.7666816632886
double_dqn,base_market,4,-1770.2590858151545,-2434.771639967165,-1208.3871859672843
double_dqn,base_market,5,-1515.0343281889943,-3377.048851111229,-49.50138235300197
double_dqn,base_market,6,220.56919206542332,-2686.6415991454573,2891.557325791572
double_dqn,base_market,7,2945.7823660424197,-835.9974216053272,6618.758222577658
double_dqn,base_market,8,7634.909715378875,1702.6805553372635,12521.860424899443
double_dqn,base_market,9,12970.609072310684,6819.597143618533,19591.17976952446
double_dqn,base_market,10,21993.567804874892,12604.330417476875,30638.711412470366
double_dqn,base_market,11,31209.14227852019,18294.740708811038,45126.939865963184
double_dqn,base_market,12,42469.99482656869,25620.845496053855,59236.37755329619
double_dqn,base_market,13,54336.2413734753,34790.79768522046,76089.85062363702
double_dqn,base_market,14,67325.36868870471,42096.21270988006,93531.19883031206
double_dqn,base_market,15,80202.13358788761,49932.228723985405,111857.81106964867
double_dqn,base_market,16,94733.67121096904,60337.4976020633,130709.76286008517
double_dqn,base_market,17,108184.30124714831,70726.21112552962,146735.64409814455
double_dqn,base_market,18,120301.52074412182,77670.10694490063,162565.22635746532
double_dqn,base_market,19,132153.3340125979,85110.25545485303,181370.04242573463
double_dqn,base_market,20,143091.26571488284,93709.36833731632,195078.29402816624
double_dqn,base_market,21,153979.27025804832,102269.75613093609,206599.9986295213
double_dqn,base_market,22,163941.47475416926,108257.96083409955,217636.24812090813
double_dqn,base_market,23,175921.15376248307,117045.01824503396,232499.4875081041
double_dqn,base_market,24,187275.3107002956,126845.63471116524,247384.97897107515
double_dqn,base_market,25,314908.7783804441,209982.1206379914,410007.38051167125
double_dqn,class_imbalance_shift,0,-474.9114280313366,-572.6055606687542,-370.9911577387714
double_dqn,class_imbalance_shift,1,-950.40045670472,-1135.9837929831679,-769.9889294719371
double_dqn,class_imbalance_shift,2,-1412.9806511447468,-1703.158465703465,-1144.8706384936354
double_dqn,class_imbalance_shift,3,-1873.1844146733517,-2243.9061289566703,-1506.0488573611276
double_dqn,class_imbalance_shift,4,-1770.0683729582388,-2256.1349183011816,-1406.531712319497
double_dqn,class_imbalance_shift,5,-952.6494238707495,-2341.233239783337,77.3555301490409
double_dqn,class_imbalance_shift,6,775.3432993856695,-1313.4664102656927,2433.4652019970085
double_dqn,class_imbalance_shift,7,2626.6959436543452,63.47328177490597,5597.1876375708225
double_dqn,class_imbalance_shift,8,7717.196567506642,2447.0658236459185,12707.098051472727
double_dqn,class_imbalance_shift,9,15348.988361445125,7197.668323908112,23222.504417987057
double_dqn,class_imbalance_shift,10,21280.686283133415,12188.708122558563,31327.110084697902
double_dqn,class_imbalance_shift,11,29485.03410411021,17416.782642608134,42058.712847532304
double_dqn,class_imbalance_shift,12,44180.31735967635,27160.826107006375,60959.80386968274
double_dqn,class_imbalance_shift,13,53041.187849585745,33524.11470495391,71190.19613068154
double_dqn,class_imbalance_shift,14,65736.66943235701,40887.243332804785,88908.84464037669
double_dqn,class_imbalance_shift,15,74266.6331985722,48620.33053538037,100482.38217992272
double_dqn,class_imbalance_shift,16,86937.18370656362,56238.156634026236,117608.60272597885
double_dqn,class_imbalance_shift,17,102866.18389380739,64786.59777728754,140230.01757151706
double_dqn,class_imbalance_shift,18,112887.60516670118,70012.69261338699,152849.79565370205
double_dqn,class_imbalance_shift,19,123825.09122527535,77392.62729393566,167667.70155709673
double_dqn,class_imbalance_shift,20,136391.55554153473,85926.8818007492,184119.50044673524
double_dqn,class_imbalance_shift,21,148972.46667437433,96420.61260402363,198273.58606644798
double_dqn,class_imbalance_shift,22,158177.28008167195,103704.162734938,209809.458893278
double_dqn,class_imbalance_shift,23,166665.45923887758,109360.82643463956,220782.4868271395
double_dqn,class_imbalance_shift,24,176911.11975050802,115785.10873044404,235838.21092802926
double_dqn,class_imbalance_shift,25,296661.8019597998,198387.5835605121,385958.4661230465
double_dqn,drift,0,-452.56069232029813,-564.0212414772699,-327.1252515267206
double_dqn,drift,1,-965.4658956844524,-1172.2778968574798,-748.4037484053529
double_dqn,drift,2,-1445.166747621048,-1784.625600869914,-1080.7663455467061
double_dqn,drift,3,-1967.0352522363364,-2386.5648282452444,-1518.1052638504293
double_dqn,drift,4,-2064.0671436171997,-2675.100718093605,-1451.171321536781
double_dqn,drift,5,-1913.5105634141044,-3554.4121311708304,-418.20362564214383
double_dqn,drift,6,-462.7946456116653,-3943.309956014392,2517.7322663051095
double_dqn,drift,7,1381.7318347227265,-1703.1346313888112,4430.565223433167
double_dqn,drift,8,6479.329755206622,1749.4576661011963,10637.810664610177
double_dqn,drift,9,12973.071448460772,6454.781535103099,18620.297934481092
double_dqn,drift,10,21599.38503477954,11799.214806853292,30897.446743078297
double_dqn,drift,11,33636.9180470389,19544.702453097645,46646.54799090235
double_dqn,drift,12,47113.977623859515,28732.494828095412,64412.646966618166
double_dqn,drift,13,59436.77081421602,36491.36483076913,81235.31147754974
double_dqn,drift,14,73073.065513722,44789.802283991754,98185.68557432892
double_dqn,drift,15,85749.09222593137,52039.164608384366,118170.48946843795
double_dqn,drift,16,99015.92066367205,60787.06426418839,134399.3524292324
double_dqn,drift,17,111393.62950814517,69095.52567871408,150613.61436801188
double_dqn,drift,18,120931.87344541801,73485.36885286921,163963.57392914838
double_dqn,drift,19,132648.71660277684,78905.20141717723,180861.43494896736
double_dqn,drift,20,143097.33773598852,86046.21209288202,193341.31862300605
double_dqn,drift,21,153982.56272822496,93188.91206816953,208690.95032666757
double_dqn,drift,22,165332.74444739745,101972.01553905472,221647.3560179101
double_dqn,drift,23,174793.9971970449,108509.87575624076,238285.55505160225
double_dqn,drift,24,184002.41827437814,115211.53728156397,248369.44481145625
double_dqn,drift,25,286364.5757799431,188569.91977322422,376659.668472403
double_dqn,noise,0,-392.35987111260243,-494.1813224277092,-280.01481158677814
double_dqn,noise,1,-783.7345464265172,-1011.3379280886686,-546.863002986238
double_dqn,noise,2,-1221.3051174314542,-1593.815871708853,-855.9235490452792
double_dqn,noise,3,-1617.096772511245,-2102.6235232666786,-1138.6524345096109
double_dqn,noise,4,-2027.985160738642,-3479.943790416157,-1084.9083482243677
double_dqn,noise,5,-1395.865696747639,-4057.736326982421,531.4169311010495
double_dqn,noise,6,620.9234506119623,-1936.6147394366267,2582.370708930796
double_dqn,noise,7,4093.437522577453,403.9818603664384,7144.532601743419
double_dqn,noise,8,9566.839107285517,3261.1353702456186,14728.726267837663
double_dqn,noise,9,15843.682736869008,9326.773090637802,20774.106190250983
double_dqn,noise,10,25732.70932531693,16282.097607977386,34651.022285743216
double_dqn,noise,11,40696.08042225912,27273.859314184043,53350.90069379557
double_dqn,noise,12,56660.477123843135,38403.286499263035,72608.01635561195
double_dqn,noise,13,73397.17535116903,48556.59044862955,94727.71670429842
double_dqn,noise,14,85061.65160304314,57432.23808056854,107423.42147171704
double_dqn,noise,15,99206.60949201224,68536.39943628141,125715.91300856766
double_dqn,noise,16,113312.60061903812,78375.11728620784,142422.56320556023
double_dqn,noise,17,125146.1629269626,86457.2362537906,155814.32173189125
double_dqn,noise,18,139119.70270371748,96953.61174494709,173508.33858110115
double_dqn,noise,19,153821.84617619752,107496.10389214697,192575.12664942484
double_dqn,noise,20,167763.69655471068,118032.97347456316,210333.8956164428
double_dqn,noise,21,180371.20285360204,130680.89253558946,223806.5031274216
double_dqn,noise,22,192778.09448913333,138538.00670315197,241620.5159235232
double_dqn,noise,23,206455.82648126615,150769.52869639313,255330.37349623864
double_dqn,noise,24,218372.10076477774,163645.38930252724,266361.7565090018
double_dqn,noise,25,367779.127200374,284481.79902220133,444283.35148272634
double_dqn,split_policy_dynamics,0,-505.53043779171026,-606.5226772913439,-389.78574957808775
double_dqn,split_policy_dynamics,1,-1015.0811760085262,-1223.8105672031645,-798.7522681389171
double_dqn,split_policy_dynamics,2,-1529.7189323582286,-1836.2574032882046,-1208.5484558039723
double_dqn,split_policy_dynamics,3,-2068.3959643158837,-2479.2342152360575,-1638.2245002289683
double_dqn,split_policy_dynamics,4,-2274.0080026124238,-3107.2219009559894,-1571.954491781218
double_dqn,split_policy_dynamics,5,-1455.6846059964164,-2641.0629420654955,-431.4293970915413
double_dqn,split_policy_dynamics,6,-1726.4851312997864,-3817.5338248504886,-34.7971996233797
double_dqn,split_policy_dynamics,7,2189.862259650197,-1286.796260596911,4569.22215503213
double_dqn,split_policy_dynamics,8,9215.281636751924,4091.1853232661824,13873.166976806651
double_dqn,split_policy_dynamics,9,15258.799515963381,7129.522021346222,23795.02426290959
double_dqn,split_policy_dynamics,10,26214.1249596681,14864.292669608772,37949.58069854351
double_dqn,split_policy_dynamics,11,38223.52469866762,22750.81232259118,54462.85577746356
double_dqn,split_policy_dynamics,12,49304.31499868545,31081.838103613183,68404.09017394883
double_dqn,split_policy_dynamics,13,63323.45714369058,39903.86938756768,86896.38890326045
double_dqn,split_policy_dynamics,14,74977.92687591586,46329.51271018284,102219.51793304978
double_dqn,split_policy_dynamics,15,88269.73450923216,55420.939087004714,119823.22772551859
double_dqn,split_policy_dynamics,16,103411.76115382061,63089.995113362216,141264.39106788908
double_dqn,split_policy_dynamics,17,115399.53342908224,71594.78790596667,158222.16025307495
double_dqn,split_policy_dynamics,18,129445.40267356126,80926.19541985342,176424.65888736435
double_dqn,split_policy_dynamics,19,140399.50432540782,87874.77385061605,189515.63517140137
double_dqn,split_policy_dynamics,20,154353.67346674256,95157.02968775944,208167.70315124188
double_dqn,split_policy_dynamics,21,165116.14071682698,103328.13821997825,223325.9660569357
double_dqn,split_policy_dynamics,22,178379.48529634837,110402.36245148291,242184.60802580888
double_dqn,split_policy_dynamics,23,188133.5775871943,118873.51238743834,253168.2324467018
double_dqn,split_policy_dynamics,24,199117.70445537486,123926.10402839864,266031.2290448941
double_dqn,split_policy_dynamics,25,319878.36176002456,206910.59909775332,430227.4252472985
dqn,adverse_stress,0,-564.9965861365366,-670.9377202818505,-449.35126570346046
dqn,adverse_stress,1,-1082.372481274482,-1264.2530030594946,-870.8813568928601
dqn,adverse_stress,2,-1627.9649263878875,-1921.9850572494802,-1335.7256501912923
dqn,adverse_stress,3,-2148.166131504811,-2572.659418541489,-1724.1188811418747
dqn,adverse_stress,4,-2325.8719744574732,-3068.5591421751164,-1781.3864427903438
dqn,adverse_stress,5,-1301.3029531419816,-2996.0874307682457,361.2152227002306
dqn,adverse_stress,6,1791.1278667948818,48.38724617624414,3570.9357405707574
dqn,adverse_stress,7,4602.189467625151,1741.6685962856,8018.675793482859
dqn,adverse_stress,8,14181.590124130644,9497.996041161561,20092.31163935749
dqn,adverse_stress,9,26082.818166947356,17874.14659341853,35191.33195070197
dqn,adverse_stress,10,37248.56502764818,27414.474771792404,46962.44883346172
dqn,adverse_stress,11,49367.7476957507,36226.92771398715,63352.371258463674
dqn,adverse_stress,12,68831.71737807633,48549.59473768543,85833.55950851012
dqn,adverse_stress,13,90010.77761560808,64118.43098476035,110572.84066688492
dqn,adverse_stress,14,107995.71265582765,78211.70611340979,134553.69997411827
dqn,adverse_stress,15,124917.97331276827,93001.84609155639,152327.57605972892
dqn,adverse_stress,16,143503.42001711848,108070.83260775195,176374.63068380597
dqn,adverse_stress,17,156764.6960490068,116974.0501049563,192279.9352098557
dqn,adverse_stress,18,166638.19402230697,127019.57284653999,206782.96321954514
dqn,adverse_stress,19,182248.4195263388,138531.0722553503,228413.55613510788
dqn,adverse_stress,20,196266.5722800536,149176.10139027442,243276.87899056677
dqn,adverse_stress,21,209327.07188210904,159514.6467109866,261079.69917317218
dqn,adverse_stress,22,222728.01492479455,170501.93524923723,278249.99374470534
dqn,adverse_stress,23,233913.175175444,179129.340426213,289713.71708907647
dqn,adverse_stress,24,244701.63693728726,186914.4560000599,303951.9494820388
dqn,adverse_stress,25,363614.40262766246,277657.7128261661,453512.9211489019
dqn,base_market,0,-547.3010824360496,-640.7640691929976,-456.57706175594933
dqn,base_market,1,-1125.755668647799,-1334.9528717694782,-924.0094756036178
dqn,base_market,2,-1664.537963081255,-1990.163550580574,-1319.7872954907848
dqn,base_market,3,-2249.3688138368057,-2685.802068001888,-1795.4806386213947
dqn,base_market,4,-1916.4871372126374,-2570.9213496052844,-1464.0143435211003
dqn,base_market,5,-1601.6737389252496,-2712.353710650379,-196.50038577769604
dqn,base_market,6,517.9035526641634,-1786.6395494162557,2990.248369178576
dqn,base_market,7,4117.429025984308,423.8984518988995,7824.495607723131
dqn,base_market,8,11200.384873823243,5922.873973395119,15972.626770837469
dqn,base_market,9,20639.502005679704,13996.113131072989,27152.867220007596
dqn,base_market,10,33387.50348219416,23387.831788828928,42306.63279290377
dqn,base_market,11,45662.213859241536,35228.16481822238,56331.90232857276
dqn,base_market,12,59967.89373890951,45116.08454591394,73734.52818386343
dqn,base_market,13,77283.6171431573,57503.79969522708,96659.08707225675
dqn,base_market,14,94892.53929331452,71201.22286836366,117225.67278045509
dqn,base_market,15,112069.51476186502,86173.54374834124,136224.48157105545
dqn,base_market,16,135181.4664193652,102946.91761985752,167676.73192874863
dqn,base_market,17,151982.0460713482,115822.87041698457,189800.09294561678
dqn,base_market,18,167502.977795818,126975.81762309333,209918.27489133723
dqn,base_market,19,182277.01206544694,139819.43114110472,226969.79550084288
dqn,base_market,20,199214.566596513,151120.3861798469,247420.63466384145
dqn,base_market,21,215556.72505080234,163833.35843593994,268197.6967490859
dqn,base_market,22,231986.1260545062,173550.38377490727,289695.99336348986
dqn,base_market,23,248857.51509851232,185904.65950706718,312541.56326463557
dqn,base_market,24,264918.2970119983,199015.86840107103,332515.8430868181
dqn,base_market,25,443854.27974206465,334508.0183277864,551055.5330164038
dqn,class_imbalance_shift,0,-580.2137290806562,-665.6156103648517,-480.12062738498105
dqn,class_imbalance_shift,1,-1156.9572731943365,-1337.7676862270255,-972.4357623835053
dqn,class_imbalance_shift,2,-1703.231234591424,-1956.9217241521249,-1431.8027268557796
dqn,class_imbalance_shift,3,-2259.4124996622445,-2635.31264840183,-1877.9514861160121
dqn,class_imbalance_shift,4,-2120.0211058366317,-2339.088688759204,-1832.713703158775
dqn,class_imbalance_shift,5,-694.6674924734198,-1487.9396663347986,301.2790901406047
dqn,class_imbalance_shift,6,1577.8448281085446,-413.80770232788046,3035.327838193069
dqn,class_imbalance_shift,7,5901.042077098912,3144.080169563123,9379.62107451861
dqn,class_imbalance_shift,8,12445.306252735158,7830.818859679021,16708.622527555723
dqn,class_imbalance_shift,9,22795.743211605153,15020.661856284898,30799.33645825106
dqn,class_imbalance_shift,10,32426.612693735045,21363.03393511225,42381.35093603529
dqn,class_imbalance_shift,11,42812.3629810569,28982.96700413066,54702.0354433913
dqn,class_imbalance_shift,12,63283.27200150044,44848.22219342961,80278.25968180379
dqn,class_imbalance_shift,13,76684.52613813338,56259.5962524308,96498.94057586126
dqn,class_imbalance_shift,14,95982.88130985026,70088.2419545949,120560.25434380688
dqn,class_imbalance_shift,15,106773.67503583839,79710.98856393929,133188.20536071854
dqn,class_imbalance_shift,16,120846.63967668229,89994.24170823501,150946.53003083728
dqn,class_imbalance_shift,17,143423.67181663893,103386.84536165916,179342.06367157455
dqn,class_imbalance_shift,18,156193.3766279136,113596.89914074267,197001.09905168833
dqn,class_imbalance_shift,19,170759.04788958686,126270.3728127249,214398.59752865814
dqn,class_imbalance_shift,20,187721.0047528293,139000.0344273977,234271.3663100886
dqn,class_imbalance_shift,21,205713.38575217398,152779.9510277555,255277.80405084917
dqn,class_imbalance_shift,22,216679.86134887012,162143.60340978918,270143.07050935033
dqn,class_imbalance_shift,23,228215.42912321188,171117.5072665539,286214.9536750656
dqn,class_imbalance_shift,24,242202.59890559898,181400.2864290934,302852.219747495
dqn,class_imbalance_shift,25,407331.78837302275,310131.13218855485,498984.677786278
dqn,drift,0,-545.3879838154311,-657.9635115592937,-430.4655295053301
dqn,drift,1,-1126.1300283951553,-1353.2311385549037,-906.0006763525004
dqn,drift,2,-1655.7852544520435,-2006.9849538824233,-1319.1399707423436
dqn,drift,3,-2210.880264064013,-2677.0271750886186,-1766.1437571792228
dqn,drift,4,-2094.6857190223723,-2839.5200977883333,-1553.555571171953
dqn,drift,5,-2288.586648716457,-4125.734478108716,-644.4059857410679
dqn,drift,6,-333.80921403118555,-4689.177815604314,3461.6755830215748
dqn,drift,7,3723.158658002552,-39.67249173180384,7213.430268789557
dqn,drift,8,11925.652808202396,7489.826828972753,16273.09639355792
dqn,drift,9,20946.453358340877,15203.589857475643,26304.062780330845
dqn,drift,10,33567.35007069096,24571.793318963028,42471.37945693957
dqn,drift,11,50588.36720220293,37384.61559950401,63142.21535804861
dqn,drift,12,69719.42432503279,53655.27919013937,87293.9946648748
dqn,drift,13,86027.4459917682,67236.243190194,105004.06695136994
dqn,drift,14,102582.87424240884,80787.34183799644,127393.00689467911
dqn,drift,15,120895.12552854592,95337.74747852015,151313.98000624086
dqn,drift,16,137835.1345436667,108154.66387515618,170693.95727565864
dqn,drift,17,151080.86585767186,116709.50660080173,187585.91336279808
dqn,drift,18,163851.37770997334,126293.17346021919,203457.79193779745
dqn,drift,19,180879.46344631104,139178.81263871738,224750.38464315087
dqn,drift,20,195887.74894109336,149783.7306620648,243724.6226482753
dqn,drift,21,211248.02956588287,162557.6873406469,263185.35556223686
dqn,drift,22,224330.36891904555,173342.88980601254,276429.7329424924
dqn,drift,23,236593.16465104767,179557.13667038354,291181.1529974129
dqn,drift,24,251431.51810147564,190962.28113726835,308642.5140281083
dqn,drift,25,399559.05297383567,292683.21602130134,498049.8855775505
dqn,noise,0,-462.7420018594299,-592.1505208750937,-331.87665465441364
dqn,noise,1,-907.4785816109066,-1156.8879268026785,-664.638233826382
dqn,noise,2,-1373.3661318363054,-1760.8792241810859,-964.5823852007347
dqn,noise,3,-1863.50554489618,-2363.9372591881697,-1344.2082198066498
dqn,noise,4,-2343.646071910667,-3771.278634214484,-1232.1749755277608
dqn,noise,5,-2299.091734998303,-5188.568369348605,-21.579960102544852
dqn,noise,6,-494.34869339857204,-3548.4632958397224,1699.0619314760597
dqn,noise,7,3458.481433810681,-287.0613672953903,6424.222678869031
dqn,noise,8,11173.258444258361,7034.453040894974,15897.597913798103
dqn,noise,9,18451.870794920065,14562.288307626302,23433.7810278849
dqn,noise,10,30838.187567342495,23877.5058192643,37465.727796739666
dqn,noise,11,50798.97526294397,41883.54277125826,60634.437064055914
dqn,noise,12,70349.93526541514,57301.154869201484,83431.87649216579
dqn,noise,13,90586.35737045681,72033.24799812723,109327.5621683918
dqn,noise,14,107034.19747276639,83830.98378024406,127557.9634043098
dqn,noise,15,126033.73195921215,100823.36990918964,148946.94956350827
dqn,noise,16,144042.9448668602,116278.7519724085,169775.34380293987
dqn,noise,17,158686.4042699934,127956.53275033542,185671.4829138766
dqn,noise,18,174887.26678670725,138961.00298860966,206304.4267122719
dqn,noise,19,192934.4282643524,154951.89182449225,227605.75084775384
dqn,noise,20,210209.5489991348,170770.63157053976,248172.40365193132
dqn,noise,21,225926.95285400972,183346.54799557492,264079.0848135531
dqn,noise,22,243109.7282838207,201028.83161992766,282846.8198528132
dqn,noise,23,259094.36544682676,217174.70259251137,299153.02623512637
dqn,noise,24,272957.5864859167,230857.9824726749,316769.70954192703
dqn,noise,25,457398.0552027324,382764.6220696308,531631.9459886528
dqn,split_policy_dynamics,0,-573.5224711675245,-682.0098750421987,-455.7525697220753
dqn,split_policy_dynamics,1,-1137.7574197308984,-1359.502187251479,-892.3041064047889
dqn,split_policy_dynamics,2,-1713.7236371211186,-2054.9589550164505,-1330.0870423715714
dqn,split_policy_dynamics,3,-2300.0549984182185,-2759.494151394685,-1816.3995355420818
dqn,split_policy_dynamics,4,-2744.609841386304,-3844.3042686631748,-1841.2684924886016
dqn,split_policy_dynamics,5,-1402.1666776387217,-2621.038505252363,-331.4660989268476
dqn,split_policy_dynamics,6,-1132.3297213504945,-3458.2218350071944,1149.234872983738
dqn,split_policy_dynamics,7,4653.207833240312,1549.74617722825,7381.735023032811
dqn,split_policy_dynamics,8,15027.706399631366,10446.562922590858,19527.269725628645
dqn,split_policy_dynamics,9,23613.114951440293,16043.255133811805,31469.50497333575
dqn,split_policy_dynamics,10,37773.09304490302,25271.19733327363,49494.91373929051
dqn,split_policy_dynamics,11,50600.908394632075,36322.89333356762,65718.37403252575
dqn,split_policy_dynamics,12,67579.11712766366,49973.13033331363,84302.96420509859
dqn,split_policy_dynamics,13,84133.1579938337,61692.2153889702,106335.53666688046
dqn,split_policy_dynamics,14,98567.38165933546,71962.44027094769,124778.83604732272
dqn,split_policy_dynamics,15,115399.34853915457,85371.04103170917,145407.87752625122
dqn,split_policy_dynamics,16,136064.3720928234,99797.57552612515,172586.19456965316
dqn,split_policy_dynamics,17,154841.3696143865,113923.99191492757,196351.67877080946
dqn,split_policy_dynamics,18,172788.01330946622,127999.26232461716,217660.50210241013
dqn,split_policy_dynamics,19,190694.7093937413,140275.61394310906,241676.20164286398
dqn,split_policy_dynamics,20,209760.31712675522,154551.73610297721,265520.34307880996
dqn,split_policy_dynamics,21,223839.98812110562,165488.57306806167,281846.02416655363
dqn,split_policy_dynamics,22,239816.10525113624,176887.89611941783,302140.9241931709
dqn,split_policy_dynamics,23,254653.27809171914,189052.40766245712,319228.37684792845
dqn,split_policy_dynamics,24,272049.16977157723,201610.79279646094,342039.37339815823
dqn,split_policy_dynamics,25,441633.93641812867,338173.6022664488,543957.5564264432
ppo,adverse_stress,0,-309.858106278433,-348.70051128391964,-270.9913799974774
ppo,adverse_stress,1,-597.9089391024719,-659.1789504898032,-525.8654784469193
ppo,adverse_stress,2,-928.205546254569,-1002.6872634988614,-863.0632717160345
ppo,adverse_stress,3,-1299.8931586194715,-1365.9315866449938,-1225.8424096990689
ppo,adverse_stress,4,-1943.6802238963799,-3007.5674740123372,-1196.0478117360674
ppo,adverse_stress,5,-1059.3272611292284,-3067.3113791812534,1364.5347921215368
ppo,adverse_stress,6,2679.041830853896,-319.77595172890994,5047.7497927865115
ppo,adverse_stress,7,6639.711932542857,3560.1311383175835,9338.723925486922
ppo,adverse_stress,8,18020.457658424042,13043.366674090463,22111.630520227216
ppo,adverse_stress,9,30180.97621480116,25322.943975820286,35759.33052350334
ppo,adverse_stress,10,41955.65682658998,37414.567969405434,46878.517235077255
ppo,adverse_stress,11,55743.91782596855,49657.4663334492,61346.31971126201
ppo,adverse_stress,12,77703.91036313486,68510.22823641387,85126.3948129726
ppo,adverse_stress,13,98421.24587947693,89361.80500096861,107918.96107353304
ppo,adverse_stress,14,116796.44272690646,105505.45516605144,126587.7561960956
ppo,adverse_stress,15,135021.7562897366,122885.31183391638,146863.5332156211
ppo,adverse_stress,16,155121.80847493655,141413.0493069199,166877.76688845138
ppo,adverse_stress,17,171837.54352417946,162231.69143208308,183522.04357998216
ppo,adverse_stress,18,185951.92057027496,173198.97236068032,198700.19884765465
ppo,adverse_stress,19,203635.27601791822,187606.00522630135,219626.71609992554
ppo,adverse_stress,20,219447.72853347857,204588.77529314742,234533.5041037814
ppo,adverse_stress,21,233552.98483921852,216061.70861882975,252665.45425244747
ppo,adverse_stress,22,250281.61746190197,231832.7124835503,268488.1230249114
ppo,adverse_stress,23,258844.9840790696,238482.67751360036,278930.29213116923
ppo,adverse_stress,24,270986.291157851,250504.53353432714,290331.1682338572
ppo,adverse_stress,25,397805.29234394635,377829.16165849613,422299.1403732786
ppo,base_market,0,-322.4191919663921,-357.2460753962156,-294.7766491289038
ppo,base_market,1,-688.0627001112592,-726.1127173692497,-645.9528069510778
ppo,base_market,2,-1036.9503911430238,-1093.3203468778047,-969.8441800201306
ppo,base_market,3,-1421.8568394342756,-1487.0732786786348,-1356.1563744833454
ppo,base_market,4,-845.142710661508,-1923.3663572023358,-134.1488825424395
ppo,base_market,5,8.79457454438898,-1767.5074690667398,1455.0233602533183
ppo,base_market,6,1873.9752465509173,-2135.0416987782414,4812.151775878563
ppo,base_market,7,9449.64450262509,5263.517125731771,13510.436278069423
ppo,base_market,8,17379.20742934645,12722.069312901565,21304.557189733503
ppo,base_market,9,27653.901327427448,24035.70046367181,31670.385558631646
ppo,base_market,10,40798.57086311155,37022.03556935381,44797.01224677168
ppo,base_market,11,54916.01813236947,48285.300362756985,61771.24908867992
ppo,base_market,12,72453.6866947462,66048.21383380942,78764.75625401568
ppo,base_market,13,93531.80211007265,87847.04893256137,100031.70962546293
ppo,base_market,14,111752.76847452948,104940.95624173692,117275.14620746541
ppo,base_market,15,128886.10021657229,120876.37234371211,135662.6353854858
ppo,base_market,16,151127.87862300867,144315.7796446953,157453.55115739693
ppo,base_market,17,170341.47315502586,161893.37459018212,179086.40003243348
ppo,base_market,18,188237.2413116731,178010.8990398087,197126.89820403545
ppo,base_market,19,206989.4955971423,198160.248994098,214052.1666371699
ppo,base_market,20,224487.69411952244,214302.13961735615,233036.36171387072
ppo,base_market,21,241015.50130512274,230584.9621363112,248654.6067937619
ppo,base_market,22,259567.06663250356,248097.76393075802,268849.42311571975
ppo,base_market,23,275246.9388210264,265118.73746212467,285109.3125776929
ppo,base_market,24,293719.8461549645,281590.3293202772,303504.5597363932
ppo,base_market,25,476234.64740909473,461148.25985854585,491453.9178760349
ppo,class_imbalance_shift,0,-317.9276833503569,-352.85035329987886,-276.75871809958744
ppo,class_imbalance_shift,1,-594.9245450005261,-633.3019160915981,-553.3401236043502
ppo,class_imbalance_shift,2,-895.2171848722522,-963.6528563158103,-809.1963126198318
ppo,class_imbalance_shift,3,-1255.9612440981539,-1312.4787290919999,-1175.223997914526
ppo,class_imbalance_shift,4,-1392.6589927603811,-2135.013860609922,-689.1008101226078
ppo,class_imbalance_shift,5,76.35799978066511,-1204.8021803114666,1435.029750035225
ppo,class_imbalance_shift,6,2021.2296326449086,221.681951407228,3518.1316481627787
ppo,class_imbalance_shift,7,6434.281104764018,3896.770091010485,9195.738008876122
ppo,class_imbalance_shift,8,14512.482459227802,9943.205704094054,19106.190535269747
ppo,class_imbalance_shift,9,25021.208150452963,19133.827794720426,30254.41207583391
ppo,class_imbalance_shift,10,37803.70101492008,33070.919911184785,44495.235428739405
ppo,class_imbalance_shift,11,50270.52376976127,43320.11837231904,56367.303702362355
ppo,class_imbalance_shift,12,69880.57851052216,63074.98792212921,76071.72020277998
ppo,class_imbalance_shift,13,87273.857755206,80893.1311816622,92948.01990115643
ppo,class_imbalance_shift,14,107030.55628501555,99717.9699165926,115461.46800275646
ppo,class_imbalance_shift,15,122872.90218238946,115137.51363807173,131708.13560175637
ppo,class_imbalance_shift,16,141206.5276773567,132576.3699789034,150827.26676051723
ppo,class_imbalance_shift,17,159908.67752733355,149737.97368518138,171792.02993969226
ppo,class_imbalance_shift,18,174555.34148600503,163560.73167178727,189031.56347253494
ppo,class_imbalance_shift,19,191711.19700766145,179481.79818621688,204990.96691748287
ppo,class_imbalance_shift,20,210537.2711763504,198485.62790732723,222610.69137249046
ppo,class_imbalance_shift,21,228092.95347037294,215669.41260123719,240098.22612273446
ppo,class_imbalance_shift,22,242264.2492632221,230879.81725420142,255320.10503891067
ppo,class_imbalance_shift,23,255332.29730405894,243309.21563049688,268418.500518632
ppo,class_imbalance_shift,24,269017.8362893784,255558.32460390686,282853.09176269226
ppo,class_imbalance_shift,25,438360.160322673,420863.96509943064,455028.032026222
ppo,drift,0,-361.07317092047765,-394.5888838265713,-322.39522749710886
ppo,drift,1,-703.7922036534925,-774.1984262321087,-631.2206037920248
ppo,drift,2,-1070.7949620626887,-1143.6267496779792,-971.3541853251485
ppo,drift,3,-1432.2978691940568,-1509.605369354797,-1296.110869724266
ppo,drift,4,-1302.4784874059922,-1853.397745095492,-599.8420989780136
ppo,drift,5,-504.4882580004253,-2442.424208445882,1350.900438006429
ppo,drift,6,3284.9217490272126,-941.4527296824402,6336.926977163966
ppo,drift,7,6640.60444815837,2248.880713284729,10740.178227726174
ppo,drift,8,14862.284151521917,11874.411927108662,18079.29773849606
ppo,drift,9,26359.56279376059,23165.55628938371,30257.45270892544
ppo,drift,10,43598.328616005485,39309.602196784384,48367.83752504436
ppo,drift,11,62189.23224456127,55042.94649457435,68689.22080888171
ppo,drift,12,80761.94984622678,69196.2035629266,90832.06739713534
ppo,drift,13,96915.79896560719,86355.19032083848,107234.15947506344
ppo,drift,14,117410.5428623014,107841.9365179644,126265.42777866362
ppo,drift,15,137665.0191984606,124280.15605473857,148229.62032793916
ppo,drift,16,156593.08384241065,143911.0811214124,166353.1110001641
ppo,drift,17,170823.7453471882,156629.19526533975,181894.71406804424
ppo,drift,18,187734.25111279197,172649.47468405467,197458.10741702735
ppo,drift,19,205676.93166447952,191930.83976399113,216373.22077324204
ppo,drift,20,220584.96664787002,205366.38137335455,232048.66815254648
ppo,drift,21,238063.76915476122,222976.6110272487,250247.78463347704
ppo,drift,22,252929.8874279618,236666.36951847933,263706.2027779309
ppo,drift,23,264672.01415251516,247935.71751359443,276866.146400442
ppo,drift,24,282745.30561645475,266590.58234672167,296089.94638489623
ppo,drift,25,435741.8160332832,417305.9943020092,457393.17724051984
ppo,noise,0,-304.3930510573616,-348.3637546027588,-266.6398512210471
ppo,noise,1,-644.5202091384272,-704.5394758716396,-594.6695649634707
ppo,noise,2,-990.0316333588706,-1066.6453319939924,-924.2770825124271
ppo,noise,3,-1318.387789282661,-1401.048749968394,-1248.0104640359418
ppo,noise,4,-1650.6645183808905,-2687.139438432783,-865.6100399800479
ppo,noise,5,-1107.7962437907292,-3663.853354956339,738.0103196304807
ppo,noise,6,1683.8804625361736,-903.6074953161487,3820.6644891876813
ppo,noise,7,6891.923454690107,3487.921315832438,9834.544211277718
ppo,noise,8,16867.70761536893,12621.43687501679,21084.433102747065
ppo,noise,9,26805.453515691963,20949.973593178285,32935.692021218485
ppo,noise,10,39590.54159515742,31703.43805934929,47720.69884719922
ppo,noise,11,57974.295047310094,50159.63805798932,65216.60955787351
ppo,noise,12,77405.20420138621,67401.86932906073,86142.33702199346
ppo,noise,13,97657.2546089226,87097.23453685481,107313.34606184415
ppo,noise,14,115345.13569417653,104958.26339793821,127032.40241548995
ppo,noise,15,134510.41579152408,123498.84721312359,146181.0425047165
ppo,noise,16,152345.05980766568,138725.14471644585,166252.23668118118
ppo,noise,17,168270.49451240638,151868.81190240924,183407.13629500833
ppo,noise,18,186285.600936215,169294.33022392588,202064.73871967176
ppo,noise,19,204855.32521315842,187640.8784879407,220823.5790578918
ppo,noise,20,224095.49325644432,203327.8542904117,239960.7196632603
ppo,noise,21,240869.44313323186,219381.5772569848,257704.09077322565
ppo,noise,22,256193.8074886553,236903.27631726468,271618.3067241467
ppo,noise,23,273188.55131564394,251927.05140127402,288942.7003597902
ppo,noise,24,291581.32954148913,271223.8431708941,307474.2298087663
ppo,noise,25,476968.236297742,461552.44129950996,491032.67443563306
ppo,split_policy_dynamics,0,-325.90428077136465,-353.19546331379314,-288.78599553368315
ppo,split_policy_dynamics,1,-695.3246445564733,-740.397250630118,-641.6545419713364
ppo,split_policy_dynamics,2,-1048.6687231671783,-1129.077467599037,-960.962951553408
ppo,split_policy_dynamics,3,-1463.0552797419668,-1545.939906523702,-1354.8991329138723
ppo,split_policy_dynamics,4,-1510.181631118742,-2447.748348440037,-728.7461890170575
ppo,split_policy_dynamics,5,128.15085382333697,-1425.5638992001518,1577.0475025230592
ppo,split_policy_dynamics,6,-172.14453634021297,-3083.8214838064578,2565.87509006977
ppo,split_policy_dynamics,7,6942.641416260706,3552.74264584489,9740.032180397535
ppo,split_policy_dynamics,8,17032.25698798252,13932.822621301175,19168.366697016667
ppo,split_policy_dynamics,9,26849.223589421017,23229.050474250165,30155.269114073464
ppo,split_policy_dynamics,10,44548.994430844956,40397.723110878556,48488.18524709959
ppo,split_policy_dynamics,11,62212.957939550404,57612.18534180844,65628.31932343796
ppo,split_policy_dynamics,12,80154.61016801535,74634.24555511917,84553.64461447348
ppo,split_policy_dynamics,13,97604.7671307907,87272.04402832621,104501.05434418563
ppo,split_policy_dynamics,14,118992.11347026803,111179.3464710829,125862.8559217465
ppo,split_policy_dynamics,15,141437.13689647027,134671.26566271516,145920.74901985168
ppo,split_policy_dynamics,16,161774.12665737057,151645.4528818737,169687.277515122
ppo,split_policy_dynamics,17,182664.23095777968,173186.4982058024,189989.30544460475
ppo,split_policy_dynamics,18,203818.012994517,195081.2403168873,211405.15580104673
ppo,split_policy_dynamics,19,220443.60742888154,212084.85607296784,228658.8466235139
ppo,split_policy_dynamics,20,242151.60094155732,232697.18121797778,252271.21220365638
ppo,split_policy_dynamics,21,259629.31743657604,251285.5157348269,269014.3541235233
ppo,split_policy_dynamics,22,278171.1556937575,266474.2882785194,288514.6895769752
ppo,split_policy_dynamics,23,294548.94884742855,283372.1815676062,304861.712946742
ppo,split_policy_dynamics,24,312779.81583352,298593.2248057048,324137.49343065993
ppo,split_policy_dynamics,25,487044.06242266065,473386.67889193015,499896.7643874821
profit_oriented,adverse_stress,0,-1046.4312713716424,-1087.7400624913478,-991.653033785389
profit_oriented,adverse_stress,1,-2108.005836546063,-2148.707443987091,-2061.434595750619
profit_oriented,adverse_stress,2,-3129.7557307158045,-3204.8927464677618,-3032.917057348931
profit_oriented,adverse_stress,3,-4195.152222823087,-4279.971347106244,-4092.5613103395867
profit_oriented,adverse_stress,4,-4143.0411326097665,-5055.069395057242,-3295.0851030597005
profit_oriented,adverse_stress,5,-2860.505336487457,-4234.017086194468,-1344.3113419662698
profit_oriented,adverse_stress,6,-392.76010030196284,-3757.3107273658843,3789.1786821004025
profit_oriented,adverse_stress,7,9024.711431315893,5103.724337443253,13378.857132428286
profit_oriented,adverse_stress,8,17221.31682293482,12154.800903493531,22076.615981907817
profit_oriented,adverse_stress,9,36459.19561126577,28712.676348760328,43911.29872390712
profit_oriented,adverse_stress,10,55539.113026339444,46997.80083157099,61714.74648936057
profit_oriented,adverse_stress,11,77373.7224885584,67170.31869692408,86326.94753963777
profit_oriented,adverse_stress,12,106488.18032205937,97486.38459244228,113788.19634249715
profit_oriented,adverse_stress,13,127206.9194595855,113985.57017783103,138241.46820282613
profit_oriented,adverse_stress,14,152802.74142153023,137144.52341810227,164203.82324722494
profit_oriented,adverse_stress,15,180892.04041561557,164382.9878442853,191377.65803310962
profit_oriented,adverse_stress,16,203454.7148592642,189518.03906256237,213042.35456069154
profit_oriented,adverse_stress,17,227021.74369764436,211905.86092542805,240223.19750293787
profit_oriented,adverse_stress,18,247641.708582432,232546.07802828393,260125.7179522376
profit_oriented,adverse_stress,19,272817.984368058,256249.95105969883,287124.86806895287
profit_oriented,adverse_stress,20,291141.2907423958,274963.9794919226,305580.875820065
profit_oriented,adverse_stress,21,302058.9427593295,286882.54939190054,315475.8560952987
profit_oriented,adverse_stress,22,317240.2612593422,304213.3778356919,328634.4689074942
profit_oriented,adverse_stress,23,331341.24046030064,317771.68364998617,345605.3574989102
profit_oriented,adverse_stress,24,348617.1707445644,337735.0980528051,359687.00654217467
profit_oriented,adverse_stress,25,522732.6791585687,507226.6740910544,540871.8420946866
profit_oriented,base_market,0,-1060.4900006647752,-1088.4873396129628,-1034.579187944185
profit_oriented,base_market,1,-2149.8145493804104,-2190.5489432596064,-2106.1220427771937
profit_oriented,base_market,2,-3251.9850275597487,-3287.4674104713586,-3214.2712452092774
profit_oriented,base_market,3,-4355.475194899869,-4402.571130333008,-4314.147215819684
profit_oriented,base_market,4,-4594.466578244305,-5302.971815826855,-4049.7217329630544
profit_oriented,base_market,5,-1555.7219764438933,-2873.899693177297,-283.21339558415565
profit_oriented,base_market,6,2326.139550868514,-1000.7877374355486,6699.153691335403
profit_oriented,base_market,7,8185.2841706388745,3200.6092006050635,14376.596141041971
profit_oriented,base_market,8,16810.369473679373,11420.800051916405,22449.202002025548
profit_oriented,base_market,9,29513.778937833482,24278.653404251792,36048.141298852286
profit_oriented,base_market,10,47390.72053404911,41882.25614275332,52648.9775403927
profit_oriented,base_market,11,69354.70035589562,63085.13096705928,75301.61878190747
profit_oriented,base_market,12,94605.1577697131,82639.70477965979,102359.9711950413
profit_oriented,base_market,13,120082.50174056563,106054.02594601545,130393.47687087882
profit_oriented,base_market,14,152767.56646418964,140927.428205266,162622.19998513252
profit_oriented,base_market,15,180154.84604658923,167830.9918537415,190496.46333581305
profit_oriented,base_market,16,208540.27391968877,194742.05619656062,219861.61732290636
profit_oriented,base_market,17,232264.95616118028,217519.19223344733,242705.15781125549
profit_oriented,base_market,18,256307.08383554325,242627.8958259846,266074.60209610045
profit_oriented,base_market,19,284177.26967943524,267844.79580743477,295695.95377242286
profit_oriented,base_market,20,303942.2961803417,287334.78116878145,318839.988915672
profit_oriented,base_market,21,330907.08339615,314287.81204226793,346750.743346913
profit_oriented,base_market,22,353257.2711851327,337573.5966224113,368857.7037029817
profit_oriented,base_market,23,380505.10497851437,366414.99312117504,393833.1605569139
profit_oriented,base_market,24,413527.92014948855,399133.4543691348,429571.615936017
profit_oriented,base_market,25,700666.0090507204,678990.155925828,721651.2157678249
profit_oriented,class_imbalance_shift,0,-1093.195083316171,-1115.436630047484,-1062.386861558684
profit_oriented,class_imbalance_shift,1,-2178.8254723917066,-2222.166074719385,-2131.9862006293565
profit_oriented,class_imbalance_shift,2,-3199.195084963605,-3272.1582027425106,-3131.552243207856
profit_oriented,class_imbalance_shift,3,-4281.20934585606,-4373.220754573757,-4218.947892519901
profit_oriented,class_imbalance_shift,4,-4689.007031048128,-5432.945896622304,-3881.8631572500676
profit_oriented,class_imbalance_shift,5,-4374.225067751197,-5649.848057364157,-3327.880370163207
profit_oriented,class_imbalance_shift,6,-4911.610897117348,-7707.367555589042,-2021.3776340831678
profit_oriented,class_imbalance_shift,7,-2316.7890616704517,-6604.974262483401,2178.328731365479
profit_oriented,class_imbalance_shift,8,4376.337354795088,-287.8524343105202,9161.252374919222
profit_oriented,class_imbalance_shift,9,19475.12389412766,15431.437632110417,24168.07071049127
profit_oriented,class_imbalance_shift,10,42323.390953384456,38198.000710471206,47377.756825555545
profit_oriented,class_imbalance_shift,11,61155.92969979336,55318.172698593065,68013.54450454615
profit_oriented,class_imbalance_shift,12,83954.57296276571,78527.65213844122,90710.40399185276
profit_oriented,class_imbalance_shift,13,109286.02079864818,102049.77764489502,115987.1400802882
profit_oriented,class_imbalance_shift,14,135274.143843795,123846.49118382644,144854.1730771122
profit_oriented,class_imbalance_shift,15,160297.87879672213,147550.68392562837,171050.92990822098
profit_oriented,class_imbalance_shift,16,183596.42037462108,171088.83864737657,200799.54532067353
profit_oriented,class_imbalance_shift,17,207213.53912469037,192804.7535811469,223811.76727602363
profit_oriented,class_imbalance_shift,18,232835.38122639447,221548.20617492415,249053.45345980604
profit_oriented,class_imbalance_shift,19,260012.46757195992,248830.28558075044,274940.6575054358
profit_oriented,class_imbalance_shift,20,288315.6547771482,277296.88483565906,300807.55250151415
profit_oriented,class_imbalance_shift,21,315266.80508847296,300967.4613575664,329579.99947929196
profit_oriented,class_imbalance_shift,22,336470.45384216495,321786.1102268422,352859.9426773805
profit_oriented,class_imbalance_shift,23,361361.1711027484,344709.8963816568,380430.819102165
profit_oriented,class_imbalance_shift,24,383454.2066878457,364141.30132193316,404263.38969760155
profit_oriented,class_imbalance_shift,25,635437.4672576276,613759.9666186643,656811.7857711435
profit_oriented,drift,0,-1073.456937150162,-1099.5469792173587,-1041.3471114905674
profit_oriented,drift,1,-2133.0687433841736,-2169.0120642755933,-2096.804363068835
profit_oriented,drift,2,-3216.1321507032067,-3245.2355623680805,-3187.8353706105763
profit_oriented,drift,3,-4293.149648451916,-4326.851701328892,-4239.250287597653
profit_oriented,drift,4,-5339.930210103207,-6805.848880991697,-4182.83253064144
profit_oriented,drift,5,-6100.02269270486,-7593.171237551991,-4636.203993470137
profit_oriented,drift,6,-4449.826003763812,-6362.929518421521,-2500.603191093037
profit_oriented,drift,7,1387.895634918562,-1816.1988485855036,4795.744131752536
profit_oriented,drift,8,9117.076875734247,4127.627571137724,14015.902693702908
profit_oriented,drift,9,22711.051445050874,17358.500520425543,30276.876801120743
profit_oriented,drift,10,38392.030995927395,32779.70258326772,45350.1938122251
profit_oriented,drift,11,62676.17485484254,55786.80340908965,69704.32219111628
profit_oriented,drift,12,87878.78874658399,77627.39261458526,97077.22453859934
profit_oriented,drift,13,114986.13817103747,103428.60917375948,126544.73536656417
profit_oriented,drift,14,138844.53183294472,127280.57761057658,151154.70317518254
profit_oriented,drift,15,168604.8239449257,154472.36312693867,180909.83055293016
profit_oriented,drift,16,193714.39419438227,177372.07600863496,205967.1070058958
profit_oriented,drift,17,218899.3493933834,199976.22542005806,230599.1536045334
profit_oriented,drift,18,237191.8221224351,218488.65053572739,253521.02780448302
profit_oriented,drift,19,264851.07653191005,250555.73845261656,277517.4602848723
profit_oriented,drift,20,290144.00766129023,275653.03158791293,302897.7239756615
profit_oriented,drift,21,306799.31299719115,292659.01791339956,319243.55346257373
profit_oriented,drift,22,326417.8570229811,311156.8943549206,341029.9934586493
profit_oriented,drift,23,350065.2867814295,332268.15169367165,364816.44992304867
profit_oriented,drift,24,376517.5827641907,358474.4476140525,391369.1709853556
profit_oriented,drift,25,624955.6821709924,606560.9716934351,642718.7739009758
profit_oriented,noise,0,-939.7480174407598,-965.651065305956,-907.1816462908557
profit_oriented,noise,1,-1876.0926899602473,-1921.944146878285,-1821.2292452648487
profit_oriented,noise,2,-2833.5226697825624,-2897.0825931205613,-2753.9128562813344
profit_oriented,noise,3,-3810.982439469715,-3883.8812797849896,-3722.4280710556222
profit_oriented,noise,4,-5280.544278838898,-6167.6175299032775,-4371.300501283024
profit_oriented,noise,5,-5052.795547929006,-8201.354455203733,-3021.845245643603
profit_oriented,noise,6,-3461.985448043777,-7134.509046145618,-301.5203931979376
profit_oriented,noise,7,2153.2477606370026,-2219.8531661192833,5650.139807164095
profit_oriented,noise,8,10068.24999413445,6521.794034480959,13319.63180587771
profit_oriented,noise,9,21107.73759631995,15459.861713339193,24914.62048217602
profit_oriented,noise,10,39524.667417756194,34589.56697987032,44394.6324860989
profit_oriented,noise,11,59961.9555417239,52974.08351091368,66292.94342675887
profit_oriented,noise,12,83286.34607580432,76811.47846483871,88709.91064380032
profit_oriented,noise,13,108451.42791825173,101220.05506831693,116243.14830433637
profit_oriented,noise,14,133875.4195924323,123487.93756046602,143475.98612008503
profit_oriented,noise,15,160167.34055345153,149005.82514671516,171258.93880649796
profit_oriented,noise,16,183079.8667388654,172607.40918442767,194196.60443972595
profit_oriented,noise,17,203192.86538211573,189907.8343954289,214480.8141463429
profit_oriented,noise,18,226921.87098187642,212121.8044701898,244186.78478669265
profit_oriented,noise,19,249547.06037979687,232693.97137512095,269129.7483394586
profit_oriented,noise,20,277845.6422439214,260055.97617879976,298657.7902023014
profit_oriented,noise,21,298477.570756633,278999.8910972837,319647.89746098215
profit_oriented,noise,22,322723.7926378933,302125.87517605996,343531.21462620725
profit_oriented,noise,23,344395.42782209,319234.3976605913,368606.5108683556
profit_oriented,noise,24,370927.60826957197,345514.0753939114,397681.95557630726
profit_oriented,noise,25,641657.3870260193,607745.1505408878,672794.5722267097
profit_oriented,split_policy_dynamics,0,-1060.554680019855,-1088.3224246600191,-1025.262804730205
profit_oriented,split_policy_dynamics,1,-2149.012092312285,-2181.586440491604,-2105.95808461248
profit_oriented,split_policy_dynamics,2,-3228.718755204665,-3277.8938424068956,-3169.1850232141364
profit_oriented,split_policy_dynamics,3,-4303.494586993786,-4356.339776980896,-4252.139031475766
profit_oriented,split_policy_dynamics,4,-4936.214442900411,-6266.744856129245,-3856.7454132297676
profit_oriented,split_policy_dynamics,5,-4350.973684880887,-6238.1109415018345,-2498.606380155524
profit_oriented,split_policy_dynamics,6,-1556.861021301341,-3788.1858222496917,725.7890224520152
profit_oriented,split_policy_dynamics,7,994.4968644894103,-1962.5520507460965,3184.070844193772
profit_oriented,split_policy_dynamics,8,14200.672047619757,8980.441673884112,18847.328111671628
profit_oriented,split_policy_dynamics,9,27906.86030275277,22894.29149681307,32383.23494548632
profit_oriented,split_policy_dynamics,10,51209.64400270067,43475.16988412317,57779.163691971095
profit_oriented,split_policy_dynamics,11,75929.51334560539,68876.03366432515,81463.25842345358
profit_oriented,split_policy_dynamics,12,104872.06810865035,93241.60626332679,115615.45590749297
profit_oriented,split_policy_dynamics,13,135183.89145337205,122820.27369159216,144797.81115595685
profit_oriented,split_policy_dynamics,14,160777.1258443628,147276.84045214226,170256.83423538765
profit_oriented,split_policy_dynamics,15,185741.04700236348,173690.49780633757,195755.94171366317
profit_oriented,split_policy_dynamics,16,213252.64549995156,200022.44974629142,224819.3408971716
profit_oriented,split_policy_dynamics,17,236647.31638302692,224487.83387361676,247781.77299597452
profit_oriented,split_policy_dynamics,18,261841.15217341995,247271.87687338758,275368.6677545223
profit_oriented,split_policy_dynamics,19,290394.0957481565,276920.07587024395,302206.80474485835
profit_oriented,split_policy_dynamics,20,318518.4871542919,302652.08275120176,330647.0928023595
profit_oriented,split_policy_dynamics,21,344393.9902069038,328435.28864109464,357893.4893829627
profit_oriented,split_policy_dynamics,22,369534.78433515265,351554.3322621426,383985.93674088304
profit_oriented,split_policy_dynamics,23,397800.9731513599,379842.09100547084,412876.9152338894
profit_oriented,split_policy_dynamics,24,426795.2564055925,407236.1042887996,442900.1353712782
profit_oriented,split_policy_dynamics,25,689713.0593799275,661565.5392971408,710809.3139946312
risk_aware_weekly,adverse_stress,0,-444.73283952597467,-488.98425388294635,-401.61472194439324
risk_aware_weekly,adverse_stress,1,-905.8116131506317,-932.7096733330101,-875.1500661137617
risk_aware_weekly,adverse_stress,2,-1359.0070881554632,-1420.467100730634,-1293.5937639565543
risk_aware_weekly,adverse_stress,3,-1825.2136547606376,-1897.764366827663,-1744.9883616216546
risk_aware_weekly,adverse_stress,4,-1842.7455985332647,-2714.865087611311,-1114.0615765671903
risk_aware_weekly,adverse_stress,5,-14.284327522254747,-1843.4700841224173,1581.8355448311875
risk_aware_weekly,adverse_stress,6,3307.384028022954,-59.57655347218959,6058.021588291464
risk_aware_weekly,adverse_stress,7,5574.870116681545,2299.752422528068,9367.044347713725
risk_aware_weekly,adverse_stress,8,13507.483401568135,8974.14753114789,17906.156314804783
risk_aware_weekly,adverse_stress,9,26768.210392767356,21268.03966724724,33042.40453328299
risk_aware_weekly,adverse_stress,10,40546.18389386127,34481.57408828644,46408.637440272265
risk_aware_weekly,adverse_stress,11,58296.479275364814,52391.30987162234,65454.60588594618
risk_aware_weekly,adverse_stress,12,78466.38426131957,72061.33132128383,84728.14625018905
risk_aware_weekly,adverse_stress,13,100686.13270111277,92652.63875097477,107780.0674634627
risk_aware_weekly,adverse_stress,14,118214.75767253993,106891.91371914373,129351.0931736711
risk_aware_weekly,adverse_stress,15,141440.9820911464,129496.80031945888,153143.92198692643
risk_aware_weekly,adverse_stress,16,158993.03063586648,146760.32025432892,170255.84574699544
risk_aware_weekly,adverse_stress,17,177140.52317576724,164275.6341273828,190000.1967361752
risk_aware_weekly,adverse_stress,18,195752.99576353002,182247.2706681436,207727.79547435234
risk_aware_weekly,adverse_stress,19,207970.62195862873,191684.36787633976,220773.25485601512
risk_aware_weekly,adverse_stress,20,226660.99788615693,211037.61544744385,239477.06408117613
risk_aware_weekly,adverse_stress,21,239809.86691608408,224118.87352509017,252684.62138384613
risk_aware_weekly,adverse_stress,22,254066.842350358,236682.004671826,267368.7411749134
risk_aware_weekly,adverse_stress,23,270604.42682330334,253024.73920711607,284583.4964897634
risk_aware_weekly,adverse_stress,24,287986.6321748703,269859.22074393,300519.69181628706
risk_aware_weekly,adverse_stress,25,414379.09977050143,387147.47227899753,438351.878410185
risk_aware_weekly,base_market,0,-448.8428805837996,-498.42584749143623,-399.8502616014235
risk_aware_weekly,base_market,1,-915.8172229053431,-991.5305627694014,-826.2641963866797
risk_aware_weekly,base_market,2,-1414.0148064902585,-1493.551105828617,-1329.907019117019
risk_aware_weekly,base_market,3,-1919.4146173385595,-1987.2099057180903,-1840.1925944078084
risk_aware_weekly,base_market,4,-2195.358402592979,-3207.4616725024775,-1236.8491998340523
risk_aware_weekly,base_market,5,-1367.3130057437875,-2667.005713963333,-4.014721803871563
risk_aware_weekly,base_market,6,1817.233835351378,-824.1782637325774,4160.896896307558
risk_aware_weekly,base_market,7,7467.949500411744,4663.388511321213,9335.635838018372
risk_aware_weekly,base_market,8,15344.379330064954,11862.306369209844,18313.353051289127
risk_aware_weekly,base_market,9,27954.103687603143,24287.594431420777,31185.207467750453
risk_aware_weekly,base_market,10,45426.44295193479,39998.68841830676,50442.03165234744
risk_aware_weekly,base_market,11,65784.13763184183,58306.049659411554,72788.91578766468
risk_aware_weekly,base_market,12,85312.62798354258,75427.28897821294,96830.19904104748
risk_aware_weekly,base_market,13,105490.37603527866,97022.40593026893,115050.74516016172
risk_aware_weekly,base_market,14,123735.02163038422,114856.90771309953,133376.9890715507
risk_aware_weekly,base_market,15,148208.4909717409,136781.02409854947,158175.68337024082
risk_aware_weekly,base_market,16,167458.89978244193,153204.51501842213,180538.60282368443
risk_aware_weekly,base_market,17,184667.12045893143,169460.31736266508,197132.19920808353
risk_aware_weekly,base_market,18,206573.08380593624,190425.85263997942,219650.6068002241
risk_aware_weekly,base_market,19,224668.6278466429,207265.1313509711,237136.8194382525
risk_aware_weekly,base_market,20,244764.57607975716,226519.38940582954,257134.7667292122
risk_aware_weekly,base_market,21,262031.4103089847,241313.46796363077,276848.87289866235
risk_aware_weekly,base_market,22,281576.3911665129,263520.23777172674,296142.08428105054
risk_aware_weekly,base_market,23,299202.29246844194,281223.24881149764,313200.5788178157
risk_aware_weekly,base_market,24,318293.6929501405,301841.80167644034,330067.7780583603
risk_aware_weekly,base_market,25,523316.10524506867,502883.5503034331,539567.072529845
risk_aware_weekly,class_imbalance_shift,0,-398.32862198989795,-439.95457243792276,-359.0964695242295
risk_aware_weekly,class_imbalance_shift,1,-766.8796931372441,-838.4600172405751,-692.826835594809
risk_aware_weekly,class_imbalance_shift,2,-1218.1867015910984,-1312.3544099661228,-1114.7376218397117
risk_aware_weekly,class_imbalance_shift,3,-1664.3608636449608,-1794.0110786167395,-1525.054151683548
risk_aware_weekly,class_imbalance_shift,4,-2845.8694192529438,-3640.2294698120404,-2033.5205934192743
risk_aware_weekly,class_imbalance_shift,5,-3687.565420398418,-5486.371747422893,-1567.9554070269344
risk_aware_weekly,class_imbalance_shift,6,-1531.9915034143796,-4367.979286496398,1356.7698026214382
risk_aware_weekly,class_imbalance_shift,7,2798.517528858147,-1011.7867803032209,7664.312137732742
risk_aware_weekly,class_imbalance_shift,8,10360.634094068419,6067.491371254151,14970.840062615485
risk_aware_weekly,class_imbalance_shift,9,21853.82873998716,18381.77170989256,26424.133030777408
risk_aware_weekly,class_imbalance_shift,10,38740.93339355593,32835.91992851887,46179.38839808658
risk_aware_weekly,class_imbalance_shift,11,54858.01922389219,48553.71145789709,61447.51434480474
risk_aware_weekly,class_imbalance_shift,12,74696.82431634334,67914.43874435055,80139.80807676974
risk_aware_weekly,class_imbalance_shift,13,96487.2395782001,88556.85071169141,104152.38109111159
risk_aware_weekly,class_imbalance_shift,14,118629.66629495625,111146.61891144012,125582.6861008877
risk_aware_weekly,class_imbalance_shift,15,141654.8826817853,131756.3800568764,150051.06086176072
risk_aware_weekly,class_imbalance_shift,16,159026.47433936177,147159.14082766365,169887.21567483048
risk_aware_weekly,class_imbalance_shift,17,174569.5784831871,161477.07269827917,187375.94097626413
risk_aware_weekly,class_imbalance_shift,18,194083.49646299772,179172.91420950738,206399.73491258186
risk_aware_weekly,class_imbalance_shift,19,212619.1925226906,198308.82433187822,224385.06052285506
risk_aware_weekly,class_imbalance_shift,20,234725.7896143112,221580.65706784563,246048.0719418535
risk_aware_weekly,class_imbalance_shift,21,250822.2663281031,235794.02032472266,264379.13953012927
risk_aware_weekly,class_imbalance_shift,22,269430.3643178296,256774.15908272713,282427.12232474756
risk_aware_weekly,class_imbalance_shift,23,285089.05842782505,272415.16056000197,297240.94320957747
risk_aware_weekly,class_imbalance_shift,24,303408.54143253394,291012.7572258377,315069.8573953864
risk_aware_weekly,class_imbalance_shift,25,477829.6700434927,459592.8128785196,495249.5243341807
risk_aware_weekly,drift,0,-493.4827935968612,-540.0038601145882,-452.75606251968185
risk_aware_weekly,drift,1,-943.4208891953284,-1007.2073350381701,-881.5772174241771
risk_aware_weekly,drift,2,-1416.2405067436382,-1477.441044889994,-1354.641944438566
risk_aware_weekly,drift,3,-1885.5158653327853,-1950.3098671797718,-1795.8985429223715
risk_aware_weekly,drift,4,-2063.0342253109075,-3418.8187772454803,-1130.8078538368727
risk_aware_weekly,drift,5,-972.7361794746761,-2312.348346007408,395.95181890513993
risk_aware_weekly,drift,6,2217.2492735169585,-191.12213538725763,4286.242532155417
risk_aware_weekly,drift,7,7179.341933619919,2657.7092254253494,10988.880827188557
risk_aware_weekly,drift,8,17029.28426773172,12801.947892928223,21476.306785406618
risk_aware_weekly,drift,9,28143.318508879445,23116.951656958896,32205.779773084218
risk_aware_weekly,drift,10,43103.62124145994,36568.22160049422,48678.15068258047
risk_aware_weekly,drift,11,61850.10674623056,55386.91074116642,68661.93792521163
risk_aware_weekly,drift,12,82809.01495053248,72824.52281761945,90945.05531585001
risk_aware_weekly,drift,13,104216.67819011594,95275.75524484803,111200.8940317071
risk_aware_weekly,drift,14,122629.91639611812,112646.38534095169,129862.23186299435
risk_aware_weekly,drift,15,140118.17222314308,130462.79484466898,148920.22639971695
risk_aware_weekly,drift,16,163902.92542355834,154589.29695948394,172462.16929441848
risk_aware_weekly,drift,17,184920.6030051478,175905.78681392432,195309.32579994565
risk_aware_weekly,drift,18,202877.7684299176,192911.96696483504,211528.86465827958
risk_aware_weekly,drift,19,219838.34182132877,209636.05298891827,228393.6094006205
risk_aware_weekly,drift,20,237209.63124409583,229616.3654027229,245694.54813798852
risk_aware_weekly,drift,21,252518.65467842828,244033.4907885387,261832.00481729314
risk_aware_weekly,drift,22,272112.6876572364,264075.37907760934,282251.7666104741
risk_aware_weekly,drift,23,290957.8328977846,278784.06835051056,302523.1663284099
risk_aware_weekly,drift,24,305701.97799377417,295205.6546222892,314960.30074876786
risk_aware_weekly,drift,25,485404.4848495205,463108.50389326963,503340.7593185179
risk_aware_weekly,noise,0,-431.8389588067398,-481.28375328773615,-391.12979296070944
risk_aware_weekly,noise,1,-889.372135478137,-952.028221751151,-842.4384105849928
risk_aware_weekly,noise,2,-1318.248532592562,-1384.8303441661255,-1268.3946777233425
risk_aware_weekly,noise,3,-1771.1746308096006,-1827.078032260336,-1711.8909967697875
risk_aware_weekly,noise,4,-1492.8531873461877,-2381.8371117339516,-878.605168936976
risk_aware_weekly,noise,5,117.17869772570513,-1528.2777937379176,1850.0844104646364
risk_aware_weekly,noise,6,3138.472912709256,347.13632685080677,5869.836438065231
risk_aware_weekly,noise,7,6926.018866448489,3618.04298676637,9975.482012014214
risk_aware_weekly,noise,8,16695.840859741777,13500.295948553055,20166.505220828738
risk_aware_weekly,noise,9,30471.171891078222,27633.867597782944,34010.46093744793
risk_aware_weekly,noise,10,47175.22556009056,42794.33094959609,51388.86248598979
risk_aware_weekly,noise,11,64148.106241913156,58813.21958401654,69792.91629736712
risk_aware_weekly,noise,12,86248.76556237847,78487.14706551647,95140.2261791849
risk_aware_weekly,noise,13,112136.61244881774,103246.18327025256,121843.43396282979
risk_aware_weekly,noise,14,133647.22208423194,125592.5264436926,142973.79705222254
risk_aware_weekly,noise,15,154860.08286058882,144255.25924878463,166888.5150845174
risk_aware_weekly,noise,16,180203.42516767734,167923.41724196717,192566.23113465763
risk_aware_weekly,noise,17,205680.38191106182,197279.22673881476,217306.01408028684
risk_aware_weekly,noise,18,225731.9555447637,215031.4672915962,238326.89779064403
risk_aware_weekly,noise,19,242566.8653017685,230221.92921899576,256595.26339468436
risk_aware_weekly,noise,20,263031.0168218392,249012.73375797196,277703.11813826405
risk_aware_weekly,noise,21,281706.3907346948,271590.597572588,296101.1143274161
risk_aware_weekly,noise,22,302030.333331886,291000.2374101456,317571.6889896077
risk_aware_weekly,noise,23,317016.40525875014,305258.8082732756,333243.0311868191
risk_aware_weekly,noise,24,334347.4362003316,322285.52178497764,351511.0586296149
risk_aware_weekly,noise,25,526667.0151573912,511599.9098958005,543700.7045644564
risk_aware_weekly,split_policy_dynamics,0,-457.85843142189464,-505.3041239531929,-418.8276756034674
risk_aware_weekly,split_policy_dynamics,1,-952.209617868049,-1021.9241987416266,-878.3409516291633
risk_aware_weekly,split_policy_dynamics,2,-1452.7021088019817,-1510.2199095313892,-1382.9791702898474
risk_aware_weekly,split_policy_dynamics,3,-1983.0245275450495,-2045.7202991855565,-1909.5879868965799
risk_aware_weekly,split_policy_dynamics,4,-1417.138126101646,-2081.6535788279084,-924.728816788206
risk_aware_weekly,split_policy_dynamics,5,781.4786564917371,-818.6814578875097,2348.708838964376
risk_aware_weekly,split_policy_dynamics,6,4074.7586801526195,869.9265353706614,6614.681065858204
risk_aware_weekly,split_policy_dynamics,7,10029.402501993629,4168.818956867559,14942.08283648726
risk_aware_weekly,split_policy_dynamics,8,18419.837839171512,13399.55563046042,23552.349515526123
risk_aware_weekly,split_policy_dynamics,9,26727.268599810723,18617.674266919403,32388.219302258214
risk_aware_weekly,split_policy_dynamics,10,44487.45949110176,35266.707591297665,52010.394594195
risk_aware_weekly,split_policy_dynamics,11,64253.94505291548,55585.2981126615,71586.1604331853
risk_aware_weekly,split_policy_dynamics,12,90841.79427007266,81698.63114608474,97528.10184933689
risk_aware_weekly,split_policy_dynamics,13,115656.51981319087,106187.96481865126,122953.42064256706
risk_aware_weekly,split_policy_dynamics,14,137838.29255853416,127322.2873081425,145775.3186655445
risk_aware_weekly,split_policy_dynamics,15,155826.9594183468,144333.28434863305,164165.26703907712
risk_aware_weekly,split_policy_dynamics,16,180222.42467883442,170210.22006067203,188547.69213848832
risk_aware_weekly,split_policy_dynamics,17,200959.55840903847,191045.7133962168,208219.95205958126
risk_aware_weekly,split_policy_dynamics,18,221442.69510468116,208773.1629622126,237487.46119767692
risk_aware_weekly,split_policy_dynamics,19,236802.5654656701,225960.7753118273,251598.89138282277
risk_aware_weekly,split_policy_dynamics,20,258803.4509598949,245368.54682045203,276646.24029079365
risk_aware_weekly,split_policy_dynamics,21,279042.72818815644,266091.85279265605,298867.6585773187
risk_aware_weekly,split_policy_dynamics,22,296820.3321756836,282388.74162373686,318374.63863994833
risk_aware_weekly,split_policy_dynamics,23,316009.3926739927,300765.42078043433,335528.8318286665
risk_aware_weekly,split_policy_dynamics,24,338398.8039565777,321253.17314943275,356193.38946944044
risk_aware_weekly,split_policy_dynamics,25,520396.0062791815,505549.8558753841,535457.3282425953
sac,adverse_stress,0,-772.1184882793768,-1013.089567501971,-545.2008001156898
sac,adverse_stress,1,-1521.6649802318987,-2014.9976064496204,-1036.9888084140414
sac,adverse_stress,2,-2278.4956799334245,-3024.923208437693,-1544.4790556845246
sac,adverse_stress,3,-3054.5809840093593,-4065.2252697169397,-2058.837090387216
sac,adverse_stress,4,-3771.433174534816,-5717.468922305919,-2285.595664846987
sac,adverse_stress,5,-3022.541557900517,-5445.323645710696,-149.2055063936808
sac,adverse_stress,6,878.7704231995245,-2816.7949546144728,3787.3081601319427
sac,adverse_stress,7,6121.863901754891,662.3968989801967,9896.440193192037
sac,adverse_stress,8,18413.682180113756,8869.618700630701,25422.375643106614
sac,adverse_stress,9,32828.32190842211,21653.76653051877,43326.050064541734
sac,adverse_stress,10,45415.581488704694,36794.77778118166,57302.938552579166
sac,adverse_stress,11,61225.439224271744,48966.51399684213,77292.1744069362
sac,adverse_stress,12,86133.77284290442,72396.93270791796,100915.902331922
sac,adverse_stress,13,110760.15384070866,95842.07580365134,127736.58650296935
sac,adverse_stress,14,130633.94884120794,116642.47084787377,145375.0736180932
sac,adverse_stress,15,150078.91181841027,133044.87376719498,165990.49387209435
sac,adverse_stress,16,171614.85035863987,152622.83661188936,192614.87372894931
sac,adverse_stress,17,189854.61588046086,168199.56499775662,211587.12264172293
sac,adverse_stress,18,203515.9644023336,180681.42481195644,231008.0854506557
sac,adverse_stress,19,218905.58804221623,194862.62318756056,252086.12992382378
sac,adverse_stress,20,233234.27843726848,209857.60510133987,263026.1065631533
sac,adverse_stress,21,246640.78254452345,221476.9258382843,275036.6328810732
sac,adverse_stress,22,265488.8258908044,235776.4765453485,300318.3086992745
sac,adverse_stress,23,278645.0464648792,247888.8922311049,314965.2006043888
sac,adverse_stress,24,289470.9731592618,258907.0550486218,324231.74612147105
sac,adverse_stress,25,424364.6167289109,368550.3343108169,492995.68044670264
sac,base_market,0,-793.3260425318258,-1045.1314946695836,-557.7903727877724
sac,base_market,1,-1555.58150581413,-2082.308430574429,-1047.3498278230852
sac,base_market,2,-2318.8121523694927,-3101.332126279419,-1556.7890406022113
sac,base_market,3,-3089.6272108607423,-4141.2583062315025,-2058.62661752592
sac,base_market,4,-3136.239974370065,-5274.46656915599,-1282.3189785422894
sac,base_market,5,-3132.4734868149258,-7087.410394063293,-40.20094200982938
sac,base_market,6,-2196.6954979002753,-8012.987574507434,2739.5847301184613
sac,base_market,7,4940.502248622,-1152.9815247208699,10235.161631718209
sac,base_market,8,13405.116631322475,7957.685231000476,17940.77179188294
sac,base_market,9,24625.180761405732,19393.82463977046,31931.417820298448
sac,base_market,10,43767.522974329775,37372.40243716805,51852.85160135111
sac,base_market,11,58387.47073137653,47532.31664433345,72641.61245156344
sac,base_market,12,80780.65899448814,69772.42436705329,92303.72324984665
sac,base_market,13,104128.7554069603,90201.25113882146,119088.00492564408
sac,base_market,14,124088.90525100518,109606.10258826551,143386.6564402924
sac,base_market,15,143898.8859719137,127227.59860820719,165713.9699401265
sac,base_market,16,170711.70975054646,150879.75433305738,192903.57205562707
sac,base_market,17,190821.0888264999,167377.9504320632,216944.93192057058
sac,base_market,18,208602.64373343103,181355.387183862,238056.7145226899
sac,base_market,19,231165.09536463665,201522.0166207832,261599.22484202305
sac,base_market,20,251071.8729601947,216951.282668249,292022.80070049874
sac,base_market,21,271095.52542225685,232287.30288898238,314405.4899827988
sac,base_market,22,294943.59726095997,250665.5012356619,343419.1987173609
sac,base_market,23,315206.24850841664,268435.4340122501,366077.5398820021
sac,base_market,24,339781.67371502874,286774.5791044566,397410.3449892636
sac,base_market,25,570286.597941246,467362.9528815857,677143.6527500108
sac,class_imbalance_shift,0,-791.3186999256901,-1036.0122002313751,-558.7035906714236
sac,class_imbalance_shift,1,-1574.8218494788787,-2058.309740879924,-1115.6809864110187
sac,class_imbalance_shift,2,-2360.8212319461322,-3089.8970868627916,-1653.709799455789
sac,class_imbalance_shift,3,-3140.0380821279123,-4119.72319774971,-2185.788139973487
sac,class_imbalance_shift,4,-3470.257547780955,-5381.480852362246,-1742.2841034013582
sac,class_imbalance_shift,5,-2679.7471881483816,-6125.736461301086,534.2981956725091
sac,class_imbalance_shift,6,-1437.735274722453,-5661.402751597219,2678.1294561188106
sac,class_imbalance_shift,7,4703.965810736125,-1330.0296104753747,9651.376811159415
sac,class_imbalance_shift,8,12770.889985845484,7544.526891888502,17441.867157728648
sac,class_imbalance_shift,9,21500.218773697623,16517.770939222646,26075.140268509258
sac,class_imbalance_shift,10,37002.498119970136,31663.651278778038,44184.66335398897
sac,class_imbalance_shift,11,49356.04364454752,42494.76464788125,56875.99775459246
sac,class_imbalance_shift,12,75018.12053339374,66583.99916437382,83834.52158504362
sac,class_imbalance_shift,13,95800.23120459188,82442.67749945572,110775.73570091315
sac,class_imbalance_shift,14,121887.23194055977,102637.9750316065,139908.87312727096
sac,class_imbalance_shift,15,138389.7098649027,119245.39555260316,159429.89702064707
sac,class_imbalance_shift,16,156973.83996372268,136154.45126326295,181090.2181496443
sac,class_imbalance_shift,17,179282.52239944306,155853.97109216847,204298.94606878285
sac,class_imbalance_shift,18,198071.22662534125,169036.77780437365,227576.937040801
sac,class_imbalance_shift,19,216006.08139929516,183210.01655488095,248265.66028692987
sac,class_imbalance_shift,20,240802.23457136922,202986.1650153044,279665.56085736223
sac,class_imbalance_shift,21,265021.6014798809,223186.81053499202,308696.15748222126
sac,class_imbalance_shift,22,279464.3174545525,234811.04927884668,327838.4150886069
sac,class_imbalance_shift,23,294223.4480335086,246692.3900619311,345891.3278864072
sac,class_imbalance_shift,24,310378.11955234426,260701.36370454272,361684.6210394367
sac,class_imbalance_shift,25,519618.2442131108,422651.3645998146,620459.4992898515
sac,drift,0,-786.7544864622213,-1035.150802397799,-530.5169527794293
sac,drift,1,-1567.7242276283694,-2066.408028478523,-1070.4845009297828
sac,drift,2,-2321.4972214002005,-3092.6815197768415,-1551.0776294066013
sac,drift,3,-3076.9552802103376,-4118.48275742381,-2034.526553708432
sac,drift,4,-3129.3812746902477,-4550.607567099379,-1567.1632691059415
sac,drift,5,-3517.2505033440834,-6784.115675338259,-659.0822329262387
sac,drift,6,297.90189511948404,-3911.875904600665,3680.663368875356
sac,drift,7,4531.37696001621,982.8803372784298,8668.851794717402
sac,drift,8,12129.535423808158,9265.44687809843,15959.805679137715
sac,drift,9,24170.449328413455,18880.67375772883,29889.20719439844
sac,drift,10,43572.658948187534,36010.2627380684,52666.063506603015
sac,drift,11,61582.67156718144,50552.909226226046,77350.13777417054
sac,drift,12,83317.43871926973,67924.73447440416,106636.42981485113
sac,drift,13,100759.07155850895,85717.76971260148,123709.67495840623
sac,drift,14,126888.85947586219,106336.36176954173,148523.67478049133
sac,drift,15,150361.51378465947,122992.15634948679,178036.4065768152
sac,drift,16,172327.61281462444,143693.63463185905,201259.49239475979
sac,drift,17,190086.01433925633,162756.83835580893,221573.3712397223
sac,drift,18,208328.23210804004,178389.72407222347,236198.57053779307
sac,drift,19,232398.72081734127,198687.12268708425,260704.78410313273
sac,drift,20,248231.5266872785,212400.1882007278,282418.15959918126
sac,drift,21,268675.27648900665,229920.5976194496,307699.64368538547
sac,drift,22,282865.4365837628,240103.0714648821,322005.823019965
sac,drift,23,298416.3575281976,255318.43302036283,339340.9730150611
sac,drift,24,319879.53543490596,276571.32379316963,362836.15876219556
sac,drift,25,521773.8254680426,432172.110637386,615058.4063017018
sac,noise,0,-687.547053425316,-928.7078431494729,-438.69880994192886
sac,noise,1,-1371.0163380327167,-1848.4260115019385,-906.2633754538141
sac,noise,2,-2077.4447091872185,-2761.387813002867,-1392.7288537570726
sac,noise,3,-2773.623486727534,-3696.4891907598244,-1837.770355466458
sac,noise,4,-3656.625037760816,-4998.082146355745,-2270.535360778373
sac,noise,5,-3264.1483271461675,-6179.833512833423,-925.7163978073447
sac,noise,6,-172.45093715091923,-3733.735179631945,2688.414847705356
sac,noise,7,2233.68892741837,-1730.7843819383095,5068.675511456967
sac,noise,8,11563.23354587638,5318.577435435232,16532.662772221098
sac,noise,9,21714.6522886051,14937.119414505263,30431.90660333477
sac,noise,10,38257.054316795235,30532.382372334585,47549.53014094167
sac,noise,11,61711.90606237068,53414.25863926295,72659.39432007668
sac,noise,12,85219.35034269265,76203.06741829768,96524.59479801566
sac,noise,13,108753.96396899126,96285.60229707908,122477.11099644298
sac,noise,14,128598.99580389237,114315.06192906841,145467.82769803703
sac,noise,15,150831.06212604351,134279.43054915083,168847.22308096703
sac,noise,16,173199.10120880383,153859.50589185287,193477.45642272182
sac,noise,17,191470.11095910214,170098.00773827743,215389.03387152264
sac,noise,18,212913.09601826654,191212.5984704271,237352.74410308333
sac,noise,19,233421.4723431189,211056.9186794162,258973.1306956946
sac,noise,20,253885.5256496766,226632.00319417362,285137.2563346922
sac,noise,21,279307.83222746715,248502.9890085292,314925.3745563261
sac,noise,22,297826.84471727407,263335.1687844374,337022.3914152904
sac,noise,23,317501.49910752726,279266.2585608251,362211.46009945794
sac,noise,24,338958.4892099351,295371.72541910416,387390.9678505615
sac,noise,25,562441.2118732515,481896.5690466363,649949.082432073
sac,split_policy_dynamics,0,-776.1887470696247,-1032.8066187126312,-521.2526152259416
sac,split_policy_dynamics,1,-1558.354622860509,-2069.452382190115,-1047.7015995269505
sac,split_policy_dynamics,2,-2327.1303357408233,-3099.6384601426926,-1559.370296754192
sac,split_policy_dynamics,3,-3124.5273444481522,-4129.475579120877,-2124.2889845195878
sac,split_policy_dynamics,4,-3188.47659767607,-4564.203188988776,-1846.731035506269
sac,split_policy_dynamics,5,-1537.472723990774,-2837.168924035626,26.370857485489807
sac,split_policy_dynamics,6,-1069.406520541365,-4046.267485644325,1886.8889442491113
sac,split_policy_dynamics,7,6785.075464553199,1732.931444778949,10484.27686574324
sac,split_policy_dynamics,8,17024.926262017158,11228.215187853626,21142.738194212412
sac,split_policy_dynamics,9,29585.059001378464,23206.962033279622,33895.503765932976
sac,split_policy_dynamics,10,50547.78701493097,44766.260063586036,57378.09212735448
sac,split_policy_dynamics,11,67230.59603022083,61338.985259744164,72934.15304676628
sac,split_policy_dynamics,12,86380.62127455678,75329.32424842815,96429.83270781764
sac,split_policy_dynamics,13,109821.57603940163,96522.94259581901,121686.93247815486
sac,split_policy_dynamics,14,133282.2198513261,119540.37580081614,145570.51143423273
sac,split_policy_dynamics,15,161105.7318496396,144691.75419697934,178267.09123812057
sac,split_policy_dynamics,16,187111.67758582064,165758.20311316213,205856.0942024767
sac,split_policy_dynamics,17,210439.76106059024,188084.7859281065,233241.64581257076
sac,split_policy_dynamics,18,234595.5500842599,207704.41156467982,258265.06206693023
sac,split_policy_dynamics,19,253948.50792678806,224875.9045007273,279358.26527866424
sac,split_policy_dynamics,20,277938.12900173076,244783.01320721107,306954.12439215847
sac,split_policy_dynamics,21,296543.8566780998,261247.14169175446,329216.91042018245
sac,split_policy_dynamics,22,317277.33677986293,281269.49681493256,351127.67864753236
sac,split_policy_dynamics,23,338006.0140451786,296505.7502294014,374355.7342938169
sac,split_policy_dynamics,24,360781.1072863615,314762.9781847151,401364.9596365181
sac,split_policy_dynamics,25,575038.8424966597,492405.957676139,657042.2600442256
split_policy_static,adverse_stress,0,-444.73283952597467,-488.98425388294635,-401.61472194439324
split_policy_static,adverse_stress,1,-905.8116131506317,-932.7096733330101,-875.1500661137617
split_policy_static,adverse_stress,2,-1359.0070881554632,-1420.467100730634,-1293.5937639565543
split_policy_static,adverse_stress,3,-1825.2136547606376,-1897.764366827663,-1744.9883616216546
split_policy_static,adverse_stress,4,-1842.7455985332647,-2714.865087611311,-1114.0615765671903
split_policy_static,adverse_stress,5,-14.284327522254747,-1843.4700841224173,1581.8355448311875
split_policy_static,adverse_stress,6,3307.384028022954,-59.57655347218959,6058.021588291464
split_policy_static,adverse_stress,7,5559.869679871686,2283.2519420372223,9337.793495934498
split_policy_static,adverse_stress,8,13466.188180491356,8931.819929544188,17824.59825317814
split_policy_static,adverse_stress,9,26703.52440877313,21204.970832852872,32977.71854928877
split_policy_static,adverse_stress,10,40452.809294507526,34247.99230373214,46315.26284091851
split_policy_static,adverse_stress,11,58182.49786043632,52265.930315201,65340.62447101767
split_policy_static,adverse_stress,12,78365.74102607828,71862.56093168225,84725.63016930802
split_policy_static,adverse_stress,13,100644.93630709866,92610.41244711028,107780.0674634627
split_policy_static,adverse_stress,14,118404.31697481505,107086.21200397573,129351.0931736711
split_policy_static,adverse_stress,15,141955.65385927985,129820.0713860594,153156.78878112976
split_policy_static,adverse_stress,16,159549.30608144766,147695.7996082372,170580.6210920044
split_policy_static,adverse_stress,17,177373.54834953495,164645.5594028451,190000.1967361752
split_policy_static,adverse_stress,18,196381.81417075056,183386.5021991985,207835.03555547696
split_policy_static,adverse_stress,19,209264.18081608042,195249.5977573526,221319.05750195004
split_policy_static,adverse_stress,20,228548.15704026996,212672.36506418118,242818.4048723924
split_policy_static,adverse_stress,21,242004.8005190645,229420.58252914093,255168.35818722696
split_policy_static,adverse_stress,22,256267.68970084912,240540.78924983964,269799.3865997064
split_policy_static,adverse_stress,23,272684.747187479,255720.44234502487,286758.98495352064
split_policy_static,adverse_stress,24,290600.931680629,272560.63305805356,306803.8803574952
split_policy_static,adverse_stress,25,422612.95881064865,393441.9399389504,447342.906365502
split_policy_static,base_market,0,-448.8428805837996,-498.42584749143623,-399.8502616014235
split_policy_static,base_market,1,-915.8172229053431,-991.5305627694014,-826.2641963866797
split_policy_static,base_market,2,-1414.0148064902585,-1493.551105828617,-1329.907019117019
split_policy_static,base_market,3,-1919.4146173385595,-1987.2099057180903,-1840.1925944078084
split_policy_static,base_market,4,-2195.358402592979,-3207.4616725024775,-1236.8491998340523
split_policy_static,base_market,5,-1367.3130057437875,-2667.005713963333,-4.014721803871563
split_policy_static,base_market,6,1817.233835351378,-824.1782637325774,4160.896896307558
split_policy_static,base_market,7,7467.949500411744,4663.388511321213,9335.635838018372
split_policy_static,base_market,8,15344.379330064954,11862.306369209844,18313.353051289127
split_policy_static,base_market,9,27954.103687603143,24287.594431420777,31185.207467750453
split_policy_static,base_market,10,45426.44295193479,39998.68841830676,50442.03165234744
split_policy_static,base_market,11,65784.13763184183,58306.049659411554,72788.91578766468
split_policy_static,base_market,12,85312.62798354258,75427.28897821294,96830.19904104748
split_policy_static,base_market,13,105490.37603527866,97022.40593026893,115050.74516016172
split_policy_static,base_market,14,123735.02163038422,114856.90771309953,133376.9890715507
split_policy_static,base_market,15,148208.4909717409,136781.02409854947,158175.68337024082
split_policy_static,base_market,16,167458.89978244193,153204.51501842213,180538.60282368443
split_policy_static,base_market,17,184667.12045893143,169460.31736266508,197132.19920808353
split_policy_static,base_market,18,206573.08380593624,190425.85263997942,219650.6068002241
split_policy_static,base_market,19,224668.6278466429,207265.1313509711,237136.8194382525
split_policy_static,base_market,20,244764.57607975716,226519.38940582954,257134.7667292122
split_policy_static,base_market,21,262031.4103089847,241313.46796363077,276848.87289866235
split_policy_static,base_market,22,281576.3911665129,263520.23777172674,296142.08428105054
split_policy_static,base_market,23,299202.29246844194,281223.24881149764,313200.5788178157
split_policy_static,base_market,24,318293.6929501405,301841.80167644034,330067.7780583603
split_policy_static,base_market,25,523316.10524506867,502883.5503034331,539567.072529845
split_policy_static,class_imbalance_shift,0,-398.32862198989795,-439.95457243792276,-359.0964695242295
split_policy_static,class_imbalance_shift,1,-766.8796931372441,-838.4600172405751,-692.826835594809
split_policy_static,class_imbalance_shift,2,-1218.1867015910984,-1312.3544099661228,-1114.7376218397117
split_policy_static,class_imbalance_shift,3,-1664.3608636449608,-1794.0110786167395,-1525.054151683548
split_policy_static,class_imbalance_shift,4,-2845.8694192529438,-3640.2294698120404,-2033.5205934192743
split_policy_static,class_imbalance_shift,5,-3687.565420398418,-5486.371747422893,-1567.9554070269344
split_policy_static,class_imbalance_shift,6,-1531.9915034143796,-4367.979286496398,1356.7698026214382
split_policy_static,class_imbalance_shift,7,2798.517528858147,-1011.7867803032209,7664.312137732742
split_policy_static,class_imbalance_shift,8,10346.08450942219,6066.76389202184,14956.654217585412
split_policy_static,class_imbalance_shift,9,21822.875608258968,18319.86544643618,26393.953727342425
split_policy_static,class_imbalance_shift,10,38692.664481014595,32740.588826249743,46085.26401863097
split_policy_static,class_imbalance_shift,11,54796.92111148845,48415.58556721133,61447.51434480474
split_policy_static,class_imbalance_shift,12,74619.51255541765,67912.50595032742,80064.4291098672
split_policy_static,class_imbalance_shift,13,96393.63372242043,88552.17041890243,104148.67665386439
split_policy_static,class_imbalance_shift,14,118512.89696689736,111095.2745528213,125579.76686768622
split_policy_static,class_imbalance_shift,15,141613.3649436645,131714.8623187556,150051.06086176072
split_policy_static,class_imbalance_shift,16,159034.813938109,147191.8737527465,169887.21567483048
split_policy_static,class_imbalance_shift,17,174539.6070100903,161447.85051200978,187375.94097626413
split_policy_static,class_imbalance_shift,18,194133.87977415023,179210.1075045878,206399.73491258186
split_policy_static,class_imbalance_shift,19,212781.74921484754,198308.82433187822,224385.06052285506
split_policy_static,class_imbalance_shift,20,235521.85819308078,222396.62736108445,246048.0719418535
split_policy_static,class_imbalance_shift,21,251956.32077577035,237956.24633715732,264379.13953012927
split_policy_static,class_imbalance_shift,22,270544.34244624275,259479.4416356769,282427.12232474756
split_policy_static,class_imbalance_shift,23,286500.0490066561,276153.93929357454,297240.94320957747
split_policy_static,class_imbalance_shift,24,305049.0261651045,294080.81379744393,315069.8573953864
split_policy_static,class_imbalance_shift,25,481250.1969709495,467641.04214825784,495249.5243341807
split_policy_static,drift,0,-493.4827935968612,-540.0038601145882,-452.75606251968185
split_policy_static,drift,1,-943.4208891953284,-1007.2073350381701,-881.5772174241771
split_policy_static,drift,2,-1416.2405067436382,-1477.441044889994,-1354.641944438566
split_policy_static,drift,3,-1885.5158653327853,-1950.3098671797718,-1795.8985429223715
split_policy_static,drift,4,-2063.0342253109075,-3418.8187772454803,-1130.8078538368727
split_policy_static,drift,5,-972.7361794746761,-2312.348346007408,395.95181890513993
split_policy_static,drift,6,2217.2492735169585,-191.12213538725763,4286.242532155417
split_policy_static,drift,7,7179.341933619919,2657.7092254253494,10988.880827188557
split_policy_static,drift,8,17012.325755222682,12767.182942284695,21475.458859781167
split_policy_static,drift,9,28113.602046739088,22998.828719950965,32205.779773084218
split_policy_static,drift,10,43064.4894201511,36529.089779185364,48678.15068258047
split_policy_static,drift,11,61789.25958038881,55207.41160193327,68661.93792521163
split_policy_static,drift,12,82726.67737388785,72581.62696651781,90945.05531585001
split_policy_static,drift,13,104158.77801953099,95048.49707530218,111200.8940317071
split_policy_static,drift,14,122567.48134356807,112519.95435953782,129862.23186299435
split_policy_static,drift,15,140117.9883670779,130462.24787287506,148920.22639971695
split_policy_static,drift,16,163879.02311044242,154564.79708854013,172462.16929441848
split_policy_static,drift,17,184915.30219597,175890.01690662035,195309.19327971622
split_policy_static,drift,18,202912.79209239935,192983.76547292262,211529.74024984162
split_policy_static,drift,19,219667.36542448972,209294.10019524014,228393.6094006205
split_policy_static,drift,20,237811.21818131662,230212.99299797224,245923.40081377915
split_policy_static,drift,21,253553.19703173076,246251.20060016162,262173.6315208971
split_policy_static,drift,22,273409.03027460654,265735.4659915774,283515.70066241
split_policy_static,drift,23,292665.02035797085,283162.2975640954,304187.6741020915
split_policy_static,drift,24,307304.4893438657,298818.2682885988,315854.5847670564
split_policy_static,drift,25,488700.6506595714,472325.2155578037,503349.0816037277
split_policy_static,noise,0,-431.8389588067398,-481.28375328773615,-391.12979296070944
split_policy_static,noise,1,-889.372135478137,-952.028221751151,-842.4384105849928
split_policy_static,noise,2,-1318.248532592562,-1384.8303441661255,-1268.3946777233425
split_policy_static,noise,3,-1771.1746308096006,-1827.078032260336,-1711.8909967697875
split_policy_static,noise,4,-1492.8531873461877,-2381.8371117339516,-878.605168936976
split_policy_static,noise,5,117.17869772570513,-1528.2777937379176,1850.0844104646364
split_policy_static,noise,6,3138.472912709256,347.13632685080677,5869.836438065231
split_policy_static,noise,7,6926.018866448489,3618.04298676637,9975.482012014214
split_policy_static,noise,8,16695.840859741777,13500.295948553055,20166.505220828738
split_policy_static,noise,9,30471.171891078222,27633.867597782944,34010.46093744793
split_policy_static,noise,10,47175.22556009056,42794.33094959609,51388.86248598979
split_policy_static,noise,11,64148.106241913156,58813.21958401654,69792.91629736712
split_policy_static,noise,12,86248.76556237847,78487.14706551647,95140.2261791849
split_policy_static,noise,13,112136.61244881774,103246.18327025256,121843.43396282979
split_policy_static,noise,14,133647.22208423194,125592.5264436926,142973.79705222254
split_policy_static,noise,15,154860.08286058882,144255.25924878463,166888.5150845174
split_policy_static,noise,16,180203.42516767734,167923.41724196717,192566.23113465763
split_policy_static,noise,17,205680.38191106182,197279.22673881476,217306.01408028684
split_policy_static,noise,18,225731.9555447637,215031.4672915962,238326.89779064403
split_policy_static,noise,19,242566.8653017685,230221.92921899576,256595.26339468436
split_policy_static,noise,20,263031.0168218392,249012.73375797196,277703.11813826405
split_policy_static,noise,21,281706.3907346948,271590.597572588,296101.1143274161
split_policy_static,noise,22,302030.333331886,291000.2374101456,317571.6889896077
split_policy_static,noise,23,317016.40525875014,305258.8082732756,333243.0311868191
split_policy_static,noise,24,334347.4362003316,322285.52178497764,351511.0586296149
split_policy_static,noise,25,526667.0151573912,511599.9098958005,543700.7045644564
split_policy_static,split_policy_dynamics,0,-457.85843142189464,-505.3041239531929,-418.8276756034674
split_policy_static,split_policy_dynamics,1,-952.209617868049,-1021.9241987416266,-878.3409516291633
split_policy_static,split_policy_dynamics,2,-1452.7021088019817,-1510.2199095313892,-1382.9791702898474
split_policy_static,split_policy_dynamics,3,-1983.0245275450495,-2045.7202991855565,-1909.5879868965799
split_policy_static,split_policy_dynamics,4,-1417.138126101646,-2081.6535788279084,-924.728816788206
split_policy_static,split_policy_dynamics,5,781.4786564917371,-818.6814578875097,2348.708838964376
split_policy_static,split_policy_dynamics,6,4074.7586801526195,869.9265353706614,6614.681065858204
split_policy_static,split_policy_dynamics,7,10029.402501993629,4168.818956867559,14942.08283648726
split_policy_static,split_policy_dynamics,8,18419.837839171512,13399.55563046042,23552.349515526123
split_policy_static,split_policy_dynamics,9,26727.268599810723,18617.674266919403,32388.219302258214
split_policy_static,split_policy_dynamics,10,44487.45949110176,35266.707591297665,52010.394594195
split_policy_static,split_policy_dynamics,11,64253.94505291548,55585.2981126615,71586.1604331853
split_policy_static,split_policy_dynamics,12,90841.79427007266,81698.63114608474,97528.10184933689
split_policy_static,split_policy_dynamics,13,115656.51981319087,106187.96481865126,122953.42064256706
split_policy_static,split_policy_dynamics,14,137838.29255853416,127322.2873081425,145775.3186655445
split_policy_static,split_policy_dynamics,15,155826.9594183468,144333.28434863305,164165.26703907712
split_policy_static,split_policy_dynamics,16,180222.42467883442,170210.22006067203,188547.69213848832
split_policy_static,split_policy_dynamics,17,200959.55840903847,191045.7133962168,208219.95205958126
split_policy_static,split_policy_dynamics,18,221442.69510468116,208773.1629622126,237487.46119767692
split_policy_static,split_policy_dynamics,19,236802.5654656701,225960.7753118273,251598.89138282277
split_policy_static,split_policy_dynamics,20,258803.4509598949,245368.54682045203,276646.24029079365
split_policy_static,split_policy_dynamics,21,279042.72818815644,266091.85279265605,298867.6585773187
split_policy_static,split_policy_dynamics,22,296820.3321756836,282388.74162373686,318374.63863994833
split_policy_static,split_policy_dynamics,23,316009.3926739927,300765.42078043433,335528.8318286665
split_policy_static,split_policy_dynamics,24,338398.8039565777,321253.17314943275,356193.38946944044
split_policy_static,split_policy_dynamics,25,520396.0062791815,505549.8558753841,535457.3282425953
static_threshold,adverse_stress,0,-569.2812719559923,-614.6630382582171,-516.4585089341866
static_threshold,adverse_stress,1,-1145.0385829006261,-1195.314608908681,-1100.2302418370061
static_threshold,adverse_stress,2,-1718.0673497574671,-1783.9685691220093,-1651.6939605968596
static_threshold,adverse_stress,3,-2303.132088865067,-2371.0943714728887,-2237.863071006801
static_threshold,adverse_stress,4,-2315.140936624435,-3363.3715270094876,-1553.1915663234158
static_threshold,adverse_stress,5,-554.9311436346809,-2374.1984163586444,842.8791983078033
static_threshold,adverse_stress,6,3240.533689953711,139.49263492977124,5620.918964168501
static_threshold,adverse_stress,7,5467.8592438415735,2031.9001456721712,9442.301948032113
static_threshold,adverse_stress,8,14065.316042036482,9217.819798420209,18489.977363692764
static_threshold,adverse_stress,9,29003.470599024226,23889.53527660117,35119.04053741241
static_threshold,adverse_stress,10,43333.690734751915,36717.034350589325,49167.42281564081
static_threshold,adverse_stress,11,63208.45859726142,57484.558231540526,70252.80737635704
static_threshold,adverse_stress,12,84094.25542284899,77829.37098075765,90094.65054250132
static_threshold,adverse_stress,13,107096.49502735228,98314.1383403852,114318.48212395133
static_threshold,adverse_stress,14,125746.2599369355,115851.04087835955,135182.93277321444
static_threshold,adverse_stress,15,151636.07260576138,141046.13435146285,160551.72065820734
static_threshold,adverse_stress,16,171388.79082471007,161734.20310822027,181132.8404231535
static_threshold,adverse_stress,17,190319.81039012826,178857.83904912905,201885.7241235617
static_threshold,adverse_stress,18,209278.0978397278,196951.0111109762,221131.73177429097
static_threshold,adverse_stress,19,221699.38347086372,208764.36530232898,232855.40911960634
static_threshold,adverse_stress,20,242242.76391152132,226694.30545178024,255696.14018633662
static_threshold,adverse_stress,21,254979.45287407163,242376.10372323994,269139.1455124034
static_threshold,adverse_stress,22,268969.01790728833,251089.49191625696,286328.2639597065
static_threshold,adverse_stress,23,285724.66289487336,266976.5675711034,302721.99811048957
static_threshold,adverse_stress,24,303492.56262080197,286820.8013468342,317822.92065264063
static_threshold,adverse_stress,25,448748.77079545456,421667.35173896427,473703.6833025207
static_threshold,base_market,0,-614.4173650702797,-660.7832017116942,-572.5060591826707
static_threshold,base_market,1,-1238.4224941482237,-1300.366216209326,-1163.2221184819691
static_threshold,base_market,2,-1881.5985248882055,-1962.2368621049375,-1808.8976281463702
static_threshold,base_market,3,-2491.230429755465,-2545.826729266966,-2421.1062244969235
static_threshold,base_market,4,-3008.996188428746,-4109.376406308487,-2079.3027946481016
static_threshold,base_market,5,-1759.4286437806084,-2717.300233128613,-610.4907714254676
static_threshold,base_market,6,1456.8879358673541,-1797.9028035090262,4635.933680532186
static_threshold,base_market,7,7615.517402232382,4337.477902827911,10364.71643119973
static_threshold,base_market,8,15058.348663260062,11245.48551967415,19351.26194430564
static_threshold,base_market,9,27577.7222052921,22529.935135696098,32427.13725874305
static_threshold,base_market,10,44304.11696920319,38209.3983499481,50331.831223950925
static_threshold,base_market,11,66145.48118582655,58066.156875506866,73418.19744247555
static_threshold,base_market,12,87178.48682369628,78962.52657810047,97117.24276708759
static_threshold,base_market,13,108205.65970695624,99751.71490490156,117020.07098096481
static_threshold,base_market,14,129397.44806597549,118915.24476303425,139811.1859739202
static_threshold,base_market,15,153770.76753639278,140042.77889038657,165677.66080656543
static_threshold,base_market,16,173876.8512729998,159494.96099206607,188012.37670044415
static_threshold,base_market,17,193281.64324663172,178078.8897101074,206356.1728792775
static_threshold,base_market,18,217061.4599104325,201485.84847677857,227868.7424179196
static_threshold,base_market,19,236109.29606898595,219658.69977507798,246679.58613833573
static_threshold,base_market,20,257000.2212919381,239295.06735505632,270090.7122204015
static_threshold,base_market,21,277948.979136306,257343.45689951096,293110.6192302114
static_threshold,base_market,22,298998.6057137201,280527.5175803287,313783.9717102562
static_threshold,base_market,23,318778.73861119285,300073.45599662245,330658.175659042
static_threshold,base_market,24,339797.09429196705,322624.43870794616,352618.50861987006
static_threshold,base_market,25,573127.8588007346,557683.5197776934,589157.6846160914
static_threshold,class_imbalance_shift,0,-588.6029075494708,-625.8365472798263,-542.7755161899429
static_threshold,class_imbalance_shift,1,-1147.4494118111093,-1204.4275941345893,-1079.8862227680845
static_threshold,class_imbalance_shift,2,-1761.0639992408978,-1839.5604302397394,-1674.7597691303754
static_threshold,class_imbalance_shift,3,-2368.636260350108,-2472.6794538586737,-2265.681047204125
static_threshold,class_imbalance_shift,4,-3562.965658996547,-4530.045538031124,-2749.003188950646
static_threshold,class_imbalance_shift,5,-4766.1172338194,-6992.210037183009,-2483.033195393986
static_threshold,class_imbalance_shift,6,-2502.700207814077,-5136.137342891992,189.69358079313866
static_threshold,class_imbalance_shift,7,1768.447732232374,-2410.7491540988585,6742.375279322706
static_threshold,class_imbalance_shift,8,9046.704470272549,5213.747924168354,13416.571833909018
static_threshold,class_imbalance_shift,9,20226.99370332207,16432.18734519176,24283.908701647306
static_threshold,class_imbalance_shift,10,36585.823483209555,29751.3967978629,43540.06861880053
static_threshold,class_imbalance_shift,11,52796.5548106562,44773.65162295224,60410.494412606255
static_threshold,class_imbalance_shift,12,75865.78142973469,67907.47353966857,82563.79306483846
static_threshold,class_imbalance_shift,13,98976.20057141612,89129.43694426755,107694.4407018122
static_threshold,class_imbalance_shift,14,123621.085768979,114554.26123240207,133358.4651259443
static_threshold,class_imbalance_shift,15,148361.9801401909,138341.9925987423,156812.4313008855
static_threshold,class_imbalance_shift,16,169257.43256455692,156692.32611999888,180226.27069092632
static_threshold,class_imbalance_shift,17,186215.59286664517,173314.8918122338,199953.50011780654
static_threshold,class_imbalance_shift,18,208678.2280967453,195430.860417724,221329.3802330177
static_threshold,class_imbalance_shift,19,229077.94442998056,214865.10626578558,243541.26438976004
static_threshold,class_imbalance_shift,20,254204.31533023473,241071.21657720522,266753.15693726926
static_threshold,class_imbalance_shift,21,272959.6931243483,257525.92455009132,286550.2967184694
static_threshold,class_imbalance_shift,22,293659.036266118,280723.97635735665,308214.09339856566
static_threshold,class_imbalance_shift,23,312311.7233448871,301027.58644679416,325245.9788273084
static_threshold,class_imbalance_shift,24,333358.81972368946,320880.8041434319,347278.5117424099
static_threshold,class_imbalance_shift,25,534796.7982124921,518483.32927576907,553949.1594021373
static_threshold,drift,0,-658.1845450685367,-701.18430244418,-627.2766334600896
static_threshold,drift,1,-1268.556653115192,-1320.2746158920338,-1209.8102508402792
static_threshold,drift,2,-1926.5740467079747,-1996.8942733352374,-1851.134036016359
static_threshold,drift,3,-2556.1117046012164,-2620.7955584366846,-2479.6049234920188
static_threshold,drift,4,-2988.2794908101228,-4296.0203119804155,-2036.0987196477572
static_threshold,drift,5,-1793.3456652691996,-3179.9975405126256,-504.08200333459877
static_threshold,drift,6,1961.1052845053575,-447.2357752872679,4070.7356780413593
static_threshold,drift,7,6850.895871764999,2089.622578819948,11235.747099244198
static_threshold,drift,8,16895.427579727166,12405.99591957567,20868.287073082865
static_threshold,drift,9,28821.355306510242,23423.450970934548,33432.94280020667
static_threshold,drift,10,44726.986934408866,38023.97302828678,50330.20365853827
static_threshold,drift,11,64387.14866166547,56658.900728058754,72411.01549108233
static_threshold,drift,12,84408.34876091621,75325.19796568264,92846.59270150191
static_threshold,drift,13,106579.05377054999,97155.27461229356,114998.67695928957
static_threshold,drift,14,127926.24652257243,116820.79143874976,136075.8785020729
static_threshold,drift,15,146473.6462689359,135249.07613652834,155667.4630999348
static_threshold,drift,16,172943.90599020783,163889.09739153332,182685.3977442588
static_threshold,drift,17,195706.0562636607,186248.38162687942,206967.51413702167
static_threshold,drift,18,214079.2933934028,202647.02747349872,224073.10495026695
static_threshold,drift,19,232427.44321589204,222522.41048031332,243470.55378312676
static_threshold,drift,20,250363.68548955908,241417.01641404247,259425.86647730076
static_threshold,drift,21,267469.9235912321,257369.87221128587,276571.3248368335
static_threshold,drift,22,290043.57534123986,281511.70364777325,297987.91520129226
static_threshold,drift,23,310470.29945018195,300551.5417286991,320284.0980223512
static_threshold,drift,24,326996.65353101416,319266.2263733074,333809.0758836351
static_threshold,drift,25,531948.8428878386,515387.84720564645,546573.6268730289
static_threshold,noise,0,-512.2874873463522,-559.114971480165,-474.2653929054913
static_threshold,noise,1,-1056.0091981361402,-1110.3744030334199,-992.4295365902201
static_threshold,noise,2,-1568.1014679919115,-1641.1071687069136,-1500.1790930387021
static_threshold,noise,3,-2079.809094660804,-2154.516312605439,-1992.5314788250716
static_threshold,noise,4,-1972.9244963988813,-2846.600686481792,-1362.4630155545672
static_threshold,noise,5,-566.0323683795478,-1784.6638454680105,765.3505678098697
static_threshold,noise,6,2394.6492399064596,-489.5408154968022,5023.168317024918
static_threshold,noise,7,5140.824353244813,1835.9955793124752,8104.590042607639
static_threshold,noise,8,14610.309892588079,11292.842892501398,18265.611590484452
static_threshold,noise,9,27946.643723504876,24785.52005706801,31911.930904233814
static_threshold,noise,10,46383.819839104755,41737.736791835596,51938.62665070964
static_threshold,noise,11,63826.1226878542,56869.165446727086,71714.58433317862
static_threshold,noise,12,87127.84535413378,77991.2584314882,96403.55568586338
static_threshold,noise,13,114699.58817283566,106253.36113527455,125058.22600482397
static_threshold,noise,14,136518.06024065363,126946.84120961747,146507.67079219414
static_threshold,noise,15,157746.85795627176,146989.72572883827,171435.3689694278
static_threshold,noise,16,183653.29326591338,170798.0209413602,199766.15236047708
static_threshold,noise,17,209654.64260377467,197524.75622927258,221745.6787199499
static_threshold,noise,18,230290.68336243252,217306.43836444023,243975.2092870325
static_threshold,noise,19,248489.59895880046,234702.59419501637,263656.4125236771
static_threshold,noise,20,269453.5780007862,254333.8683925247,286833.0645654935
static_threshold,noise,21,290659.4352717083,277371.3688454572,307573.6957153128
static_threshold,noise,22,312174.5310071671,298516.69024752366,327596.85035093897
static_threshold,noise,23,327247.4508017129,312999.71533250407,343889.7109629473
static_threshold,noise,24,345562.54215180787,332868.68848922034,363683.6518145781
static_threshold,noise,25,558452.2082223449,542610.879401084,578594.5238674417
static_threshold,split_policy_dynamics,0,-597.9970153390271,-661.872566503826,-546.4598491712687
static_threshold,split_policy_dynamics,1,-1219.544069512421,-1320.3090367743903,-1133.5811626905556
static_threshold,split_policy_dynamics,2,-1842.3845482178479,-1922.6483268611453,-1758.4626556198848
static_threshold,split_policy_dynamics,3,-2496.9662819425116,-2572.0943837729833,-2409.760453662274
static_threshold,split_policy_dynamics,4,-2157.4719528757137,-2850.3671017221604,-1663.2392202966062
static_threshold,split_policy_dynamics,5,-657.1337933657645,-2697.1129439443143,1053.0262030315223
static_threshold,split_policy_dynamics,6,2796.1864768457785,-4.243218974905801,5331.407459251313
static_threshold,split_policy_dynamics,7,9202.833249128378,2751.296731905303,14220.835112155435
static_threshold,split_policy_dynamics,8,17542.660029641906,12469.547738337764,22267.588275362785
static_threshold,split_policy_dynamics,9,26468.372599754704,18972.59953824063,31602.17968362489
static_threshold,split_policy_dynamics,10,44327.920340523764,36150.92965285978,51893.78526102589
static_threshold,split_policy_dynamics,11,66417.75613396276,59650.04393774064,74096.95744447382
static_threshold,split_policy_dynamics,12,93183.38982998567,86624.64915657767,99061.6537326327
static_threshold,split_policy_dynamics,13,119520.82117359927,111558.01800867017,125351.08990037144
static_threshold,split_policy_dynamics,14,143805.57679695034,134455.16329628488,150698.9817609193
static_threshold,split_policy_dynamics,15,162740.97699349836,154265.72141954818,168865.75776805886
static_threshold,split_policy_dynamics,16,189794.44999659123,182037.77822310475,196498.0669100868
static_threshold,split_policy_dynamics,17,212384.8909027923,203778.56302249295,217813.75198584868
static_threshold,split_policy_dynamics,18,234768.12275148064,223630.2362948812,245858.92060359375
static_threshold,split_policy_dynamics,19,250324.8092811882,237942.37759693424,265784.74753170274
static_threshold,split_policy_dynamics,20,273664.1467936262,260290.6313460609,291199.45184421213
static_threshold,split_policy_dynamics,21,296395.9019221147,282385.98558048665,313747.43490362307
static_threshold,split_policy_dynamics,22,314513.83090601064,298903.6443887852,335973.85412871354
static_threshold,split_policy_dynamics,23,335909.56050604495,318086.8804662814,358430.4867405719
static_threshold,split_policy_dynamics,24,361064.81487912236,342402.9361655005,380581.1774699532
static_threshold,split_policy_dynamics,25,566144.0175924808,547142.2826297401,586920.3956061729
